Date,Close,High,Low,Open,Volume,RSI,EMA20,EMA50,MACD,MACD_Signal,OBV
,TSLA,TSLA,TSLA,TSLA,TSLA,,,,,,
2010-06-29,1.5926669836044312,1.6666669845581055,1.1693329811096191,1.2666670083999634,281494500,,,,,,281494500
2010-06-30,1.5886670351028442,2.0280001163482666,1.553333044052124,1.7193330526351929,257806500,,,,,,23688000
2010-07-01,1.4639999866485596,1.7280000448226929,1.3513330221176147,1.6666669845581055,123282000,,,,,,-99594000
2010-07-02,1.2799999713897705,1.5399999618530273,1.24733304977417,1.5333329439163208,77097000,,,,,,-176691000
2010-07-06,1.0740000009536743,1.3333330154418945,1.0553330183029175,1.3333330154418945,103003500,,,,,,-279694500
2010-07-07,1.053333044052124,1.108667016029358,0.9986670017242432,1.0933330059051514,103825500,,,,,,-383520000
2010-07-08,1.1640000343322754,1.1679999828338623,1.0379999876022339,1.0759999752044678,115671000,,,,,,-267849000
2010-07-09,1.159999966621399,1.1933330297470093,1.1033329963684082,1.1720000505447388,60759000,,,,,,-328608000
2010-07-12,1.136667013168335,1.2046669721603394,1.1333329677581787,1.196666955947876,33037500,,,,,,-361645500
2010-07-13,1.2093329429626465,1.2426669597625732,1.1266670227050781,1.1593329906463623,40201500,,,,,,-321444000
2010-07-14,1.3226670026779175,1.3433330059051514,1.184000015258789,1.1959999799728394,62928000,,,,,,-258516000
2010-07-15,1.3259999752044678,1.4333330392837524,1.2666670083999634,1.329332947731018,56097000,,,,,,-202419000
2010-07-16,1.3760000467300415,1.4199999570846558,1.3366669416427612,1.3799999952316284,39319500,,,,,,-163099500
2010-07-19,1.4606670141220093,1.4833329916000366,1.3946670293807983,1.4246670007705688,37297500,55.142312669952624,,,,,-125802000
2010-07-20,1.3533329963684082,1.4566669464111328,1.3366669416427612,1.4566669464111328,27379500,46.53517516996844,,,,,-153181500
2010-07-21,1.3480000495910645,1.3933329582214355,1.2999999523162842,1.3773330450057983,18787500,46.14973451731813,,,,,-171969000
2010-07-22,1.399999976158142,1.4166669845581055,1.3580000400543213,1.3666670322418213,14367000,50.458615227599175,,,,,-157602000
2010-07-23,1.4193329811096191,1.4373329877853394,1.4040000438690186,1.4126670360565186,9804000,51.996524170386735,,,,,-147798000
2010-07-26,1.3966670036315918,1.4333330392837524,1.3533329963684082,1.4333330392837524,13833000,50.035423732332355,,,,,-161631000
2010-07-27,1.3700000047683716,1.4119999408721924,1.3506669998168945,1.3940000534057617,9295500,47.753429897782475,1.3757098292755656,,,,-170926500
2010-07-28,1.3813329935073853,1.3933329582214355,1.3673330545425415,1.3700000047683716,7008000,48.821691963690995,1.376245368726215,,,,-163918500
2010-07-29,1.3566670417785645,1.3919999599456787,1.3333330154418945,1.3846670389175415,9240000,46.58893767159744,1.3743807661597722,,,,-173158500
2010-07-30,1.329332947731018,1.3626669645309448,1.303333044052124,1.3466670513153076,6403500,44.177791190590575,1.3700904977379862,,,,-179562000
2010-08-02,1.3946670293807983,1.3980000019073486,1.3553329706192017,1.3666670322418213,10771500,50.740065862540085,1.3724311197992065,,,,-168790500
2010-08-03,1.463333010673523,1.463333010673523,1.3880000114440918,1.399999976158142,18457500,56.52470707709386,1.3810884427396175,,,,-150333000
2010-08-04,1.4173330068588257,1.4786670207977295,1.3899999856948853,1.463333010673523,13695000,52.10997468486941,1.384540305989066,,-0.006340564601335252,,-164028000
2010-08-05,1.363332986831665,1.4366669654846191,1.3366669416427612,1.4359999895095825,11943000,47.42709182480481,1.3825205613074087,,-0.007696853543434745,,-175971000
2010-08-06,1.305999994277954,1.343999981880188,1.301332950592041,1.340000033378601,11128500,43.00796284648219,1.3752328882569844,,-0.013245331709838215,,-187099500
2010-08-09,1.3066669702529907,1.3320000171661377,1.2966669797897339,1.3266669511795044,12190500,43.07441483005252,1.3687028008280326,,-0.017388279976563448,,-174909000
2010-08-10,1.2686669826507568,1.309999942779541,1.254667043685913,1.309999942779541,19219500,40.198589339964315,1.3591755800492444,,-0.023467360621309163,,-194128500
2010-08-11,1.1933330297470093,1.2586669921875,1.190000057220459,1.246000051498413,11964000,35.18354554813615,1.3433810514490316,,-0.03397228488377291,,-206092500
2010-08-12,1.1733330488204956,1.1933330297470093,1.1593329906463623,1.1866669654846191,10365000,33.97181467943335,1.3271860035796472,,-0.04341093017888631,,-216457500
2010-08-13,1.2213330268859863,1.2300000190734863,1.1773329973220825,1.2120000123977661,9510000,39.368887147976054,1.3171047677040604,,-0.04648211066209673,,-206947500
2010-08-16,1.2519999742507935,1.2533329725265503,1.2173329591751099,1.2300000190734863,7287000,42.597203815551985,1.3109043111847016,,-0.045912229363008095,-0.030797985614155348,-199660500
2010-08-17,1.2766669988632202,1.2933330535888672,1.2519999742507935,1.2640000581741333,6718500,45.128028467150415,1.307643614773132,,-0.04297478502155694,-0.03323334549563567,-192942000
2010-08-18,1.2513329982757568,1.305999994277954,1.2400000095367432,1.305999994277954,9019500,43.02972051857174,1.3022806989162392,,-0.042204573290684166,-0.03502759105464537,-201961500
2010-08-19,1.25266695022583,1.2833329439163208,1.222000002861023,1.2359999418258667,8686500,43.1795332613818,1.2975555799933431,,-0.04101375513183858,-0.036224823870084015,-193275000
2010-08-20,1.273332953453064,1.2740000486373901,1.2339999675750732,1.2433329820632935,4440000,45.56766541900765,1.2952486631799833,,-0.03796481466297141,-0.036572822028661495,-188835000
2010-08-23,1.3420000076293945,1.3593330383300781,1.2666670083999634,1.2726670503616333,16321500,52.68374121521167,1.2997011721751655,,-0.02966568245634016,-0.03519139411419723,-172513500
2010-08-24,1.2799999713897705,1.3140000104904175,1.2633329629898071,1.2833329439163208,10096500,46.74193478778898,1.2978248673384611,,-0.027771314730016483,-0.033707378237361085,-182610000
2010-08-25,1.3266669511795044,1.3320000171661377,1.237333059310913,1.2773330211639404,7549500,51.20298943377457,1.3005717324661796,,-0.022247919237789793,-0.03141548643744683,-175060500
2010-08-26,1.3166669607162476,1.3513330221176147,1.3066669702529907,1.3259999752044678,6507000,50.23201601513491,1.3021046113471384,,-0.018464655122854445,-0.02882532017452835,-181567500
2010-08-27,1.3133330345153809,1.324666976928711,1.2999999523162842,1.3166669607162476,5694000,49.89232283579114,1.303173984982209,,-0.01555609011295589,-0.02617147416221386,-187261500
2010-08-30,1.324666976928711,1.3459999561309814,1.307332992553711,1.3133330345153809,10992000,51.102917807546156,1.3052209365961616,,-0.012195890324502523,-0.023376357394671594,-176269500
2010-08-31,1.2986669540405273,1.3193329572677612,1.2886669635772705,1.3106670379638672,3016500,48.224588138791425,1.3045967477813392,,-0.011498346557398342,-0.021000755227216946,-179286000
2010-09-01,1.363332986831665,1.3793330192565918,1.3066669702529907,1.3079999685287476,7423500,55.01165360463001,1.3101906753099417,,-0.00566225869319581,-0.017933055920412718,-171862500
2010-09-02,1.4040000438690186,1.4160000085830688,1.3539999723434448,1.3580000400543213,7306500,58.67999736480169,1.3191249008869967,,0.002218797701318165,-0.013902685196066543,-164556000
2010-09-03,1.4033329486846924,1.4199999570846558,1.3773330450057983,1.391332983970642,6519000,58.595593041110206,1.3271447149629678,,0.00831491352047764,-0.009459165452757707,-171075000
2010-09-07,1.369333028793335,1.399999976158142,1.3666670322418213,1.3739999532699585,3651000,54.30800336511909,1.331162649613479,,0.010284071466998723,-0.005510518068806421,-174726000
2010-09-08,1.3933329582214355,1.3966670036315918,1.3733329772949219,1.3773330450057983,4326000,56.71566664802363,1.3370836313856653,1.361034850727637,0.013624185921164322,-0.0016835772708122727,-170400000
2010-09-09,1.380666971206665,1.4033329486846924,1.3793330192565918,1.399999976158142,5643000,55.066528384107855,1.341234425654332,1.361804737805246,0.015075431205487044,0.0016682244244475908,-176043000
2010-09-10,1.3446669578552246,1.3953330516815186,1.3173329830169678,1.3833329677581787,5799000,50.566024463067336,1.3415613334829886,1.3611326680032845,0.01316885101895271,0.003968349743348615,-181842000
2010-09-13,1.3813329935073853,1.3933329582214355,1.3666670322418213,1.3926670551300049,5412000,54.632896235955975,1.3453491106281692,1.3619248376308963,0.014449945158234057,0.006064668826325704,-176430000
2010-09-14,1.4079999923706055,1.440000057220459,1.3686670064926147,1.369333028793335,9820500,57.37921684590936,1.351315861270306,1.3637317064442183,0.017416261613617756,0.008334987383784114,-166609500
2010-09-15,1.4653329849243164,1.4666670560836792,1.3860000371932983,1.3986669778823853,10269000,62.618607789157736,1.3621746349516404,1.367716070306183,0.024115394862278317,0.011491068879482955,-156340500
2010-09-16,1.3960000276565552,1.5440000295639038,1.3893330097198486,1.476667046546936,40267500,53.97711374501515,1.365396100923537,1.3688252451042369,0.02355835002021367,0.0139045251076291,-196608000
2010-09-17,1.348667025566101,1.4213329553604126,1.3200000524520874,1.401332974433899,17977500,49.005064705386346,1.3638028556514001,1.3680347266909767,0.019077595632232658,0.014939139212549812,-214585500
2010-09-20,1.4040000438690186,1.4233330488204956,1.343999981880188,1.378000020980835,14212500,54.30422204210211,1.3676311592911734,1.3694451312861942,0.019763654530403407,0.015904042276120533,-200373000
2010-09-21,1.3846670389175415,1.4366669654846191,1.378000020980835,1.3926670551300049,11940000,52.26081161974425,1.3692536240174942,1.3700420688403647,0.01853370421767986,0.016429974664432398,-212313000
2010-09-22,1.324666976928711,1.3966670036315918,1.3200000524520874,1.391332983970642,14443500,46.422496642207925,1.3650072766757053,1.3682626534712803,0.012572527897004804,0.01565848531094688,-226756500
2010-09-23,1.3040000200271606,1.3426669836044312,1.2999999523162842,1.3259999752044678,10021500,44.57529169388932,1.3591970617567963,1.365742550198962,0.006110167802938937,0.013748821809345292,-236778000
2010-09-24,1.340000033378601,1.3459999561309814,1.309999942779541,1.3300000429153442,8683500,48.42507270179883,1.3573687733398254,1.3647330397354185,0.0038492295600911497,0.011768903359494464,-228094500
2010-09-27,1.3686670064926147,1.3873330354690552,1.3366669416427612,1.3600000143051147,6279000,51.324466404162145,1.3584447955448529,1.364887312941583,0.004320797401028198,0.010279282167801211,-221815500
2010-09-28,1.4266669750213623,1.4326670169830322,1.3839999437332153,1.4026670455932617,18217500,56.63609339803736,1.364942145971187,1.367310044787849,0.009267797644499698,0.010076985263140908,-203598000
2010-09-29,1.4653329849243164,1.4686670303344727,1.408666968345642,1.4126670360565186,29539500,59.78655648369643,1.3745031782524375,1.3711540816559458,0.016122504634982437,0.011286089137509215,-174058500
2010-09-30,1.3606669902801514,1.476667046546936,1.3459999561309814,1.4666670560836792,32937000,49.33736125406646,1.3731854460646007,1.3707428231706205,0.012959845244116863,0.011620840358830745,-206995500
2010-10-01,1.3733329772949219,1.3833329677581787,1.3539999723434448,1.3793330192565918,8965500,50.46560842501072,1.3731994966579646,1.3708443978421618,0.011344679782433253,0.011565608243551247,-198030000
2010-10-04,1.3993330001831055,1.4113329648971558,1.3533329963684082,1.3619999885559082,9654000,52.78979867382787,1.375688401755597,1.3719615979339637,0.01202402855672502,0.011657292306186002,-188376000
2010-10-05,1.4079999923706055,1.418666958808899,1.4006669521331787,1.409999966621399,4980000,53.57183286137013,1.3787656960998835,1.373374868304028,0.013110639895623333,0.01194796182407347,-183396000
2010-10-06,1.3639999628067017,1.4173330068588257,1.3546669483184814,1.4040000438690186,4701000,49.12301948980317,1.377359435786247,1.3730072249511918,0.01030259069569528,0.011618887598397833,-188097000
2010-10-07,1.3619999885559082,1.3760000467300415,1.3559999465942383,1.3713330030441284,2115000,48.92414136613571,1.3758966312881196,1.372575568621965,0.007825601602290178,0.010860230399176302,-190212000
2010-10-08,1.3619999885559082,1.3860000371932983,1.3593330383300781,1.3619999885559082,4017000,48.92414136613571,1.3745731415040994,1.3721608399919236,0.0057957599866331755,0.009847336316667676,-186195000
2010-10-11,1.3493330478668213,1.3799999952316284,1.3380000591278076,1.3626669645309448,2568000,47.51122995465387,1.3721693230624539,1.371265632457606,0.0031289114865005185,0.008503651350634245,-188763000
2010-10-12,1.3493330478668213,1.3519999980926514,1.335332989692688,1.3466670513153076,3660000,47.51122995465387,1.3699944397104888,1.3704055311011047,0.0010038431574905804,0.007003689712005512,-185103000
2010-10-13,1.369333028793335,1.3899999856948853,1.3573329448699951,1.3760000467300415,4773000,50.14759212454637,1.3699314481945695,1.3703634721870745,0.0009229038493272501,0.00578753253946986,-180330000
2010-10-14,1.3833329677581787,1.4019999504089355,1.3600000143051147,1.399999976158142,4422000,51.966312157613636,1.3712077833911036,1.3708720798565297,0.001965776686573495,0.005023181368890587,-175908000
2010-10-15,1.369333028793335,1.3933329582214355,1.350000023841858,1.3926670551300049,4270500,50.00182040367077,1.3710292353341733,1.370811724912875,0.0016436360383704773,0.004347272302786565,-180178500
2010-10-18,1.348667025566101,1.3760000467300415,1.3480000495910645,1.3680000305175781,2442000,47.1672705985956,1.3688995010705474,1.3699433053306487,-0.0002760543114068703,0.003422606979947878,-182620500
2010-10-19,1.3366669416427612,1.3606669902801514,1.3333330154418945,1.3466670513153076,3678000,45.5524564289322,1.3658297335059963,1.3686383498919081,-0.0027342109461552244,0.0021912433947272577,-186298500
2010-10-20,1.3766670227050781,1.3793330192565918,1.3359999656677246,1.343999981880188,4687500,51.511564343840995,1.3668618562868613,1.3689531998061502,-0.0014380683849766207,0.001465381038786482,-181611000
2010-10-21,1.3833329677581787,1.3966670036315918,1.363332986831665,1.3739999532699585,6256500,52.44563322489117,1.368430533569844,1.3695171122748573,0.0001255724678748127,0.0011974193246041482,-175354500
2010-10-22,1.3813329935073853,1.3953330516815186,1.3700000047683716,1.3786669969558716,2416500,52.121216947951154,1.3696593392781813,1.3699804801663291,0.0011896740793859717,0.001195870275560513,-177771000
2010-10-25,1.3899999856948853,1.3986669778823853,1.3819999694824219,1.3960000276565552,1777500,53.46461675518742,1.3715965436988198,1.3707655588145078,0.0027011983759615,0.0014969358956407105,-175993500
2010-10-26,1.4240000247955322,1.4579999446868896,1.3673330545425415,1.386667013168335,9913500,58.39624573176556,1.3765873514223161,1.3728531849314107,0.006566912002379244,0.0025109311169884173,-166080000
2010-10-27,1.399999976158142,1.425333023071289,1.3766670227050781,1.4166669845581055,5347500,54.04252914036374,1.3788171252066805,1.3739177649795178,0.0076062346160781225,0.0035299918168063583,-171427500
2010-10-28,1.4126670360565186,1.4333330392837524,1.397333025932312,1.4259999990463257,3363000,55.9108659991098,1.3820409262399984,1.3754373442374395,0.009344315691455662,0.0046928565917362195,-168064500
2010-10-29,1.4559999704360962,1.4566669464111328,1.4033329486846924,1.4093329906463623,4209000,61.65396708262056,1.3890846447348648,1.3785966629118966,0.014056330493709579,0.006565551372130891,-163855500
2010-11-01,1.4273329973220825,1.5166670083999634,1.420667052268982,1.4626669883728027,6837000,56.418175477994794,1.3927273449812665,1.3805078917122962,0.015301069814087409,0.008312655060522195,-170692500
2010-11-02,1.4166669845581055,1.4586670398712158,1.4033329486846924,1.4453330039978027,4837500,54.56159687051219,1.3950073106552512,1.3819258953533082,0.015251071741313016,0.00970033839668036,-175530000
2010-11-03,1.4513330459594727,1.5,1.4106669425964355,1.418666958808899,5589000,59.254688496646985,1.4003716663985104,1.3846477443966874,0.0178034818902022,0.011320967095384727,-169941000
2010-11-04,1.659999966621399,1.6886670589447021,1.476667046546936,1.5066670179367065,28110000,75.59473502538853,1.4250981711816426,1.3954458707584407,0.03624613898968265,0.016306001474244314,-141831000
2010-11-05,1.6293330192565918,1.664667010307312,1.581333041191101,1.6579999923706055,15165000,71.08300553389071,1.4445491090935425,1.404617915797584,0.04783608662553385,0.022612018504502222,-156996000
2010-11-08,1.6653330326080322,1.6666669845581055,1.6019999980926514,1.6333329677581787,7642500,73.11176516129666,1.4655761494282558,1.4148420380254447,0.059243185278517574,0.029938251859305293,-149353500
2010-11-09,1.6419999599456787,1.7126669883728027,1.6033329963684082,1.6666669845581055,14346000,69.69861387865024,1.4823784170965817,1.4237501918262383,0.0656439070845305,0.03707938290435033,-163699500
2010-11-10,1.957332968711853,1.9980000257492065,1.6033329963684082,1.6319999694824219,45907500,81.95743540261792,1.5276121839170838,1.4446750066060663,0.09506540883315817,0.048676588090111904,-117792000
2010-11-11,1.869333028793335,1.940000057220459,1.8220000267028809,1.9066669940948486,29179500,73.07280019128494,1.5601570262862505,1.461328262378116,0.1100131382571512,0.06094389812351977,-146971500
2010-11-12,1.9893330335617065,2.0333330631256104,1.8713330030441284,1.8833329677581787,40936500,76.7708160199621,1.6010309317410558,1.482034331836296,0.13004326125454102,0.07476377074972403,-106035000
2010-11-15,2.053333044052124,2.196000099182129,2.01466703414917,2.01466703414917,39343500,78.46914678988034,1.644107323389729,1.5044382029035834,0.14935981701806167,0.08968298000339156,-66691500
2010-11-16,1.9780000448226929,2.0933330059051514,1.8946670293807983,2.066667079925537,20214000,71.81358347371638,1.6759066301928685,1.5230092555278623,0.15678229447809544,0.10310284289833234,-86905500
2010-11-17,1.965999960899353,2.049999952316284,1.9073330163955688,2.0133330821990967,11250000,70.78366548004452,1.703534566450629,1.5403814400522344,0.15985366135485712,0.11445300658963731,-98155500
2010-11-18,1.9926669597625732,2.049333095550537,1.9279999732971191,2.0446670055389404,14341500,71.75314942705758,1.7310709848612904,1.5581181270996987,0.1625655907390744,0.12407552341952473,-83814000
2010-11-19,2.065999984741211,2.0913329124450684,1.9800000190734863,2.010667085647583,17257500,74.28061693751735,1.7629689848498542,1.5780350626934836,0.16868765033196698,0.13299794880201318,-66556500
2010-11-22,2.2266669273376465,2.2300000190734863,2.0999999046325684,2.1046669483184814,22945500,78.76394912831155,1.8071306936582154,1.6034716064050194,0.1843785055439835,0.14327406015040725,-43611000
2010-11-23,2.3046669960021973,2.378667116165161,2.1459999084472656,2.2193329334259033,23667000,80.53768147887054,1.8545151034052614,1.630969464820595,0.2007929587740005,0.15477783987512592,-19944000
2010-11-24,2.3646669387817383,2.3980000019073486,2.2886669635772705,2.351332902908325,21375000,81.79716881741207,1.9031009924887354,1.6597419147798556,0.21615136675401714,0.16705254525090416,1431000
2010-11-26,2.3546669483184814,2.4000000953674316,2.316667079925537,2.373332977294922,5259000,80.85797436152131,1.9461072739963303,1.6869938768794095,0.22492332400335435,0.1786267010013942,-3828000
2010-11-29,2.2886669635772705,2.396667003631592,2.2219998836517334,2.3606669902801514,17184000,74.75701499108297,1.9787320063373723,1.7105888998871688,0.2239677552705921,0.18769491185523376,-21012000
2010-11-30,2.355333089828491,2.355333089828491,2.2273330688476562,2.249332904815674,33339000,76.67172892337403,2.0145987761936692,1.7358729857672206,0.2259848467590313,0.19535289883599327,12327000
2010-12-01,2.2899999618530273,2.427999973297119,2.2300000190734863,2.3913331031799316,19488000,70.9888761691008,2.0408274605421797,1.7576034554176445,0.21977810370766826,0.20023793981032828,-7161000
2010-12-02,2.1566669940948486,2.2866671085357666,2.0799999237060547,2.2673330307006836,30105000,61.044718140554,2.051859797071005,1.7732530059540055,0.20177442891796904,0.20054523763185644,-37266000
2010-12-03,2.0993330478668213,2.1500000953674316,2.058000087738037,2.134000062942505,17401500,57.326039676428415,2.056381059051559,1.7860404585780376,0.18079591388314298,0.19659537288211376,-54667500
2010-12-06,2.02066707611084,2.0966670513153076,1.9706670045852661,2.0899999141693115,19116000,52.59211910735984,2.0529797273429193,1.7952415024028534,0.15602405491084315,0.18848110928785966,-73783500
2010-12-07,2.1040000915527344,2.1600000858306885,2.00333309173584,2.0326669216156006,19669500,56.673760894913165,2.057838809648616,1.8073496823695154,0.14148549934203203,0.17908198729869415,-54114000
2010-12-08,2.1579999923706055,2.1659998893737793,2.101332902908325,2.1653330326080322,9900000,59.129353945329555,2.067377969907853,1.8211006749185779,0.1327902071600069,0.1698236312709567,-44214000
2010-12-09,2.136667013168335,2.181333065032959,2.109999895095825,2.167332887649536,6090000,57.73714650329284,2.0739769264088515,1.8334758254381762,0.12276260147236995,0.16041142531123936,-50304000
2010-12-10,2.101332902908325,2.194667100906372,2.0753331184387207,2.136667013168335,6441000,55.41003817833207,2.0765822575040396,1.8439800245546527,0.11068853578214233,0.15046684740541996,-56745000
2010-12-13,2.0366671085357666,2.118000030517578,2.0266671180725098,2.109333038330078,6156000,51.33231904676013,2.0727808147451565,1.8515363807892062,0.09480886498335916,0.13933525092100782,-62901000
2010-12-14,1.9019999504089355,2.0260000228881836,1.8506669998168945,2.0193328857421875,26485500,44.06039969582217,2.056515970522659,1.8535153443037056,0.07054440527637906,0.12557708179208207,-89386500
2010-12-15,1.9733330011367798,1.9980000257492065,1.9019999504089355,1.9113329648971558,11143500,48.24295264456328,2.0485937829620995,1.8582140759442183,0.05642024966342918,0.1117457153663515,-78243000
2010-12-16,2.053999900817871,2.060667037963867,1.976667046546936,2.0,11851500,52.562453448207215,2.0491086513293157,1.8658919514294596,0.05114631632683553,0.09962583555844831,-66391500
2010-12-17,2.0906670093536377,2.1026670932769775,2.047333002090454,2.0893330574035645,12195000,54.42438036405378,2.053066590188775,1.874706659583349,0.049356464777350784,0.08957196140222881,-54196500
2010-12-20,2.113332986831665,2.1459999084472656,2.0840001106262207,2.109333038330078,7851000,55.5849026927436,2.0588062470119075,1.8840645547695576,0.049199804760732935,0.08149753007392964,-46345500
2010-12-21,2.1506669521331787,2.179332971572876,2.114000082015991,2.119999885559082,11665500,57.50436501586947,2.0675548855948858,1.8945195507446015,0.05149459195397954,0.07549694244993962,-34680000
2010-12-22,2.175333023071289,2.190666913986206,2.113332986831665,2.1500000953674316,12499500,58.772078060027376,2.077819470116448,1.9055318437770208,0.05467333296991672,0.07133222055393505,-22180500
2010-12-23,2.00600004196167,2.1653330326080322,1.9946670532226562,2.0840001106262207,23289000,48.15220998726265,2.0709795245778975,1.9094717731175954,0.043032697575140944,0.06567231595817623,-45469500
2010-12-27,1.7033330202102661,1.9053330421447754,1.670667052268982,1.8680000305175781,139528500,35.72595726813135,2.0359655717809804,1.9013879004545629,0.00927776272356473,0.05439340531125393,-184998000
2010-12-28,1.7606669664382935,1.7833329439163208,1.6666669845581055,1.7233330011367798,60844500,38.94042555584132,2.009746656986439,1.895869432453925,-0.012700492663024754,0.0409746257163982,-124153500
2010-12-29,1.848667025566101,1.8673330545425415,1.7666670083999634,1.8020000457763672,49788000,43.60259905175816,1.9944057397083115,1.8940183576740104,-0.022755240825649947,0.02822865240798857,-74365500
2010-12-30,1.7666670083999634,1.8600000143051147,1.7586669921875,1.8466670513153076,30616500,40.499471172944375,1.972716336726564,1.889024187114244,-0.03691488544693544,0.015199944837003768,-104982000
2010-12-31,1.775333046913147,1.8166669607162476,1.7666670083999634,1.7713329792022705,21268500,40.97754603969051,1.9539179281729053,1.8845657110279264,-0.046896633739518245,0.0027806291216993665,-83713500
2011-01-03,1.7746670246124268,1.7999999523162842,1.726667046546936,1.7893329858779907,19245000,40.950313687218376,1.9368464135480978,1.8802559586194754,-0.05423578721508049,-0.008622654145656605,-102958500
2011-01-04,1.777999997138977,1.7966669797897339,1.7346669435501099,1.7773330211639404,17811000,41.16104632333432,1.9217181834138959,1.8762459209143578,-0.05910188643495484,-0.018718500603516253,-85147500
2011-01-05,1.7886669635772705,1.7933330535888672,1.746000051498413,1.7653330564498901,21700500,41.87597670204358,1.9090466386675506,1.872811451999178,-0.06138990546473666,-0.027252781575760335,-63447000
2011-01-06,1.858667016029358,1.8666670322418213,1.7873330116271973,1.7886669635772705,30918000,46.472387179583265,1.9042485793686752,1.8722567682356557,-0.056898863136168654,-0.033181997887842,-32529000
2011-01-07,1.8826669454574585,1.9053330421447754,1.8600000143051147,1.8666670322418213,33718500,47.99096895335539,1.9021931856628451,1.872665010479648,-0.05081729585158823,-0.03670905748059125,1189500
2011-01-10,1.8966670036315918,1.9119999408721924,1.8700000047683716,1.878000020980835,20140500,48.90166121846922,1.9016668826122496,1.8736062651130576,-0.04435660691842114,-0.03823856736815723,21330000
2011-01-11,1.797333002090454,1.9140000343322754,1.7946670055389404,1.906000018119812,25653000,43.13088739999178,1.8917303225625548,1.8706151567592302,-0.04671340509180344,-0.039933534912886474,-4323000
2011-01-12,1.797333002090454,1.8266669511795044,1.7680000066757202,1.8006670475006104,14466000,43.130887399991785,1.8827401015652119,1.8677413467722195,-0.048027552890415715,-0.04155233850839232,10143000
2011-01-13,1.7480000257492065,1.7979999780654907,1.74399995803833,1.797333002090454,10854000,40.38584907648829,1.869907713392259,1.8630456086928857,-0.052445227450562903,-0.04373091629682644,-711000
2011-01-14,1.7166670560836792,1.7719999551773071,1.707332968711853,1.7433329820632935,17880000,38.701111062524795,1.8553133650771563,1.8573052732964463,-0.05780819823367689,-0.046546372684196535,-18591000
2011-01-18,1.7093329429626465,1.7093329429626465,1.649999976158142,1.698667049407959,24325500,38.29838076837622,1.8414104677329173,1.851502436812768,-0.06193623054082953,-0.04962434425552314,-42916500
2011-01-19,1.6019999980926514,1.6979999542236328,1.5833330154418945,1.6846669912338257,35572500,32.9022059938504,1.8186094706243205,1.8417180274511948,-0.07302679013816138,-0.05430483343205079,-78489000
2011-01-20,1.5080000162124634,1.6299999952316284,1.4913330078125,1.6019999980926514,34198500,29.042776310474608,1.7890276178231912,1.8286310466183036,-0.08838233492835768,-0.06112033373131217,-112687500
2011-01-21,1.5360000133514404,1.5726670026779175,1.5140000581741333,1.5413329601287842,18255000,31.615942759762802,1.7649297507306436,1.8171553198235246,-0.09717220831211604,-0.06833070864747295,-94432500
2011-01-24,1.6326669454574585,1.6540000438690186,1.5486669540405273,1.5686670541763306,24676500,39.740528330685756,1.7523332930855784,1.8099204816130907,-0.0952401634355251,-0.07371259960508339,-69756000
2011-01-25,1.6453330516815186,1.6593329906463623,1.6013330221176147,1.6433329582214355,19072500,40.734104300069944,1.7421427939042393,1.8034660725961664,-0.091630693438151,-0.07729621837169692,-50683500
2011-01-26,1.649999976158142,1.658666968345642,1.6066670417785645,1.647333025932312,16198500,41.119334917478305,1.7333672874522301,1.7974477943044793,-0.08738624640574089,-0.07931422397850572,-34485000
2011-01-27,1.6613329648971558,1.6720000505447388,1.6353329420089722,1.6493330001831055,13435500,42.10349703598763,1.7265068757803184,1.7921099578571333,-0.08216091419996285,-0.07988356202279716,-21049500
2011-01-28,1.6006669998168945,1.658666968345642,1.5833330154418945,1.658666968345642,15726000,38.40312150139794,1.7145221256885637,1.7846023908751631,-0.08197013644742279,-0.0803008769077223,-36775500
2011-01-31,1.6066670417785645,1.6080000400543213,1.5666669607162476,1.6033329963684082,12454500,38.974381327193946,1.7042502129352304,1.7776245340478456,-0.08040789826319239,-0.08032228117881632,-24321000
2011-02-01,1.593999981880188,1.6486669778823853,1.5693329572677612,1.6206669807434082,10617000,38.1695620399448,1.6937501909299884,1.7704235712177414,-0.07927807086558092,-0.08011343911616925,-34938000
2011-02-02,1.5959999561309814,1.6119999885559082,1.5779999494552612,1.6106669902801514,8542500,38.38589989470439,1.6844406447586544,1.7635834294496333,-0.07732988255553064,-0.07955672780404154,-26395500
2011-02-03,1.5753329992294312,1.5933330059051514,1.5433330535888672,1.5880000591278076,7680000,36.94726909877083,1.674049440422538,1.7562010596370765,-0.07657091810469696,-0.07895956586417262,-34075500
2011-02-04,1.5640000104904175,1.5779999494552612,1.5479999780654907,1.5626670122146606,8160000,36.14724073481209,1.6635685423337645,1.7486637635921096,-0.07600774086337037,-0.07836920086401217,-42235500
2011-02-07,1.5379999876022339,1.5506670475006104,1.525333046913147,1.5506670475006104,13426500,34.31163899272944,1.651609632359333,1.7404024390434871,-0.07677439595183433,-0.07805023988157661,-55662000
2011-02-08,1.6326669454574585,1.6833330392837524,1.5333329439163208,1.585332989692688,52573500,45.21948074211497,1.6498055669401068,1.736177517726388,-0.06894834964292818,-0.07622986183384693,-3088500
2011-02-09,1.547333002090454,1.6119999885559082,1.519333004951477,1.608667016029358,39534000,38.942107753729374,1.6400462750496636,1.7287718504465475,-0.06883836183881198,-0.07475156183483994,-42622500
2011-02-10,1.5479999780654907,1.5759999752044678,1.5206669569015503,1.5506670475006104,12541500,39.013370090146914,1.631279961051171,1.7216827574119962,-0.06791450024112478,-0.07338414951609691,-30081000
2011-02-11,1.5499999523162842,1.5833330154418945,1.5293329954147339,1.5499999523162842,9517500,39.242360890973174,1.6235390078383247,1.714950098388635,-0.06625718052787488,-0.0719587557184525,-20563500
2011-02-14,1.5386669635772705,1.6093330383300781,1.536666989326477,1.5759999752044678,19246500,38.363329411552876,1.6154559560039385,1.7080370342783855,-0.06510769916444792,-0.0705885444076516,-39810000
2011-02-15,1.5226670503616333,1.5446670055389404,1.503999948501587,1.534000039100647,14305500,37.099818663234316,1.606618917371338,1.7007676231443953,-0.06474148662438428,-0.06941913285099814,-54115500
2011-02-16,1.6486669778823853,1.664667010307312,1.5379999876022339,1.5399999618530273,61726500,50.83306319585697,1.6106234945628664,1.6987244605851008,-0.05366549697881151,-0.06626840567656082,7611000
2011-02-17,1.5733330249786377,1.6993329524993896,1.5700000524520874,1.6419999599456787,39276000,44.567695314993315,1.6070720212691303,1.6938071493848474,-0.05038570079891724,-0.0630918647010321,-31665000
2011-02-18,1.5453330278396606,1.565999984741211,1.5306669473648071,1.5553330183029175,35560500,42.472336687749504,1.6011921171329904,1.687984634814448,-0.0494754819021217,-0.060368588141250026,-67225500
2011-02-22,1.4579999446868896,1.5333329439163208,1.4520000219345093,1.525333046913147,30969000,36.679778772648156,1.587554767376219,1.6789656273584654,-0.0551652659592452,-0.059327923704849066,-98194500
2011-02-23,1.4553329944610596,1.5,1.4073330163955688,1.4786670207977295,24084000,36.51599601399878,1.574962217574775,1.6701957201860183,-0.059207158147835504,-0.05930377059344635,-122278500
2011-02-24,1.5019999742507935,1.5053329467773438,1.4333330392837524,1.4520000219345093,15829500,41.443176299192515,1.5680134324963007,1.6635998085807153,-0.05797643531352925,-0.059038303537462936,-106449000
2011-02-25,1.5740000009536743,1.590000033378601,1.512666940689087,1.5206669569015503,20194500,48.131884613283134,1.5685835818731935,1.660086090634557,-0.05060790178541219,-0.05735222318705279,-86254500
2011-02-28,1.5926669836044312,1.6066670417785645,1.5666669607162476,1.5826669931411743,15768000,49.73497066779099,1.5708772391809305,1.657442204084356,-0.04276900195180833,-0.0544355789400039,-70486500
2011-03-01,1.5959999561309814,1.6213330030441284,1.5800000429153442,1.6033329963684082,16596000,50.031926097361556,1.573269878890459,1.6550327041646158,-0.035874139579182396,-0.0507232910678396,-53890500
2011-03-02,1.6013330221176147,1.6186670064926147,1.5820000171661377,1.5880000591278076,9949500,50.535483523493355,1.5759425591978073,1.6529268342804198,-0.029637930011049418,-0.04650621885648157,-43941000
2011-03-03,1.6239999532699585,1.6526670455932617,1.6039999723434448,1.6319999694824219,9603000,52.71653608687941,1.5805194538713456,1.6517924467898135,-0.022606068405504276,-0.04172618876628611,-34338000
2011-03-04,1.6633330583572388,1.6660000085830688,1.585332989692688,1.6319999694824219,23701500,56.31605458764481,1.5884064638223832,1.6522450197924576,-0.013701472514932256,-0.03612124551601534,-10636500
2011-03-07,1.6626670360565186,1.6933330297470093,1.6466670036315918,1.6619999408721924,30504000,56.23798532070897,1.5954788992732531,1.6526537263126169,-0.00662192512021198,-0.03022138143685467,-41140500
2011-03-08,1.6440000534057617,1.6640000343322754,1.600000023841858,1.6399999856948853,20998500,53.97935273783841,1.6000999615715872,1.6523143665907793,-0.0024889116734660988,-0.024674887484176955,-62139000
2011-03-09,1.6480000019073486,1.6660000085830688,1.6180000305175781,1.6440000534057617,13872000,54.4019503718788,1.604661870174993,1.65214517581888,0.0010966521515862748,-0.019520579557024312,-48267000
2011-03-10,1.6006669998168945,1.6326669454574585,1.5820000171661377,1.6293330192565918,15255000,48.7026533026913,1.6042814063313646,1.6501264238188023,0.00011750509959296274,-0.015592962625700858,-63522000
2011-03-11,1.6046669483184814,1.6166670322418213,1.5686670541763306,1.590000033378601,13962000,49.187110872619954,1.604318124615852,1.648343699289378,-0.00033188778260662133,-0.012540747657082012,-49560000
2011-03-14,1.5499999523162842,1.600000023841858,1.5466669797897339,1.5880000591278076,17490000,43.18445094675752,1.5991449653492265,1.6444870817610215,-0.0050410939921110565,-0.011040816924087822,-67050000
2011-03-15,1.5299999713897705,1.5306669473648071,1.4533330202102661,1.4800000190734863,19782000,41.20331778057102,1.5925597278292782,1.6399973911582275,-0.010268634725978831,-0.010886380484466024,-86832000
2011-03-16,1.5213329792022705,1.5499999523162842,1.512666940689087,1.5240000486373901,17545500,40.33965938310064,1.5857762279600394,1.6353438848070136,-0.014938648811904098,-0.01169683414995364,-104377500
2011-03-17,1.5206669569015503,1.562000036239624,1.5093330144882202,1.5493329763412476,13839000,40.269804883325826,1.579575345002088,1.6308467503793485,-0.018480380728718826,-0.013053543465706677,-118216500
2011-03-18,1.5306669473648071,1.5460000038146973,1.5006669759750366,1.5460000038146973,10318500,41.89669599798899,1.574917402369966,1.626918130653288,-0.020246919250764384,-0.01449221862271822,-107898000
2011-03-21,1.5153330564498901,1.536666989326477,1.50266695022583,1.536666989326477,6175500,40.09336865378825,1.56924270275853,1.6225422453904097,-0.022623441650129417,-0.01611846322820046,-114073500
2011-03-22,1.4793330430984497,1.5240000486373901,1.4666670560836792,1.5153330564498901,8743500,36.15841882650527,1.5606798780289985,1.6169261982417054,-0.027099368336924945,-0.01831464424994536,-122817000
2011-03-23,1.480666995048523,1.4846669435501099,1.4513330459594727,1.4739999771118164,6342000,36.407473639217585,1.5530596034594295,1.611582700077267,-0.030190911672876464,-0.020689897734531584,-116475000
2011-03-24,1.4886670112609863,1.4919999837875366,1.4653329849243164,1.4759999513626099,6933000,37.97035483109568,1.5469269756310065,1.6067624769864324,-0.03163082710520193,-0.022878083608665653,-109542000
2011-03-25,1.5166670083999634,1.5333329439163208,1.4933329820632935,1.495332956314087,8520000,43.22927003069818,1.5440450739899547,1.6032293213555906,-0.030164882705137286,-0.02433544342795998,-101022000
2011-03-28,1.5499999523162842,1.5693329572677612,1.5033329725265503,1.5133329629898071,15871500,48.79485525202867,1.544612205259129,1.601141895118755,-0.02601355315956666,-0.02467106537428132,-85150500
2011-03-29,1.5946669578552246,1.600000023841858,1.547333002090454,1.553333044052124,11331000,55.14130498098322,1.549379324553995,1.6008879760103814,-0.01890145631409501,-0.02351714356224406,-73819500
2011-03-30,1.5806670188903809,1.6326669454574585,1.534000039100647,1.6073329448699951,18349500,52.92709261762939,1.5523591049669843,1.600094997299793,-0.01423070370228463,-0.021659855590252176,-92169000
2011-03-31,1.850000023841858,1.9140000343322754,1.7666670083999634,1.7699999809265137,172767000,74.30429548162543,1.5807058591455436,1.6098951944190898,0.01107614507748278,-0.015112655456705185,80598000
2011-04-01,1.7773330211639404,1.8786669969558716,1.7713329792022705,1.8300000429153442,42972000,65.64268680886025,1.599432255528248,1.6164613837032016,0.024980426442566595,-0.007094039076850829,37626000
2011-04-04,1.722000002861023,1.7999999523162842,1.6820000410079956,1.7886669635772705,39139500,59.91532818868155,1.6111053743218458,1.6206001530819396,0.031175387004236388,0.0005598461393666138,-1513500
2011-04-05,1.7799999713897705,1.7999999523162842,1.7126669883728027,1.726667046546936,47713500,63.50932740106774,1.6271905740426005,1.6268511263489134,0.04030049163457017,0.008507975238407324,46200000
2011-04-06,1.7660000324249268,1.8006670475006104,1.7200000286102295,1.7993329763412476,19324500,62.0628409669692,1.640410522459965,1.6323079461950316,0.045873721024279224,0.015981124395581706,26875500
2011-04-07,1.815999984741211,1.8626669645309448,1.7633329629898071,1.7899999618530273,42154500,65.11846923056683,1.6571333283915122,1.639511555549784,0.05370603402407648,0.02352610632128066,69030000
2011-04-08,1.7660000324249268,1.840000033378601,1.7573330402374268,1.8386670351028442,29196000,59.92091716096862,1.667501585918504,1.64447188797626,0.055241826827472584,0.029869250422519047,39834000
2011-04-11,1.6846669912338257,1.7686669826507568,1.6679999828338623,1.76466703414917,20541000,52.57039767578241,1.669136386424725,1.6460481665353803,0.04932744095930497,0.033760888529876236,19293000
2011-04-12,1.6433329582214355,1.6806670427322388,1.6200000047683716,1.6720000505447388,20361000,49.263003756046665,1.6666789170720309,1.6459416877779707,0.0408342249993896,0.03517555582377891,-1068000
2011-04-13,1.6619999408721924,1.7126669883728027,1.6540000438690186,1.675333023071289,18172500,50.76937169947655,1.6662333002910938,1.6465714231934303,0.035203752706645774,0.03518119520035228,17104500
2011-04-14,1.6759999990463257,1.685333013534546,1.613332986831665,1.6579999923706055,14751000,51.92226913848479,1.6671634620773064,1.6477254849915832,0.03150804540620311,0.034446565241522446,31855500
2011-04-15,1.7053329944610596,1.745332956314087,1.694000005722046,1.7100000381469727,14152500,54.33521707279152,1.6707986556376637,1.649984603009994,0.03059343623915467,0.033675939441048894,46008000
2011-04-18,1.668666958808899,1.7079999446868896,1.6239999532699585,1.675333023071289,15508500,50.896591316498096,1.6705956368920671,1.6507172444138727,0.026603293036432607,0.03226141016012564,30499500
2011-04-19,1.6773329973220825,1.684000015258789,1.6433329582214355,1.684000015258789,8230500,51.675015942333324,1.6712372902663544,1.651760999429881,0.0238652489494664,0.030582177917993794,38730000
2011-04-20,1.7166670560836792,1.7393330335617065,1.6866669654846191,1.713333010673523,12558000,55.150351916428555,1.6755639346299092,1.6543063349849318,0.024585848737532112,0.02938291208190146,51288000
2011-04-21,1.7826670408248901,1.7986669540405273,1.7059999704360962,1.7233330011367798,20791500,60.308379528859305,1.6857642304580025,1.6593400881551263,0.030135196656397856,0.02953336899680074,72079500
2011-04-25,1.7593330144882202,1.781999945640564,1.7313330173492432,1.7799999713897705,12013500,57.77837957834345,1.6927707813180233,1.663261379383875,0.03227815151006097,0.030082325499452788,60066000
2011-04-26,1.7953330278396606,1.8166669607162476,1.753999948501587,1.7773330211639404,21000000,60.529520976656315,1.702538614320084,1.6684406597154746,0.03646105849740411,0.03135807209904305,81066000
2011-04-27,1.8053330183029175,1.8240000009536743,1.775333046913147,1.7953330278396606,14953500,61.284175423927664,1.7123285575565443,1.6738089875032176,0.04012047422532716,0.033110552524299876,96019500
2011-04-28,1.843999981880188,1.8459999561309814,1.7813329696655273,1.8046669960021973,24000000,64.1392671534685,1.7248686932064152,1.6804831441454517,0.0456148685513702,0.03561141572971394,120019500
2011-04-29,1.840000033378601,1.8580000400543213,1.8279999494552612,1.8459999561309814,10890000,63.616628870805165,1.7358335827466234,1.6867387084291048,0.049080681677899696,0.0383052689193511,109129500
2011-05-02,1.8300000429153442,1.8533329963684082,1.8040000200271606,1.840000033378601,11769000,62.250936192313034,1.7448018170484063,1.6923567999775848,0.050439018287907755,0.04073201879306243,97360500
2011-05-03,1.7913329601287842,1.8259999752044678,1.7666670083999634,1.8253329992294312,13708500,57.1427148713856,1.7492333544846328,1.69623821802273,0.04784388488784197,0.042154392012018344,83652000
2011-05-04,1.7793329954147339,1.7999999523162842,1.7166670560836792,1.7853330373764038,15667500,55.61740601476628,1.7520999869541662,1.699496836743985,0.04430816911415869,0.042585147432446416,67984500
2011-05-05,1.762666940689087,1.829332947731018,1.7446670532226562,1.8133330345153809,18277500,53.48218146974633,1.7531063635003492,1.7019740957222245,0.03970359918100308,0.04200883778215775,49707000
2011-05-06,1.8079999685287476,1.8466670513153076,1.7746670246124268,1.7933330535888672,14725500,58.184740215836,1.7583343258840063,1.7061319730871862,0.039259877389460796,0.04145904570361836,64432500
2011-05-09,1.8606669902801514,1.8666670322418213,1.7899999618530273,1.7999999523162842,13746000,62.87973077719497,1.7680802939217344,1.7121921698398517,0.04266618396156141,0.04170047335520697,78178500
2011-05-10,1.8886669874191284,1.9299999475479126,1.8606669902801514,1.8826669454574585,23029500,65.12184307931517,1.7795647409214863,1.719112750921392,0.04708233635863479,0.04277684595589253,101208000
2011-05-11,1.8046669960021973,1.886667013168335,1.7946670055389404,1.8799999952316284,14437500,54.48876204994042,1.781955431881554,1.7224678193559333,0.04330487996002108,0.042882452756718245,86770500
2011-05-12,1.8446669578552246,1.8493330478668213,1.7766669988632202,1.8046669960021973,9420000,58.00512541996604,1.7879279581647607,1.727259942434337,0.04304271159086426,0.04291450452354745,96190500
2011-05-13,1.8366669416427612,1.8793330192565918,1.8200000524520874,1.8666670322418213,9922500,57.05563709073921,1.7925697661150464,1.73155041299153,0.04170861585915331,0.04267332679066862,86268000
2011-05-16,1.773332953453064,1.8660000562667847,1.7699999809265137,1.8660000562667847,11335500,50.06822850231362,1.790737688718667,1.7331889439900217,0.03513578834072395,0.041165819100679686,74932500
2011-05-17,1.730666995048523,1.7999999523162842,1.7146669626235962,1.7999999523162842,18513000,45.98275912687514,1.7850166702738914,1.7330900440315316,0.026182177069333346,0.03816909069441042,56419500
2011-05-18,1.7566670179367065,1.76466703414917,1.7013330459594727,1.7400000095367432,10942500,48.728338678327795,1.7823167033846357,1.7340146312434992,0.020942942975200607,0.03472386115056846,67362000
2011-05-19,1.8799999952316284,1.8960000276565552,1.773332953453064,1.8020000457763672,39826500,59.29696603908196,1.7916198740367302,1.739739547478328,0.02643799202497399,0.03306668732544957,107188500
2011-05-20,1.8646670579910278,1.8853329420089722,1.8233330249786377,1.8839999437332153,12637500,57.70445887712859,1.7985767486990443,1.7446386655376496,0.029218801933381222,0.0322971102470359,94551000
2011-05-23,1.7879999876022339,1.841333031654358,1.7746670246124268,1.841333031654358,12954000,50.41380336823046,1.7975694381183958,1.7463391095401823,0.024948629700310754,0.030827414137690873,81597000
2011-05-24,1.7813329696655273,1.8333330154418945,1.773332953453064,1.801332950592041,9205500,49.82427376123593,1.7960231077895512,1.747711417780392,0.020786896409360933,0.028819310592024888,72391500
2011-05-25,1.9320000410079956,1.934000015258789,1.7446670532226562,1.7933330535888672,70396500,60.940437567592156,1.8089732919055934,1.7549384226128473,0.029308417084404903,0.028917131890500894,142788000
2011-05-26,1.9653329849243164,1.9839999675750732,1.8733329772949219,1.9213329553604126,50053500,62.89878357984068,1.82386469124071,1.7631891897623166,0.03830986137772818,0.030795677787946354,192841500
2011-05-27,1.9700000286102295,1.9780000448226929,1.9213329553604126,1.9693330526351929,25306500,63.177159851996436,1.8377823424187594,1.7712994187367446,0.045297995162225435,0.033696141262802175,218148000
2011-05-31,2.0093328952789307,2.018666982650757,1.9700000286102295,1.9793330430984497,49357500,65.52488983145804,1.8541204903102042,1.7806340648756538,0.05339447686254317,0.03763580838275038,267505500
2011-06-01,1.901332974433899,2.006666898727417,1.8919999599456787,2.0,22948500,55.130976953296944,1.8586169173696037,1.7853673554465654,0.05051401183825899,0.0402114490738521,244557000
2011-06-02,1.9173330068588257,1.9546669721603394,1.9006669521331787,1.901332974433899,14794500,56.238485845867,1.8642089258923866,1.79054247903136,0.04895793485497357,0.041960746230076396,259351500
2011-06-03,2.0086669921875,2.0999999046325684,1.9666670560836792,1.9966670274734497,93138000,62.00396166006892,1.8779668369681117,1.7990963815080714,0.05446676300135378,0.044461949584331875,352489500
2011-06-06,1.9133330583572388,2.0086669921875,1.8839999437332153,2.006666898727417,34966500,54.00591502395271,1.881335048528981,1.803576251188431,0.05055710642301148,0.045680980952067796,317523000
2011-06-07,1.891332983970642,1.9593329429626465,1.8839999437332153,1.929332971572876,18331500,52.32841179223685,1.8822872328567584,1.8070176916896943,0.04516284412226823,0.045577353586107885,299191500
2011-06-08,1.8079999685287476,1.9066669940948486,1.801332950592041,1.8960000276565552,25438500,46.44368458958567,1.8752122553017097,1.8070562123500493,0.033774245998146935,0.0432167320685157,273753000
2011-06-09,1.841333031654358,1.8733329772949219,1.8066669702529907,1.8286670446395874,24048000,48.91824142130953,1.8719856625733904,1.8084004013423751,0.027125711238577654,0.03999852790252809,297801000
2011-06-10,1.8573329448699951,1.886667013168335,1.8233330249786377,1.8346669673919678,23499000,50.109836644141666,1.8705901656492576,1.810319324617968,0.02288396669784265,0.03657561566159101,321300000
2011-06-13,1.8953330516815186,1.925333023071289,1.858667016029358,1.8713330030441284,25701000,52.91889910652937,1.8729466309856635,1.813653196267519,0.022331224177128073,0.033726737364698424,347001000
2011-06-14,1.9066669940948486,1.9800000190734863,1.901332974433899,1.9026670455932617,23601000,53.755252362287074,1.8761580941389193,1.8173007961823164,0.022547809070769587,0.03149095170591266,370602000
2011-06-15,1.8213330507278442,1.8966670036315918,1.8046669960021973,1.8960000276565552,20175000,46.98741120092807,1.8709366614331027,1.8174589238115528,0.01565327686333995,0.02832341673739812,350427000
2011-06-16,1.7666670083999634,1.8666670322418213,1.715999960899353,1.8446669578552246,27633000,43.232337450988645,1.8610062182870895,1.8154670839914906,0.005712369029501785,0.023801207195818852,322794000
2011-06-17,1.7666670083999634,1.8466670513153076,1.7426669597625732,1.7913329601287842,25710000,43.232337450988645,1.8520215316311728,1.813553355536921,-0.002141189746633465,0.01861272780732839,348504000
2011-06-20,1.7339999675750732,1.7640000581741333,1.7000000476837158,1.75266695022583,23067000,40.96353882800845,1.840781382673449,1.8104336148325348,-0.010875779625686421,0.01271502632072543,325437000
2011-06-21,1.835332989692688,1.848667025566101,1.7333329916000366,1.7493330240249634,22440000,49.769566434824135,1.8402624881038527,1.8114100609054822,-0.009511632842049922,0.00826969448817036,347877000
2011-06-22,1.8140000104904175,1.8833329677581787,1.8066669702529907,1.824666976928711,22134000,48.1415274877043,1.8377612997597161,1.8115116275558718,-0.010036238314401258,0.004608507927656036,325743000
2011-06-23,1.8473329544067383,1.8480000495910645,1.74733304977417,1.8133330345153809,17550000,50.847086689985126,1.8386728859165753,1.8129163854715922,-0.007673842650532503,0.002152037812018328,343293000
2011-06-24,1.8380000591278076,1.8646670579910278,1.8173329830169678,1.8426669836044312,54127500,50.059584150226264,1.838608807174788,1.8139000589483065,-0.00648001612530158,0.00042562702455434633,289165500
2011-06-27,1.8306670188903809,1.8853329420089722,1.820667028427124,1.848667025566101,27141000,49.412037576368206,1.8378524463857968,1.8145575867891723,-0.006055807486293752,-0.0008706598776152733,262024500
2011-06-28,1.8739999532699585,1.8833329677581787,1.8446669578552246,1.852666974067688,13338000,53.259675609739084,1.8412950660890504,1.8168886599844973,-0.0021976799412781745,-0.0011360638903478535,275362500
2011-06-29,1.8860000371932983,1.9393329620361328,1.8713330030441284,1.899999976158142,21927000,54.296364948768364,1.845552682384693,1.819598910071117,0.0018073859974623296,-0.0005473739127858169,297289500
2011-06-30,1.9420000314712524,1.9553329944610596,1.8933329582214355,1.899999976158142,14200500,58.87988953802721,1.8547381442024606,1.824398954047593,0.009391897191042053,0.0014404803079797574,311490000
2011-07-01,1.9346669912338257,1.9733330011367798,1.9199999570846558,1.937999963760376,12823500,58.0587867116609,1.862350415348305,1.8287231907999941,0.014642176002501506,0.004080819446884107,298666500
2011-07-05,1.942667007446289,1.968000054359436,1.9140000343322754,1.9346669912338257,14940000,58.734877749440756,1.869999614595732,1.8331915757665156,0.01922695783466777,0.00711004712444084,313606500
2011-07-06,1.9306670427322388,1.942667007446289,1.9033329486846924,1.942667007446289,13903500,57.24424785073225,1.875777464894447,1.8370141430985047,0.02164265059966386,0.010016567819485444,299703000
2011-07-07,1.9819999933242798,2.0,1.934000015258789,1.942667007446289,19918500,61.719821012854254,1.8858938961734786,1.8426998627152018,0.027383583718046944,0.013489970999197744,319621500
2011-07-08,1.920667052268982,1.9926669597625732,1.906000018119812,1.9926669597625732,18609000,54.39353840307739,1.8892056253254312,1.8457573995604482,0.026676745892220133,0.016127325977802223,301012500
2011-07-11,1.8899999856948853,1.9019999504089355,1.8666670322418213,1.8933329582214355,14637000,51.125694106079116,1.8892812786939506,1.8474924029382693,0.02337257139151938,0.017576375060545657,286375500
2011-07-12,1.878000020980835,1.9393329620361328,1.8666670322418213,1.891332983970642,15681000,49.863321207266374,1.8882068731974633,1.8486887801164091,0.019560214453478997,0.017973142939132325,270694500
2011-07-13,1.9093329906463623,1.935333013534546,1.8600000143051147,1.8953330516815186,15990000,53.11836942354526,1.8902188843830727,1.851066984450917,0.01884991284339277,0.018148496919984415,286684500
2011-07-14,1.8406670093536377,1.9306670427322388,1.8166669607162476,1.9019999504089355,17385000,46.06075859555159,1.8854996581897931,1.8506591422902396,0.01260096677403788,0.017038990890795108,269299500
2011-07-15,1.8386670351028442,1.8553329706192017,1.8266669511795044,1.852666974067688,10635000,45.86959493704027,1.8810394083719886,1.8501888635770085,0.007401925990017988,0.015111577910639684,258664500
2011-07-18,1.8153330087661743,1.8300000429153442,1.775333046913147,1.8226670026779175,12778500,43.59621016018106,1.8747816560285777,1.848821967309917,0.0013828471951682353,0.012365831767545396,245886000
2011-07-19,1.8593330383300781,1.8739999532699585,1.8359999656677246,1.8386670351028442,15391500,48.7539173516888,1.8733103591049112,1.8492341661734528,0.00016125964652125013,0.009924917343340568,261277500
2011-07-20,1.9126670360565186,2.0293331146240234,1.8533329963684082,1.8666670322418213,45724500,54.218694130616875,1.8770586140526833,1.851721729698279,0.0034569015891887656,0.008631314192510208,307002000
2011-07-21,1.9133330583572388,1.944000005722046,1.8733329772949219,1.9273329973220825,15172500,54.2842553268467,1.8805133230340696,1.8541378602339247,0.006052692336473653,0.008115589821302898,322174500
2011-07-22,1.952666997909546,1.9693330526351929,1.9033329486846924,1.9133330583572388,8752500,58.100457157651,1.8873851015936387,1.85800174798591,0.011155205138815738,0.008723512884805466,330927000
2011-07-25,1.8993330001831055,1.9500000476837158,1.8960000276565552,1.934000015258789,10099500,51.78777186811917,1.8885229966973975,1.8596225814054077,0.01077121158824168,0.009133052625492709,320827500
2011-07-26,1.8666670322418213,1.9179999828338623,1.8646670579910278,1.8873330354690552,11409000,48.32456362210002,1.886441476273057,1.8598988343793847,0.007741780889903183,0.008854798278374805,309418500
2011-07-27,1.8426669836044312,1.899999976158142,1.8339999914169312,1.899999976158142,14377500,45.8961168069501,1.882272476971283,1.859223075525465,0.003365536082354348,0.007756945839170713,295041000
2011-07-28,1.878000020980835,1.9033329486846924,1.8359999656677246,1.840000033378601,14080500,49.888664962586354,1.8818655764007641,1.8599594263276364,0.0027170904417104236,0.0067489747596786555,309121500
2011-07-29,1.878000020980835,1.8933329582214355,1.8333330154418945,1.8533329963684082,14223000,49.888664962586354,1.8814974282655328,1.8606669006277619,0.002178084991727669,0.005834796806088459,323344500
2011-08-01,1.9179999828338623,1.9320000410079956,1.880666971206665,1.9113329648971558,17473500,54.31499110940303,1.8849738620339451,1.862915256792707,0.004921845940937475,0.005652206633058262,340818000
2011-08-02,1.8226670026779175,1.946666955947876,1.8179999589920044,1.9126670360565186,23241000,44.27686632786579,1.879039875428609,1.8613368938862447,-0.0005894833100525965,0.0044038686444360904,317577000
2011-08-03,1.8133330345153809,1.8553329706192017,1.75600004196167,1.8333330154418945,26917500,43.43054366192094,1.8727820810559206,1.8594543895971913,-0.00564534860729804,0.0023940251940892648,290659500
2011-08-04,1.649999976158142,1.792667031288147,1.6446670293807983,1.7673330307006836,45967500,31.92937493398729,1.8515647377323226,1.8512404910309541,-0.022571579935833475,-0.002599095831895283,244692000
2011-08-05,1.6160000562667847,1.6920000314712524,1.5219999551773071,1.6660000085830688,29466000,30.140089099257068,1.8291300061641762,1.8420153759421631,-0.038287890626893084,-0.009736854790894844,215226000
2011-08-08,1.5759999752044678,1.6293330192565918,1.5399999618530273,1.5399999618530273,39127500,28.142012559212546,1.8050223841680135,1.8315833994426458,-0.053355799878399335,-0.018460643808395745,176098500
2011-08-09,1.670667052268982,1.696666955947876,1.5800000429153442,1.6100000143051147,20001000,38.52840751040799,1.7922266382728678,1.8252729544554434,-0.0570013089577277,-0.026168776838262138,196099500
2011-08-10,1.5880000591278076,1.6959999799728394,1.5753329992294312,1.6959999799728394,23463000,33.91801344094971,1.7727764878781,1.8159681350308303,-0.06580240744472854,-0.03409550295955542,172636500
2011-08-11,1.6866669654846191,1.7166670560836792,1.600000023841858,1.602666974067688,12547500,42.727088384951514,1.7645755809834829,1.810897500930979,-0.06407710566739389,-0.040091823501123114,185184000
2011-08-12,1.753999948501587,1.8093329668045044,1.6906670331954956,1.7066669464111328,15136500,47.83740095176837,1.763568377889969,1.8086662243651204,-0.05662385798673375,-0.043398230398245245,200320500
2011-08-15,1.7486670017242432,1.7833329439163208,1.7286670207977295,1.7746670246124268,11079000,47.47607670795856,1.762149199207519,1.8063133136733214,-0.05056455304552898,-0.04483149492770199,189241500
2011-08-16,1.7400000095367432,1.769333004951477,1.722000002861023,1.7419999837875366,8065500,46.85665468180683,1.760039752572207,1.8037127919424751,-0.045932384128824166,-0.04505167276792643,181176000
2011-08-17,1.722000002861023,1.7766669988632202,1.7006670236587524,1.7593330144882202,9655500,45.52809744860054,1.7564169192663799,1.8005083688412418,-0.0432156439530722,-0.04468446700495559,171520500
2011-08-18,1.6173330545425415,1.6766669750213623,1.564666986465454,1.6666669845581055,15849000,38.663276372946065,1.7431708369117287,1.7933250231824693,-0.0489441579951615,-0.045536405202996774,155671500
2011-08-19,1.4866670370101929,1.6146670579910278,1.4666670560836792,1.5906670093536377,20629500,32.1466450544993,1.718741903587773,1.7812992198031645,-0.06329804181424903,-0.04908873252524723,135042000
2011-08-22,1.463333010673523,1.5866669416427612,1.4453330039978027,1.5406670570373535,14791500,31.137350646401444,1.6944172471197492,1.7688299567000414,-0.07568402078980108,-0.054407790178158,120250500
2011-08-23,1.5306669473648071,1.5406670570373535,1.4333330392837524,1.4620000123977661,13035000,37.25892557507728,1.6788219804764213,1.7594902308437577,-0.07915427123926455,-0.059357086390379316,133285500
2011-08-24,1.591333031654358,1.5953329801559448,1.5219999551773071,1.5399999618530273,10264500,42.24084727475823,1.6704896996362248,1.752895830875546,-0.07613162573652366,-0.06271199425960819,143550000
2011-08-25,1.5406670570373535,1.591333031654358,1.5266669988632202,1.591333031654358,10197000,39.425225880363634,1.6581256384363323,1.7445731338622836,-0.07693758947748175,-0.06555711330318291,133353000
2011-08-26,1.5820000171661377,1.5966670513153076,1.4713330268859863,1.5140000581741333,11427000,42.776287815984254,1.6508755792677423,1.7381977175212584,-0.07339504471180547,-0.06712469958490742,144780000
2011-08-29,1.647333025932312,1.6566669940948486,1.6013330221176147,1.6146670579910278,12051000,47.70124889555881,1.6505381932357965,1.7346343962824762,-0.06457138592302747,-0.06661403685253144,156831000
2011-08-30,1.6419999599456787,1.651332974433899,1.6059999465942383,1.6333329677581787,5493000,47.343060029727056,1.6497250281605473,1.7310016732888762,-0.05734783645584707,-0.06476079677319457,151338000
2011-08-31,1.6493330001831055,1.7000000476837158,1.6186670064926147,1.6533329486846924,12357000,47.92212511525154,1.6496876921626957,1.7277989802259048,-0.05044985190899265,-0.061898607800354194,163695000
2011-09-01,1.600000023841858,1.6579999923706055,1.5893330574035645,1.6440000534057617,12721500,44.38578821684656,1.644955533274997,1.7227872564461384,-0.04840591509854808,-0.05920006925999297,150973500
2011-09-02,1.5379999876022339,1.5993330478668213,1.5119999647140503,1.5773329734802246,11548500,40.35530171329447,1.634769290829972,1.7155406968836324,-0.05119877758129188,-0.05759981092425276,139425000
2011-09-06,1.5293329954147339,1.5466669797897339,1.4859999418258667,1.5,12147000,39.8110765709393,1.6247277388856636,1.7082384340809305,-0.053494839842486375,-0.056778816707899485,127278000
2011-09-07,1.5893330574035645,1.600000023841858,1.5520000457763672,1.5593329668045044,6888000,45.30972655010207,1.6213568168397494,1.7035754781327985,-0.0498977914857095,-0.05540261166346149,134166000
2011-09-08,1.5740000009536743,1.6019999980926514,1.5520000457763672,1.5720000267028809,7585500,44.198484674771166,1.6168466438982185,1.6984940868708722,-0.047734105208046884,-0.05386891037237857,126580500
2011-09-09,1.5313329696655273,1.5713330507278442,1.5033329725265503,1.5579999685287476,10039500,41.1724607533118,1.608702484447486,1.691938748941251,-0.04889856882308585,-0.05287484206252003,116541000
2011-09-12,1.525333046913147,1.5540000200271606,1.4966670274734497,1.5,8499000,40.749957504183,1.6007625380156443,1.6854051919989723,-0.04973227553508042,-0.05224632875703211,108042000
2011-09-13,1.6053329706192017,1.6066670417785645,1.5166670083999634,1.534000039100647,10897500,48.359251355425656,1.6011978173112211,1.6822651048860402,-0.04343695468006237,-0.05048445394163817,118939500
2011-09-14,1.6226669549942017,1.656000018119812,1.5859999656677246,1.6166670322418213,12462000,49.86176438819345,1.6032424970905526,1.6799279225373407,-0.03662694722607318,-0.04771295259852518,131401500
2011-09-15,1.6546670198440552,1.6619999408721924,1.621999979019165,1.6386669874191284,8439000,52.60340188068404,1.6081400706861242,1.67893729890231,-0.02832135846667927,-0.043834633772156,139840500
2011-09-16,1.7200000286102295,1.7226669788360596,1.6326669454574585,1.6519999504089355,21256500,57.69024117557703,1.6187934000122295,1.6805476020281107,-0.016279630295303438,-0.03832363307678549,161097000
2011-09-19,1.718000054359436,1.7206670045852661,1.5880000591278076,1.6633330583572388,17361000,57.48684361571796,1.6282416528072015,1.682016325648947,-0.0068192471349406425,-0.03202275588841652,143736000
2011-09-20,1.7339999675750732,1.773332953453064,1.7113330364227295,1.7319999933242798,17706000,58.74012670577134,1.6383138732612845,1.6840548998421285,0.001946792545052034,-0.02522884620172281,161442000
2011-09-21,1.7233330011367798,1.7966669797897339,1.713333010673523,1.7300000190734863,14814000,57.52261694844243,1.6464109330589507,1.685595217539958,0.007941660583643095,-0.01859474484464963,146628000
2011-09-22,1.7086670398712158,1.7406669855117798,1.658666968345642,1.7093329429626465,11637000,55.80983300578483,1.6523400860886903,1.6864999948862818,0.01137805703048711,-0.012600184469622284,134991000
2011-09-23,1.7586669921875,1.7746670246124268,1.690000057220459,1.6993329524993896,17346000,60.16470798863108,1.6624664580981008,1.6893300732118197,0.01792932614620235,-0.006494282346457357,152337000
2011-09-26,1.7013330459594727,1.7680000066757202,1.659999966621399,1.7680000066757202,14022000,53.63725810297765,1.666168037894422,1.6898007780254531,0.018284115912162946,-0.0015386026947332967,138315000
2011-09-27,1.746000051498413,1.7993329763412476,1.7046669721603394,1.7333329916000366,10117500,57.50534096579201,1.6737710868090878,1.6920046711028243,0.021916899037749404,0.0031524976517632434,148432500
2011-09-28,1.6393330097198486,1.7666670083999634,1.6339999437332153,1.7333329916000366,10849500,47.34652944618719,1.670491269943446,1.6899391157544723,0.01600427964625495,0.005722854050661585,137583000
2011-09-29,1.6080000400543213,1.7213330268859863,1.5700000524520874,1.7146669626235962,13944000,44.840636687554394,1.6645397242397197,1.686725818668192,0.008690004427221565,0.006316284125973581,123639000
2011-09-30,1.6260000467300415,1.6593329906463623,1.565999984741211,1.6533329486846924,20041500,46.58950350372883,1.6608692787626076,1.684344415847088,0.004296313498381332,0.005912290000455131,143680500
2011-10-03,1.5820000171661377,1.6666669845581055,1.5499999523162842,1.6633330583572388,15348000,43.00048397192192,1.6533579205153248,1.6803309100164625,-0.00270497165037642,0.004188837670288821,128332500
2011-10-04,1.5773329734802246,1.6213330030441284,1.5286669731140137,1.5526670217514038,18004500,42.625398902501125,1.6461174493691249,1.6762917752503357,-0.008531782911095576,0.0016447135540119417,110328000
2011-10-05,1.6913330554962158,1.7226669788360596,1.5566669702529907,1.6019999980926514,18442500,53.33344347753913,1.650423697571705,1.6768816293776252,-0.003905696496866673,0.0005346315438362188,128770500
2011-10-06,1.797333002090454,1.840000033378601,1.6679999828338623,1.6913330554962158,26536500,60.68150157069922,1.664415059906824,1.6816052126212655,0.008219075738287618,0.002071520382726499,155307000
2011-10-07,1.7993329763412476,1.840000033378601,1.7366670370101929,1.7986669540405273,19674000,60.80689648441779,1.677264385281531,1.686221987669108,0.01778441858938873,0.005214100024058945,174981000
2011-10-10,1.858667016029358,1.8786669969558716,1.7999999523162842,1.820667028427124,13852500,64.43113825460884,1.6945408263051336,1.6929845378008825,0.029809161384153127,0.010133112296077782,188833500
2011-10-11,1.8406670093536377,1.8513330221176147,1.805999994277954,1.8339999914169312,8635500,62.54170879845073,1.7084576056430865,1.6987760072735396,0.03745465265510317,0.01559742036788286,180198000
2011-10-12,1.8533329963684082,1.8666670322418213,1.8133330345153809,1.8166669607162476,16851000,63.35601662885039,1.722255261902641,1.704837065669417,0.044028268396711034,0.021283589973648497,197049000
2011-10-13,1.8626669645309448,1.8980000019073486,1.829332947731018,1.8420000076293945,15652500,63.97749570488866,1.7356278050100984,1.7110264734679084,0.04942138054459244,0.02691114808783729,212701500
2011-10-14,1.8700000047683716,1.9033329486846924,1.8173329830169678,1.8666670322418213,21007500,64.48707608810898,1.7484251573680292,1.7172607295973383,0.053668518564925716,0.03226262218325498,233709000
2011-10-17,1.8279999494552612,1.8666670322418213,1.8173329830169678,1.8573329448699951,11317500,59.3118344377479,1.7560037089953846,1.7216034441015706,0.0530340095408941,0.03641689965478281,222391500
2011-10-18,1.8893330097198486,1.8953330516815186,1.7806669473648071,1.8200000524520874,14995500,63.871540498129455,1.7687017376358098,1.7281810741258168,0.05682517668515663,0.040498555060857575,237387000
2011-10-19,1.8380000591278076,1.8706669807434082,1.8200000524520874,1.8680000305175781,11893500,58.01188613564124,1.7753015777779049,1.73248770098864,0.05505294774314651,0.04340943359731536,225493500
2011-10-20,1.8226670026779175,1.831333041191101,1.7999999523162842,1.829332947731018,14995500,56.348979546767175,1.7798125706255252,1.7360241441921411,0.05181391546217129,0.04509032997028655,210498000
2011-10-21,1.8686670064926147,1.886667013168335,1.8006670475006104,1.8266669511795044,17139000,60.048908103268246,1.7882748978509624,1.7412258250666695,0.05235525611087399,0.046543315198404045,227637000
2011-10-24,1.9033329486846924,1.9259999990463257,1.850000023841858,1.8580000400543213,14109000,62.62027951383887,1.7992328074541748,1.747582967169337,0.05494811661038379,0.048224275480799994,241746000
2011-10-25,1.8833329677581787,1.9240000247955322,1.8533329963684082,1.8819999694824219,9816000,60.212407462660046,1.8072423465307466,1.7529064966041936,0.05475793058468925,0.04953100650157785,231930000
2011-10-26,1.8653329610824585,1.891332983970642,1.8266669511795044,1.8793330192565918,7657500,58.048987555981824,1.812774786011862,1.7573153775641257,0.05254900446980337,0.05013460609522296,224272500
2011-10-27,1.9173330068588257,1.9299999475479126,1.8739999532699585,1.8893330097198486,13041000,62.26686068134745,1.8227327118068108,1.7635905787129376,0.05436766709734053,0.050981218295646474,237313500
2011-10-28,1.9913330078125,2.0,1.8673330545425415,1.899999976158142,18960000,67.30474787622266,1.8387898828549718,1.7725216543639009,0.061076104649722796,0.05300019556646174,256273500
2011-10-31,1.9579999446868896,1.9673329591751099,1.9166669845581055,1.9666670560836792,17010000,63.21077644666914,1.8501432220770593,1.7797953128079398,0.06297693126165771,0.05499554270550094,239263500
2011-11-01,1.925333023071289,1.9279999732971191,1.8666670322418213,1.8926670551300049,9528000,59.39761014455022,1.857304155505081,1.785502673994738,0.06114258877732337,0.05622495191986543,229735500
2011-11-02,1.9140000343322754,1.9506670236587524,1.8833329677581787,1.9333330392837524,13129500,58.08841295964013,1.862703763012433,1.7905417861648374,0.05810458814201391,0.056600879164295126,216606000
2011-11-03,2.1640000343322754,2.1659998893737793,1.9686670303344727,2.0,37645500,72.49210188014973,1.8913986459952752,1.8051872076615998,0.07500524760845795,0.060281752853127694,254251500
2011-11-04,2.1540000438690186,2.1600000858306885,2.0339999198913574,2.0973329544067383,45493500,71.43457275008542,1.9164083029356318,1.818866142414832,0.08659402433172603,0.06554420714884737,208758000
2011-11-07,2.0846669673919678,2.1333329677581787,2.049999952316284,2.109333038330078,18994500,64.41786275064139,1.932432937645759,1.8292897041786413,0.08915588005883257,0.07026654173084441,189763500
2011-11-08,2.122667074203491,2.1333329677581787,2.0480000972747803,2.0913329124450684,17518500,66.36775224322075,1.9505504744607811,1.8407946990815767,0.0931783581085237,0.07484890500638028,207282000
2011-11-09,2.058666944503784,2.0993330478668213,2.0199999809265137,2.058000087738037,14305500,60.36759586777689,1.9608472811315434,1.849338708705977,0.09016258716732484,0.0779116414385692,192976500
2011-11-10,2.0886669158935547,2.0999999046325684,2.043333053588867,2.062666893005371,11209500,62.09740838693154,1.9730205796803064,1.858724128595686,0.08916546990639773,0.0801624071321349,204186000
2011-11-11,2.2426669597625732,2.299999952316284,2.0380001068115234,2.126667022705078,58024500,69.46507769671436,1.998701187307189,1.8737807102100736,0.09965302575241464,0.08406053085619086,262210500
2011-11-14,2.2146670818328857,2.2360000610351562,2.1746668815612793,2.200000047683716,19885500,66.91810194894805,2.019269367738208,1.8871488032148898,0.10450051627268175,0.08814852793948905,242325000
2011-11-15,2.26200008392334,2.293333053588867,2.181999921798706,2.194667100906372,13365000,68.98814163417285,2.0423865788034585,1.9018488534387505,0.1108833706502188,0.092695496481635,255690000
2011-11-16,2.3293330669403076,2.3333330154418945,2.2266669273376465,2.2320001125335693,27498000,71.7008900425831,2.0697148157688727,1.9186129402427332,0.11999184642143534,0.09815476646959508,283188000
2011-11-17,2.245332956314087,2.326667070388794,2.2126669883728027,2.299999952316284,20239500,64.1606190059641,2.086440352963655,1.9314254898925902,0.11905982463757336,0.10233577810319074,262948500
2011-11-18,2.173332929611206,2.2739999294281006,2.169332981109619,2.2426669597625732,13542000,58.48343743895083,2.0947158364538976,1.9409120561560653,0.11122920914813461,0.10411446431217952,249406500
2011-11-21,2.117332935333252,2.1626670360565186,2.069999933242798,2.1626670360565186,15474000,54.44803840816224,2.096869845870979,1.9478305220061511,0.0993593061966509,0.1031634326890738,233932500
2011-11-22,2.138000011444092,2.186000108718872,2.069999933242798,2.117332935333252,10989000,55.6639073092498,2.10078700449699,1.9552881490429332,0.09057588054040844,0.10064592225934073,244921500
2011-11-23,2.0966670513153076,2.136667013168335,2.0833330154418945,2.117332935333252,6777000,52.637831459208506,2.1003946280034964,1.9608324197202813,0.0793648592833307,0.09638970966413873,238144500
2011-11-25,2.1106669902801514,2.1606669425964355,2.072000026702881,2.103332996368408,3594000,53.55875649116522,2.1013729482203205,1.9667082852324331,0.07079365702745033,0.09127049913680106,241738500
2011-11-28,2.1706669330596924,2.2186670303344727,2.120666980743408,2.1333329677581787,10218000,57.38331848636382,2.1079723753478796,1.9747066635786001,0.06805788252417466,0.08662797581427578,251956500
2011-11-29,2.1166670322418213,2.204667091369629,2.1086668968200684,2.1659998893737793,8866500,53.141622985721334,2.1088004379092076,1.980273736859511,0.06083119665124581,0.0814686199816698,243090000
2011-11-30,2.1826670169830322,2.1953330039978027,2.1480000019073486,2.1666669845581055,11404500,57.29645364611625,2.115835350201953,1.988210728236904,0.05974098631248115,0.07712309324783206,254494500
2011-12-01,2.173332929611206,2.2660000324249268,2.131999969482422,2.171333074569702,15453000,56.533003201040806,2.1213113101456913,1.9954704224084452,0.057461424389912974,0.07319075947624824,239041500
2011-12-02,2.2200000286102295,2.246000051498413,2.1600000858306885,2.188667058944702,12042000,59.44268771802362,2.1307102357137424,2.0042755050045935,0.058743343323550246,0.07030127624570864,251083500
2011-12-05,2.2946670055389404,2.3333330154418945,2.2286670207977295,2.23533296585083,17401500,63.6368931404,2.146325166173285,2.0156634069863326,0.06503459599437633,0.06924794019544218,268485000
2011-12-06,2.324666976928711,2.3320000171661377,2.268666982650757,2.2799999713897705,14277000,65.19431982493415,2.1633101005309445,2.0277811940428965,0.07161566522347407,0.06972148520104857,282762000
2011-12-07,2.2793331146240234,2.3259999752044678,2.25333309173584,2.308666944503784,10114500,60.94635483182188,2.174359911396952,2.0376459752421563,0.07233926417668446,0.07024504099617575,272647500
2011-12-08,2.059333086013794,2.109999895095825,1.9739999771118164,2.055999994277954,49587000,45.46435910327355,2.1634049756461753,2.0384964501743776,0.05453194752238133,0.06710242230141687,223060500
2011-12-09,2.069333076477051,2.074666976928711,2.018666982650757,2.0360000133514404,18592500,46.13417287455234,2.154445747153878,2.0397057296372276,0.04075661949659315,0.06183326174045213,241653000
2011-12-12,2.0273330211639404,2.041332960128784,2.001332998275757,2.0293331146240234,11380500,43.70615853300951,2.1423397732500744,2.039220525383373,0.026149088915837115,0.05469642717552913,230272500
2011-12-13,1.963333010673523,2.062000036239624,1.9273329973220825,2.0380001068115234,14911500,40.231518639889146,2.125291510147546,2.0362445444143593,0.009301033191897456,0.0456173483788028,215361000
2011-12-14,1.9019999504089355,1.9786670207977295,1.8666670322418213,1.9666670560836792,17458500,37.180910280754716,2.1040256473152974,2.030980050531794,-0.008897670922801915,0.034714344518481856,197902500
2011-12-15,1.9079999923706055,1.9446669816970825,1.8746670484542847,1.9113329648971558,10504500,37.67876248510872,2.085356537320565,2.0261573031529236,-0.022575881102073758,0.023256299394370735,208407000
2011-12-16,1.8666670322418213,1.9286669492721558,1.8653329610824585,1.9193329811096191,15445500,35.586478120308655,2.0645289654083037,2.0199027827250373,-0.03633236873312029,0.01133856576887253,192961500
2011-12-19,1.850000023841858,1.899999976158142,1.824666976928711,1.8726669549942017,14805000,34.74855032145288,2.044097637640071,2.013239929435501,-0.048025761493246666,-0.0005342996835513087,178156500
2011-12-20,1.8600000143051147,1.8966670036315918,1.8480000495910645,1.8700000047683716,12649500,35.72641936754236,2.026564530655789,2.0072305209990153,-0.055842229385242526,-0.011595885623889553,190806000
2011-12-21,1.8380000591278076,1.8713330030441284,1.73533296585083,1.8606669902801514,25582500,34.501423995169276,2.008606009557886,2.0005940322981837,-0.06308484618787058,-0.02189367773668576,165223500
2011-12-22,1.8513330221176147,1.8700000047683716,1.8200000524520874,1.840000033378601,15141000,35.93511179597469,1.9936276298016695,1.9947406593499262,-0.06697674724843083,-0.030910291639034776,180364500
2011-12-23,1.8600000143051147,1.8666670322418213,1.8346669673919678,1.8666670322418213,8871000,36.90197473649831,1.980901190230569,1.9894567124854239,-0.0685713057139874,-0.038442494454025304,189235500
2011-12-27,1.9046670198440552,1.9179999828338623,1.8426669836044312,1.843999981880188,11662500,41.778716236196495,1.973640793050901,1.986131626499488,-0.06547598434669899,-0.043849192432560045,200898000
2011-12-28,1.9006669521331787,1.9493329524993896,1.869333028793335,1.9326670169830322,8628000,41.469609053431725,1.9666909034396893,1.9827800706419856,-0.06262380367009901,-0.04760411468006784,192270000
2011-12-29,1.9153330326080322,1.9559999704360962,1.9033329486846924,1.906000018119812,7323000,43.13095971733297,1.9617996776461981,1.9801350887583011,-0.05850558385801552,-0.04978440851565738,199593000
2011-12-30,1.9040000438690186,1.9320000410079956,1.8833329677581787,1.8993330001831055,5097000,42.135680414893265,1.9562949506198,1.9771494007234274,-0.05551638414558657,-0.05093080364164322,194496000
2012-01-03,1.871999979019165,1.9666670560836792,1.8433330059051514,1.929332971572876,13921500,39.37291206377848,1.9482668580864062,1.973025893989927,-0.05509446493845149,-0.05176353590100488,180574500
2012-01-04,1.8473329544067383,1.9113329648971558,1.8333330154418945,1.880666971206665,9451500,37.34044044744484,1.9386541053550093,1.968096759104312,-0.056103784161904535,-0.05263158555318481,171123000
2012-01-05,1.8079999685287476,1.8619999885559082,1.7899999618530273,1.8506669998168945,15082500,34.29993952697164,1.9262108542286986,1.9618184535915448,-0.059392876054741084,-0.053983843653496066,156040500
2012-01-06,1.7940000295639038,1.852666974067688,1.7606669664382935,1.8133330345153809,14794500,33.2617776694991,1.9136193471177658,1.9552373389237943,-0.06240976225795114,-0.05566902737438709,141246000
2012-01-09,1.8166669607162476,1.8326669931411743,1.7413330078125,1.7999999523162842,13455000,36.60728754144344,1.9043857865080973,1.949803206445067,-0.062254008937681515,-0.05698602368704598,154701000
2012-01-10,1.841333031654358,1.8506669998168945,1.8166669607162476,1.829332947731018,10077000,40.12473075415864,1.8983807622363127,1.9455494741003334,-0.059454868809214245,-0.057479792711479634,164778000
2012-01-11,1.8819999694824219,1.8919999599456787,1.8200000524520874,1.841333031654358,10084500,45.49448473259634,1.896820686735942,1.9430573366643369,-0.05334017573300032,-0.056651869315783775,174862500
2012-01-12,1.8833329677581787,1.9079999923706055,1.8539999723434448,1.8986669778823853,10939500,45.6664922596573,1.8955361420713932,1.94071520455037,-0.04783526048909126,-0.054888547550445276,185802000
2012-01-13,1.519333004951477,1.899999976158142,1.5093330144882202,1.8933329582214355,82506000,23.68553409369163,1.8597072718694965,1.924190412409237,-0.07201419560178723,-0.05831367716071367,103296000
2012-01-17,1.773332953453064,1.8226670026779175,1.7606669664382935,1.7746670246124268,69774000,43.95707398669173,1.8514811463060268,1.9182744336266422,-0.06987502698509163,-0.06062594712558927,173070000
2012-01-18,1.7873330116271973,1.7920000553131104,1.75,1.7793329954147339,18903000,44.82700995420508,1.8453718001461383,1.9131394759011737,-0.0662859298158398,-0.061757943663639375,191973000
2012-01-19,1.784000039100647,1.8493330478668213,1.7740000486373901,1.8126670122146606,18694500,44.6493179477646,1.8395268705227583,1.9080751842619375,-0.06298444203787912,-0.06200324333848733,173278500
2012-01-20,1.773332953453064,1.7999999523162842,1.7599999904632568,1.7933330535888672,9934500,44.047523266553284,1.8332226879446922,1.902791175210609,-0.060530970502385095,-0.061708788771266884,163344000
2012-01-23,1.7846670150756836,1.8140000104904175,1.773332953453064,1.7873330116271973,8919000,44.89735016073336,1.8285983381476438,1.898158855205318,-0.057014781671320236,-0.06076998735127756,172263000
2012-01-24,1.8279999494552612,1.8453329801559448,1.762666940689087,1.775333046913147,12870000,48.140427467547816,1.8285413487483693,1.895407525568061,-0.0501534334722995,-0.058646676575481956,185133000
2012-01-25,1.8646670579910278,1.8673330545425415,1.803333044052124,1.8179999589920044,9168000,50.780208101900556,1.8319818924857654,1.8942020170356282,-0.04128117270984566,-0.0551735758023547,194301000
2012-01-26,1.929332971572876,1.972000002861023,1.8666670322418213,1.8713330030441284,19066500,55.119146187720574,1.841253423827395,1.895579701527285,-0.028700996126352907,-0.049879059867154345,213367500
2012-01-27,1.9553329944610596,1.9813330173492432,1.899999976158142,1.899999976158142,11226000,56.769279931648356,1.852118144840125,1.8979229679168448,-0.016443579642492212,-0.04319196382222192,224593500
2012-01-30,1.9713330268859863,1.9739999771118164,1.9019999504089355,1.965999960899353,10935000,57.7975969695011,1.863471943130207,1.900801793758772,-0.005376443575456191,-0.035628859772868775,235528500
2012-01-31,1.937999963760376,2.0,1.9246670007705688,1.9933329820632935,14346000,54.86937739284556,1.8705698498568897,1.9022605455235408,0.0006966117670499372,-0.028363765464885032,221182500
2012-02-01,1.972000002861023,1.9800000190734863,1.9333330392837524,1.937999963760376,7848000,57.24858960071005,1.8802298644287119,1.904995426203442,0.008159018795366402,-0.021059208612834748,229030500
2012-02-02,2.016666889190674,2.058666944503784,1.9739999771118164,1.9813330173492432,12085500,60.215895931785376,1.893223866786994,1.909374699261765,0.017475824136778728,-0.013352202062912053,241116000
2012-02-03,2.076667070388794,2.0886669158935547,2.016666889190674,2.0273330211639404,11467500,63.84600592612945,1.9106946480824036,1.9159351844040016,0.02936250005099139,-0.004809261640131364,252583500
2012-02-06,2.119999885559082,2.126667022705078,2.069999933242798,2.0733330249786377,9781500,66.24174346213252,1.9306284802230396,1.9239377217042009,0.04179755617911862,0.004512101923718634,262365000
2012-02-07,2.1066670417785645,2.119999885559082,2.0546669960021973,2.119999885559082,15324000,64.8185214738591,1.947394057514042,1.9311035773933916,0.05000020741747746,0.013609723022470401,247041000
2012-02-08,2.128667116165161,2.134000062942505,2.0859999656677246,2.1066670417785645,9355500,66.11232607716641,1.964658158337958,1.9388511671491473,0.05761197477845603,0.02241017337366753,256396500
2012-02-09,2.171999931335449,2.1933329105377197,2.0953330993652344,2.1333329677581787,19156500,68.56450600389516,1.9844049938615287,1.947994255940767,0.06637581224262501,0.031203301147459027,275553000
2012-02-10,2.0733330249786377,2.1513330936431885,1.9893330335617065,2.1506669521331787,28113000,58.23188070524707,1.9928743301583962,1.9529095017853895,0.06461478282862299,0.03788559748369182,247440000
2012-02-13,2.0993330478668213,2.1373329162597656,2.059999942779541,2.103332996368408,17368500,59.944876536754144,2.003013255654437,1.9586516016317201,0.0645727840272099,0.04322303479239544,264808500
2012-02-14,2.2113330364227295,2.25266695022583,2.0933330059051514,2.115999937057495,27162000,66.34749613572494,2.022853234775227,1.9685606775058775,0.0727384788222758,0.04912612359837151,291970500
2012-02-15,2.240000009536743,2.2939999103546143,2.1513330936431885,2.206666946411133,41427000,67.76766484456653,2.0435338799906093,1.9792053571933625,0.08059399848195214,0.05541969857508764,333397500
2012-02-16,2.2786669731140137,2.3006670475006104,2.169332981109619,2.233333110809326,33295500,69.62940380669036,2.065927507907124,1.9909489499745645,0.08891470187980621,0.062118699236031354,366693000
2012-02-17,2.3313329219818115,2.3313329219818115,2.233333110809326,2.2660000324249268,20650500,72.0015202069725,2.0912042140094753,2.004297341033672,0.09862177081196855,0.06941931355121879,387343500
2012-02-21,2.299999952316284,2.324666976928711,2.253999948501587,2.324666976928711,17037000,68.57010086119985,2.1110895224196478,2.0158935218682843,0.10260363326912536,0.0760561774948001,370306500
2012-02-22,2.2813329696655273,2.314666986465454,2.1666669845581055,2.299999952316284,24819000,66.5356655562429,2.1273031840621126,2.02630291197798,0.10306494987431192,0.08145793197070247,345487500
2012-02-23,2.302000045776367,2.3313329219818115,2.237333059310913,2.2660000324249268,12306000,67.67902592559366,2.143940980415851,2.037114564283799,0.10390050656386318,0.08594644688933462,357793500
2012-02-24,2.25,2.301332950592041,2.2179999351501465,2.2820000648498535,14398500,61.94431213404842,2.154041839423865,2.045463012743258,0.09922294183917035,0.08860174587930177,343395000
2012-02-27,2.2413330078125,2.266666889190674,2.200000047683716,2.2273330688476562,9090000,61.01630163139526,2.1623552840323064,2.053144189020483,0.09373605338362268,0.08962860738016595,334305000
2012-02-28,2.253999948501587,2.2960000038146973,2.2113330364227295,2.2426669597625732,9183000,61.914352254030746,2.171083347315095,2.061020885470722,0.08937946022260945,0.08957877794865465,343488000
2012-02-29,2.2273330688476562,2.2746670246124268,2.2093329429626465,2.253999948501587,8035500,58.841197501945665,2.176440463651529,2.067542931877661,0.08282033318420723,0.08822708899576517,335452500
2012-03-01,2.2939999103546143,2.299999952316284,2.2206668853759766,2.2339999675750732,10552500,63.69302670884708,2.1876366014327755,2.0764235977002863,0.08205574712693497,0.08699282062199915,346005000
2012-03-02,2.2693328857421875,2.299999952316284,2.24733304977417,2.293333053588867,8250000,60.835492911394056,2.1954171999384338,2.0839886678195767,0.07855386438219014,0.08530502937403735,337755000
2012-03-05,2.251332998275757,2.293333053588867,2.2306671142578125,2.2899999618530273,7005000,58.763700069913604,2.200742514065798,2.090551190582564,0.07347913486254987,0.08293985047173985,330750000
2012-03-06,2.2073330879211426,2.2186670303344727,2.1746668815612793,2.2166669368743896,8607000,53.92890996858606,2.2013701877663068,2.095130872831136,0.06515587375918663,0.07938305512922922,322143000
2012-03-07,2.2079999446868896,2.2206668853759766,2.194000005722046,2.2079999446868896,5473500,53.99069448079251,2.2020015931873145,2.0995571109431266,0.05794547971639252,0.07509554004666188,327616500
2012-03-08,2.204667091369629,2.2326669692993164,2.202666997909546,2.2073330879211426,9499500,53.60378009866057,2.202255450157059,2.1036790709598523,0.05137009460665665,0.07035045095866084,318117000
2012-03-09,2.315999984741211,2.3540000915527344,2.2133328914642334,2.2133328914642334,23301000,63.11328521032793,2.213088262974597,2.112005381304219,0.05451428187389418,0.06718321714170751,341418000
2012-03-12,2.4006669521331787,2.419332981109619,2.3066670894622803,2.312666893005371,29449500,68.41515711611856,2.230952900037319,2.123325442905355,0.0631104911558591,0.06636867194453783,370867500
2012-03-13,2.4059998989105225,2.439332962036133,2.3666670322418213,2.434000015258789,15024000,68.72013062202132,2.247624042787148,2.1344107156898713,0.06955162533729142,0.06700526262308855,385891500
2012-03-14,2.3526670932769775,2.4000000953674316,2.319999933242798,2.4000000953674316,12772500,62.24700930432312,2.2576281428337985,2.1429697893207384,0.0695510180461385,0.06751441370769855,373119000
2012-03-15,2.3333330154418945,2.365333080291748,2.318666934967041,2.3519999980926514,8574000,60.039117509645806,2.264838130701236,2.1504350138745094,0.0672156184545889,0.06745465465707662,364545000
2012-03-16,2.3546669483184814,2.392667055130005,2.322000026702881,2.326667070388794,10939500,61.65532280809385,2.273393256188593,2.1584441093429003,0.06632175167125576,0.06722807405991245,375484500
2012-03-19,2.3320000171661377,2.3546669483184814,2.3026669025421143,2.3506669998168945,15234000,58.92828150103093,2.2789748524721687,2.165250223375184,0.0630574370149386,0.06639394665091768,360250500
2012-03-20,2.330667018890381,2.3466670513153076,2.3046669960021973,2.3320000171661377,8505000,58.76367324221598,2.2838979159405697,2.1717371565326427,0.05967498621645362,0.06505015456402487,351745500
2012-03-21,2.3433330059051514,2.353332996368408,2.3066670894622803,2.3293330669403076,9108000,59.9096141297452,2.2895584006991014,2.1784664055276433,0.05735525323059765,0.06351117429733942,360853500
2012-03-22,2.293333053588867,2.3433330059051514,2.2866671085357666,2.3313329219818115,7836000,53.57970081714003,2.2899178914505076,2.182970979961417,0.05089557730783767,0.06098805489943907,353017500
2012-03-23,2.2720000743865967,2.308666944503784,2.2100000381469727,2.2839999198913574,17559000,51.09896810601614,2.288211432682516,2.1864623169976984,0.0435527949555472,0.0575010029106607,335458500
2012-03-26,2.493333101272583,2.5393331050872803,2.3359999656677246,2.372667074203491,47107500,67.7714398273024,2.307746829691094,2.1984964654006354,0.05495977052849721,0.056992756434228006,382566000
2012-03-27,2.5293331146240234,2.663332939147949,2.4686670303344727,2.4773330688476562,38088000,69.58767748159488,2.328850285398992,2.21147045164469,0.06614233341820563,0.058822671831023535,420654000
2012-03-28,2.5233330726623535,2.562666893005371,2.4739999771118164,2.518666982650757,14325000,68.89084308395766,2.3473724556145505,2.223700358351265,0.07367120602809196,0.06179237867043722,406329000
2012-03-29,2.4886670112609863,2.5460000038146973,2.4686670303344727,2.5460000038146973,11946000,64.85026160770255,2.3608290799618303,2.2340912074849797,0.07596495367586442,0.06462689367152266,394383000
2012-03-30,2.4826669692993164,2.5293331146240234,2.4453330039978027,2.501332998275757,13296000,64.14895740697142,2.3724326884701625,2.2438392765757382,0.07641771610750903,0.06698505815871994,381087000
2012-04-02,2.438667058944702,2.5313329696655273,2.435333013534546,2.4886670112609863,15429000,59.101470704866145,2.378740723753452,2.251479581766678,0.0723916229859789,0.06806637112417173,365658000
2012-04-03,2.5339999198913574,2.564666986465454,2.444667100906372,2.446666955947876,16471500,65.44550657385894,2.393527313861824,2.262558810712744,0.07601720135105516,0.06965653716954842,382129500
2012-04-04,2.3333330154418945,2.365999937057495,2.312666893005371,2.351332902908325,67227000,48.41998581138083,2.387794523536116,2.2653342697217305,0.061983844998938054,0.06812199873542635,314902500
2012-04-05,2.2986669540405273,2.3626670837402344,2.2939999103546143,2.3399999141693115,22641000,46.18470456266311,2.3793061835841556,2.266641433812664,0.04751729771669755,0.06400105853168059,292261500
2012-04-09,2.2100000381469727,2.2860000133514404,2.206666946411133,2.2733330726623535,24835500,40.974412839288135,2.363181788780614,2.2644202026100877,0.028568456296462763,0.05691453808463703,267426000
2012-04-10,2.1640000343322754,2.256666898727417,2.140000104904175,2.2100000381469727,27715500,38.54493923978881,2.3442120978807726,2.2604821567952715,0.009727415491443292,0.047477113565998284,239710500
2012-04-11,2.2060000896453857,2.2193329334259033,2.134000062942505,2.2160000801086426,16582500,41.930452838130456,2.3310490494774023,2.2583456051423347,-0.0017945056896935263,0.037622789714859925,256293000
2012-04-12,2.22933292388916,2.2986669540405273,2.194667100906372,2.251332998275757,15508500,43.78327926111007,2.3213617994213793,2.257207852936328,-0.008939892992338105,0.02831025317342032,271801500
2012-04-13,2.239332914352417,2.2693328857421875,2.190000057220459,2.262666940689087,9744000,44.59914655670744,2.3135495246529065,2.2565068749526453,-0.013638531748140892,0.01992049618910808,281545500
2012-04-16,2.1500000953674316,2.24666690826416,2.1393330097198486,2.2273330688476562,16494000,39.13507561067202,2.2979733885304805,2.252330138498323,-0.024290641327721296,0.011078268685742205,265051500
2012-04-17,2.1493330001831055,2.204667091369629,2.135999917984009,2.1619999408721924,16732500,39.09655530487986,2.283817161068826,2.248291035034981,-0.032412710371125364,0.002380072874368691,248319000
2012-04-18,2.177333116531372,2.183332920074463,2.1019999980926514,2.1393330097198486,12346500,41.6908366493153,2.2736758234938304,2.2455083715642514,-0.03617315164662438,-0.005330572029829923,260665500
2012-04-19,2.2106668949127197,2.2286670207977295,2.1666669845581055,2.183332920074463,11623500,44.710293918952026,2.267674973152772,2.2441420391465443,-0.03604803184462435,-0.011474063992788809,272289000
2012-04-20,2.2106668949127197,2.248667001724243,2.196000099182129,2.2093329429626465,12327000,44.710293918952026,2.262245632368005,2.2428292883922767,-0.035539199728019,-0.01628709113983485,284616000
2012-04-23,2.129333019256592,2.197999954223633,2.114000082015991,2.190666913986206,13362000,38.995932803839466,2.2495872882621564,2.2383784543085246,-0.04122370937871134,-0.02127441478761015,271254000
2012-04-24,2.121332883834839,2.146667003631592,2.066667079925537,2.121332883834839,10117500,38.47503830326953,2.2373725830786024,2.2337884319370076,-0.045845786610149375,-0.026188689152117996,261136500
2012-04-25,2.194000005722046,2.1993329524993896,2.138000011444092,2.138000011444092,10683000,45.585103321735915,2.233241861425597,2.2322281014972054,-0.043147805639673464,-0.02958051244962909,271819500
2012-04-26,2.2326669692993164,2.2346670627593994,2.194000005722046,2.1973330974578857,6379500,48.9648080982053,2.233187109794523,2.232245311999249,-0.03745774589721407,-0.031155959139146087,278199000
2012-04-27,2.2226669788360596,2.242000102996826,2.194000005722046,2.240000009536743,8865000,48.13219955060611,2.2321851925603835,2.2318696910908886,-0.033370573020308214,-0.03159888191537851,269334000
2012-04-30,2.208667039871216,2.2239999771118164,2.171999931335449,2.2179999351501465,6208500,46.92907647675693,2.2299453684947483,2.2309597831999213,-0.030904884865850413,-0.03146008250547289,263125500
2012-05-01,2.252000093460083,2.2806670665740967,2.208667039871216,2.208667039871216,9885000,51.010877608450556,2.232045818491447,2.231784893406202,-0.025164117679447262,-0.03020088954026777,273010500
2012-05-02,2.262666940689087,2.2926669120788574,2.2260000705718994,2.233333110809326,7459500,51.989760048232625,2.234962115843603,2.2329959540839623,-0.01952867845041384,-0.028066447322296986,280470000
2012-05-03,2.1640000343322754,2.266666889190674,2.1419999599456787,2.260667085647583,12619500,43.35931137445527,2.228203822366334,2.230290231740759,-0.022761763567806348,-0.02700551057139886,267850500
2012-05-04,2.121999979019165,2.1640000343322754,2.0933330059051514,2.1546669006347656,18712500,40.293052847888966,2.2180891706189843,2.2260435551634417,-0.028385845909056684,-0.027281577638930424,249138000
2012-05-07,2.1646668910980225,2.171999931335449,2.107332944869995,2.130666971206665,17370000,44.58064890578395,2.213001334474131,2.223636627160876,-0.029065064490251924,-0.027638275009194725,266508000
2012-05-08,2.012666940689087,2.181999921798706,1.9579999446868896,2.1666669845581055,46458000,34.95143342615336,2.193921868399365,2.2153633061227667,-0.04139134216352236,-0.030388888440060255,220050000
2012-05-09,2.003999948501587,2.051332950592041,1.9839999675750732,2.0199999809265137,29218500,34.49392741252471,2.1758340665043385,2.2070745470003676,-0.05126837000610163,-0.03456478475326853,190831500
2012-05-10,2.1973330974578857,2.312000036239624,2.1600000858306885,2.197999954223633,83344500,50.16472983872198,2.1778815932618194,2.2066925293712507,-0.04299993982350481,-0.03625181576731579,274176000
2012-05-11,2.1500000953674316,2.22933292388916,2.1440000534057617,2.1659998893737793,18319500,47.18835954077229,2.175226212509973,2.2044692966652186,-0.039807649222435515,-0.03696298245833973,255856500
2012-05-14,2.003999948501587,2.1419999599456787,2.00333309173584,2.128000020980835,20713500,39.41925714262567,2.158918949271079,2.196607753599978,-0.04849965378101029,-0.039270316722873844,235143000
2012-05-15,1.9620000123977661,2.063999891281128,1.9479999542236328,2.0173330307006836,23785500,37.50623726425301,2.1401647648069537,2.187407450023421,-0.05810734850861987,-0.04303772308002305,211357500
2012-05-16,1.9453330039978027,2.01200008392334,1.925333023071289,1.972000002861023,18856500,36.744170188130205,2.121609359015606,2.1779143344930048,-0.06630211458057778,-0.047690601380134,192501000
2012-05-17,1.9046670198440552,1.9859999418258667,1.8826669454574585,1.9533330202102661,17235000,34.88187777264241,2.100948183856411,2.1671987535263795,-0.07521094582778876,-0.053194670269664956,175266000
2012-05-18,1.8373329639434814,1.897333025932312,1.7886669635772705,1.891332983970642,24247500,31.990721070616402,2.0758419724361317,2.154262840209403,-0.08670507225197088,-0.059896750666126146,151018500
2012-05-21,1.9179999828338623,1.9506670236587524,1.8079999685287476,1.8386670351028442,22128000,38.56069963478449,2.0608094019978203,2.1449976301162446,-0.08828737410015153,-0.06557487535293123,173146500
2012-05-22,2.053333044052124,2.0893330574035645,2.0,2.006666898727417,35493000,47.69063694744298,2.060097367907754,2.1414029404666715,-0.07772514560367805,-0.0680049294030806,208639500
2012-05-23,2.068000078201294,2.069999933242798,1.9666670560836792,2.0373330116271973,18306000,48.582414010730034,2.0608500069833293,2.1385243968484215,-0.06739411889392999,-0.06788276730125048,226945500
2012-05-24,2.018666982650757,2.0833330154418945,1.9793330430984497,2.0833330154418945,16134000,45.75679740845205,2.056832576094513,2.133824106095572,-0.062467389135122176,-0.06679969166802482,210811500
2012-05-25,1.987333059310913,2.0273330211639404,1.946666955947876,2.010667085647583,11355000,44.00611152211822,2.050213574496075,2.1280793591628404,-0.060395108831142075,-0.06551877510064828,199456500
2012-05-29,2.1126670837402344,2.128667116165161,2.000667095184326,2.000667095184326,24750000,51.928860864915904,2.0561615277574234,2.1274749562050914,-0.04808510825296519,-0.06203204173111167,224206500
2012-05-30,2.0273330211639404,2.0946669578552246,2.0160000324249268,2.072000026702881,19608000,47.0478152173108,2.0534159557009013,2.123547821497595,-0.04469981811087376,-0.05856559700706409,204598500
2012-05-31,1.9666670560836792,2.0193328857421875,1.9166669845581055,2.004667043685913,16780500,43.88938734115861,2.0451541557373565,2.1173956346186182,-0.04637757583374702,-0.05612799277240068,187818000
2012-06-01,1.8766670227050781,1.944000005722046,1.8506669998168945,1.9019999504089355,13287000,39.63804593072037,2.0291077621152347,2.1079552968965185,-0.054343028839604735,-0.05577099998584149,174531000
2012-06-04,1.858667016029358,1.8940000534057617,1.807332992553711,1.8686670064926147,15463500,38.82796981630655,2.012875310107056,2.09817928588212,-0.06140037256659214,-0.05689687450199163,159067500
2012-06-05,1.8606669902801514,1.8926670551300049,1.8373329639434814,1.8559999465942383,9463500,38.97719501932152,1.9983792796473505,2.088865078211455,-0.06607036902138708,-0.05873157340587072,168531000
2012-06-06,1.9479999542236328,1.963333010673523,1.8760000467300415,1.8799999952316284,13648500,45.25713231097344,1.9935812486546156,2.0833409557021287,-0.06200952730789844,-0.05938716418627627,182179500
2012-06-07,1.9286669492721558,1.9913330078125,1.9233330488204956,1.987333059310913,7381500,44.173381020274014,1.9873989344277148,2.0772753083911493,-0.059663528898213025,-0.05944243712866362,174798000
2012-06-08,2.0053329467773438,2.012666940689087,1.8766670227050781,1.9240000247955322,13216500,49.35285523026543,1.98910693560387,2.074454039308255,-0.05102976363211176,-0.05775990242935325,188014500
2012-06-11,1.9413330554962158,2.066667079925537,1.9306670427322388,2.02066707611084,9540000,45.55336008403804,1.9845570422602838,2.0692336085705283,-0.04878928629070223,-0.05596577920162305,178474500
2012-06-12,1.9773329496383667,1.9893330335617065,1.920667052268982,1.948667049407959,8535000,47.97938770653866,1.9838690334391489,2.0656296611614238,-0.04360613686041526,-0.0534938507333815,187009500
2012-06-13,1.9846669435501099,2.0426669120788574,1.9646669626235962,1.9700000286102295,12661500,48.48300333580264,1.983945024878288,2.062454652627647,-0.03846328081967654,-0.050487736750640506,199671000
2012-06-14,1.9593329429626465,2.043333053588867,1.9079999923706055,2.01200008392334,13083000,46.797632265365856,1.9816010170767984,2.058410664013333,-0.03601659558311554,-0.047593508517135515,186588000
2012-06-15,1.99399995803833,1.9966670274734497,1.920667052268982,1.9593329429626465,9702000,49.39024478133358,1.9827818685969443,2.0558847539750977,-0.030923771524694166,-0.04425956111864725,196290000
2012-06-18,2.122667074203491,2.1553330421447754,1.9666670560836792,1.996000051498413,18852000,57.6409117483724,1.9961042691309012,2.0585036684938585,-0.016317216097944565,-0.038671092114506714,215142000
2012-06-19,2.1393330097198486,2.177333116531372,2.0999999046325684,2.134666919708252,13666500,58.582763928547486,2.009745101567944,2.0616734465811524,-0.0033579061229986884,-0.03160845491620511,228808500
2012-06-20,2.252000093460083,2.299999952316284,2.2139999866485596,2.233333110809326,51336000,64.35320112887852,2.0328170055576713,2.069137236654836,0.015821353741185096,-0.022122493184727074,280144500
2012-06-21,2.1459999084472656,2.2853329181671143,2.122667074203491,2.2839999198913574,28378500,56.392630302695544,2.0435963296423947,2.0721514590780687,0.02221168384753014,-0.013255657778275632,251766000
2012-06-22,2.25266695022583,2.2653329372406006,2.1640000343322754,2.173332929611206,45699000,61.54738754657175,2.0635078173170074,2.0792304979466083,0.03547427989782781,-0.003509670243054944,297465000
2012-06-25,2.2073330879211426,2.2746670246124268,2.183332920074463,2.262666940689087,22477500,58.38837142986769,2.077205462136449,2.084254128926002,0.04184456095113065,0.005561175995782175,274987500
2012-06-26,2.107332944869995,2.1566669940948486,2.0926671028137207,2.136667013168335,39208500,52.04286877891821,2.0800747462063103,2.0851591805316487,0.038381441408172456,0.012125229078260233,235779000
2012-06-27,2.130666971206665,2.163332939147949,2.1046669483184814,2.126667022705078,15708000,53.31773705474432,2.084893053349201,2.0869437997738065,0.03709217957763267,0.01711861917813472,251487000
2012-06-28,2.0940001010894775,2.140666961669922,2.041332960128784,2.126667022705078,13711500,51.02242339906186,2.0857603912292273,2.0872205174724603,0.032734378765694405,0.02024177109564666,237775500
2012-06-29,2.0859999656677246,2.186666965484619,2.066667079925537,2.186666965484619,16887000,50.511484874868025,2.0857832078424177,2.087172652695804,0.028308918565823404,0.02185520058968201,220888500
2012-07-02,2.0266671180725098,2.119999885559082,2.012666940689087,2.0899999141693115,19734000,46.770690107972676,2.0801531040548076,2.0847998866321453,0.019785964258433264,0.02144135332343226,201154500
2012-07-03,2.0439999103546143,2.066667079925537,2.0266671180725098,2.0399999618530273,14205000,47.982627489965466,2.076709942750027,2.0831998875624382,0.014265627769352918,0.020006208212616394,215359500
2012-07-05,2.0820000171661377,2.111332893371582,2.053333044052124,2.053999900817871,18807000,50.6362460320503,2.077213759361085,2.0831528338214067,0.01280935410880657,0.01856683739185443,234166500
2012-07-06,2.065999984741211,2.115333080291748,2.053333044052124,2.065999984741211,11767500,49.491416833549955,2.076145780825859,2.0824801730731637,0.010246067553298488,0.016902683424143243,222399000
2012-07-09,2.0993330478668213,2.121999979019165,2.0446670055389404,2.062666893005371,13657500,51.92975842237522,2.078354091972617,2.0831410701238955,0.010780078079050792,0.015678162355124755,236056500
2012-07-10,2.0846669673919678,2.1653330326080322,2.059333086013794,2.1026670932769775,11376000,50.768452063164894,2.0789553182030316,2.0832009092324473,0.00990566875987664,0.014523663636075133,224680500
2012-07-11,2.1006669998168945,2.111999988555908,2.0673329830169678,2.1046669483184814,9579000,52.028834250574604,2.0810230974043518,2.0838858539612493,0.010384060982342458,0.013695743105328598,234259500
2012-07-12,2.180000066757202,2.200666904449463,2.053333044052124,2.0859999656677246,16885500,57.797963152621826,2.0904494754379566,2.0876550387767767,0.01696909657088197,0.014350413798439274,251145000
2012-07-13,2.2833330631256104,2.293333053588867,2.188667058944702,2.197999954223633,19572000,63.88957271669574,2.1088193409320186,2.0953286867904564,0.03017802049931584,0.01751593513861459,270717000
2012-07-16,2.3973329067230225,2.4000000953674316,2.259999990463257,2.2880001068115234,26160000,69.17574332777666,2.136296823388305,2.10717198953291,0.04927698807495551,0.023868145725882774,296877000
2012-07-17,2.2233328819274902,2.3473329544067383,2.1586670875549316,2.3333330154418945,38539500,55.75884681874995,2.144585971820608,2.111727318646423,0.04979866168386238,0.0290542489174787,258337500
2012-07-18,2.1433329582214355,2.2446670532226562,2.070667028427124,2.0946669578552246,43228500,50.87330090587712,2.1444666371921155,2.112966755492502,0.04325811391162393,0.03189502191630775,215109000
2012-07-19,2.1513330936431885,2.2100000381469727,2.135999917984009,2.181333065032959,21538500,51.332531194175296,2.145120585425551,2.1144713177729213,0.038278970603353724,0.033171811653716944,236647500
2012-07-20,2.119333028793335,2.1500000953674316,2.0833330154418945,2.138000011444092,23527500,49.34552633664752,2.142664627651054,2.1146619731070553,0.03138899308773091,0.03281524794051974,213120000
2012-07-23,2.0439999103546143,2.086667060852051,2.041332960128784,2.069999933242798,20802000,44.935736577972044,2.133267987908536,2.111890911822646,0.01962367369903717,0.030176933092223225,192318000
2012-07-24,1.9893330335617065,2.069333076477051,1.974666953086853,2.0439999103546143,22504500,42.00236648849668,2.1195598970183616,2.1070847205182957,0.005821308807617331,0.025305808235302048,169813500
2012-07-25,1.9299999475479126,1.9986670017242432,1.9166669845581055,1.9946670532226562,42633000,39.024726294757535,2.1015065684973666,2.1001402196174963,-0.009791973211633831,0.018286251945914874,127180500
2012-07-26,1.8753329515457153,2.0,1.8426669836044312,1.9933329820632935,33934500,36.46007142824083,2.079966224025781,2.091324248320564,-0.02627391210197283,0.009374219136337333,93246000
2012-07-27,1.9673329591751099,1.9773329496383667,1.8733329772949219,1.9140000343322754,25095000,43.22263879732419,2.069239246420955,2.086461844824664,-0.03154866233790532,0.0011896428414888028,118341000
2012-07-30,1.8233330249786377,2.016666889190674,1.8140000104904175,1.9673329591751099,30978000,36.647969495002435,2.045819606283591,2.0761430675758,-0.046808946734005374,-0.008410075073610032,87363000
2012-07-31,1.8279999494552612,1.8646670579910278,1.8233330249786377,1.8359999656677246,23626500,36.98253160197801,2.0250748770618454,2.0664119649044066,-0.05785928444524724,-0.018299916947937474,110989500
2012-08-01,1.75,1.8660000562667847,1.73533296585083,1.8660000562667847,23884500,33.77237616840867,1.998877269722622,2.054003652555214,-0.07207980956649496,-0.02905589547164897,87105000
2012-08-02,1.7400000095367432,1.7899999618530273,1.7013330459594727,1.7893329858779907,19576500,33.372424847197934,1.974222292562062,2.0416897842015485,-0.08319754433301418,-0.03988422524392202,67528500
2012-08-03,1.8179999589920044,1.8366669416427612,1.7826670408248901,1.7933330535888672,18142500,39.40069340078788,1.9593439750791994,2.032917634193331,-0.08473768193618647,-0.04885491658237491,85671000
2012-08-06,1.8846670389175415,1.9133330583572388,1.8366669416427612,1.8366669416427612,22923000,44.05942118255849,1.9522318859209462,2.0271038853589864,-0.07966049924448448,-0.05501603311479683,108594000
2012-08-07,2.016666889190674,2.059999942779541,1.899999976158142,1.9179999828338623,35808000,51.938005044321834,1.9583685528990156,2.026694591391602,-0.06424493501416051,-0.056861813494669566,144402000
2012-08-08,1.9393329620361328,2.0,1.906000018119812,1.9933329820632935,19633500,47.699467387802265,1.9565556394835029,2.023268645142368,-0.057604165945589036,-0.057010283984853465,124768500
2012-08-09,1.9606670141220093,2.0,1.9420000314712524,1.968000054359436,10089000,48.9374686616706,1.9569471989728844,2.0208136792200007,-0.050042964760278474,-0.05561682013993847,134857500
2012-08-10,1.996000051498413,1.996000051498413,1.9539999961853027,1.9539999961853027,10611000,51.00594551723479,1.96066651826103,2.0198405957799386,-0.040730066664720566,-0.05263946944489489,145468500
2012-08-13,2.078000068664551,2.086667060852051,1.940000057220459,1.9793330430984497,13051500,55.51023308817563,1.9718411421089843,2.0221213594224725,-0.026428164318312408,-0.047397208419578396,158520000
2012-08-14,1.9613330364227295,2.078000068664551,1.9506670236587524,2.049999952316284,11901000,48.6562883836262,1.9708403701388648,2.019737503618561,-0.024228566313285516,-0.04276347999831982,146619000
2012-08-15,1.9600000381469727,1.9800000190734863,1.920667052268982,1.9593329429626465,7881000,48.5824787015127,1.9698079575682084,2.0173948579137932,-0.02233546156993982,-0.03867787631264382,138738000
2012-08-16,2.0199999809265137,2.0260000228881836,1.9666670560836792,1.9686670303344727,10035000,52.104371757029554,1.9745881502689993,2.0174970196005666,-0.01581140445162932,-0.03410458194044092,148773000
2012-08-17,2.000667095184326,2.047333002090454,1.9986670017242432,2.0193328857421875,7623000,50.89469843089017,1.9770718593085541,2.0168370225646357,-0.012062001247752807,-0.0296960658019033,141150000
2012-08-20,1.9673329591751099,2.0260000228881836,1.940000057220459,2.009999990463257,17686500,48.791337205711855,1.9761443450101308,2.014895686745439,-0.011646109288211637,-0.02608607449916497,123463500
2012-08-21,1.9406670331954956,2.0,1.9333330392837524,1.972000002861023,11424000,47.11391397843031,1.972765553408737,2.011984759155245,-0.013314745189643151,-0.023531808637260607,112039500
2012-08-22,1.9966670274734497,2.00266695022583,1.934000015258789,1.934000015258789,11632500,50.929297533251216,1.975041884272043,2.0113840637951745,-0.010003110011159944,-0.020826068912040474,123672000
2012-08-23,2.0486669540405273,2.0566670894622803,1.976667046546936,2.0,22065000,54.2312105851671,1.9820537956785653,2.0128461379224434,-0.003146386199178064,-0.017290132369467994,145737000
2012-08-24,1.9666670560836792,2.0160000324249268,1.9606670141220093,2.003999948501587,21441000,48.66964800827045,1.9805883919076237,2.0110351935366095,-0.004279755286642484,-0.014688056952902893,124296000
2012-08-27,1.8880000114440918,1.9800000190734863,1.878000020980835,1.9713330268859863,20256000,44.006991577636526,1.971770450911097,2.006210284434942,-0.011394384140815061,-0.014029322390485328,104040000
2012-08-28,1.9126670360565186,1.9586670398712158,1.8666670322418213,1.8933329582214355,21040500,45.7616410366135,1.9661415542582799,2.0025419217534353,-0.014870933169835787,-0.014197644546355422,125080500
2012-08-29,1.8940000534057617,1.9093329906463623,1.8680000305175781,1.8993330001831055,12583500,44.62205230637972,1.9592709351294686,1.9982853778966638,-0.018914359849387052,-0.015140987606961748,112497000
2012-08-30,1.8940000534057617,1.9160000085830688,1.8733329772949219,1.9066669940948486,9846000,44.62205230637972,1.9530546606795918,1.9941957573283933,-0.021866738474683567,-0.016486137780506113,122343000
2012-08-31,1.901332974433899,1.9226670265197754,1.8799999952316284,1.9073330163955688,8097000,45.24328767165178,1.9481287857990497,1.990554079567825,-0.02334569966918476,-0.017858050158241844,130440000
2012-09-04,1.8760000467300415,1.9326670169830322,1.8600000143051147,1.901332974433899,11287500,43.43065921074851,1.9412593820781918,1.9860617645545786,-0.02625924241995148,-0.019538288610583772,119152500
2012-09-05,1.8626669645309448,1.899999976158142,1.8539999723434448,1.8673330545425415,9589500,42.46632152617915,1.933774389930835,1.9812227527889459,-0.029306289680224307,-0.02149188882451188,109563000
2012-09-06,1.9033329486846924,1.9266669750213623,1.8600000143051147,1.8666670322418213,12625500,46.37714374846324,1.93087520505025,1.9781682506672105,-0.028115592476660733,-0.02281662955494165,122188500
2012-09-07,1.9566669464111328,1.9713330268859863,1.899999976158142,1.9033329486846924,14298000,51.074354348333166,1.9333315613703341,1.9773250622650114,-0.022607740518749253,-0.022774851747703172,136486500
2012-09-10,1.824666976928711,1.9566669464111328,1.8200000524520874,1.946666955947876,22249500,41.406808814579215,1.9229825533282747,1.9713384706831958,-0.02856474591762992,-0.023932830581688522,114237000
2012-09-11,1.8533329963684082,1.8773330450057983,1.8266669511795044,1.8506669998168945,15223500,43.89066642106268,1.9163492621892397,1.9667108050237925,-0.030619643230194393,-0.0252701931113897,129460500
2012-09-12,1.8853329420089722,1.9053330421447754,1.8533329963684082,1.8600000143051147,17178000,46.61145121792523,1.913395326933976,1.9635195162781134,-0.029327961492583876,-0.026081746787628535,146638500
2012-09-13,1.9653329849243164,1.9666670560836792,1.8986669778823853,1.9046670198440552,22270500,52.77658034821944,1.9183417705521038,1.9635906326956116,-0.021599968542604264,-0.025185391138623683,168909000
2012-09-14,2.0260000228881836,2.043333053588867,1.976667046546936,2.0,23049000,56.84625599310396,1.928594937441254,1.966038059761987,-0.010459583931769156,-0.02224022969725278,191958000
2012-09-17,2.169332981109619,2.185333013534546,2.1006669998168945,2.1566669940948486,48192000,64.6069170234493,1.9515223701715745,1.974010409618757,0.009821803344318925,-0.01582782308893844,240150000
2012-09-18,2.0893330574035645,2.126667022705078,2.045332908630371,2.125333070755005,26827500,58.30445593748358,1.9646471975270021,1.9785328663946318,0.019218089451946918,-0.00881864058076137,213322500
2012-09-19,2.069999933242798,2.115999937057495,2.062666893005371,2.066667079925537,15727500,56.860872711434354,1.9746807914046969,1.9821198101925992,0.024818598982683016,-0.0020911926680724936,197595000
2012-09-20,2.059999942779541,2.0999999046325684,2.045332908630371,2.062000036239624,13686000,56.08732512130445,1.9828064248689676,1.985173933039146,0.028125909501345525,0.003952227765811111,183909000
2012-09-21,2.001332998275757,2.0993330478668213,1.9693330526351929,2.0733330249786377,28050000,51.64810692808262,1.984570860431519,1.9858076218719543,0.025716599839011645,0.008305102180451218,155859000
2012-09-24,2.0439999103546143,2.068666934967041,1.9600000381469727,1.9673329591751099,19528500,54.470497388550676,1.9902307699480044,1.988089672400686,0.02693952571282998,0.01203198688692697,175387500
2012-09-25,1.843999981880188,1.9653329849243164,1.835332989692688,1.9079999923706055,85206000,42.07307984029983,1.97630402822726,1.982439096301843,0.011636245129253764,0.01195283853539233,90181500
2012-09-26,1.8359999656677246,1.8933329582214355,1.8320000171661377,1.843999981880188,22908000,41.66458864868297,1.9629417365549233,1.9766963852965835,-0.001124289329291539,0.009337412962455556,67273500
2012-09-27,1.8993330001831055,1.9026670455932617,1.840000033378601,1.8546669483184814,26379000,46.12419264956596,1.9568837616623693,1.9736625270568393,-0.006056838766192341,0.006258562616725977,93652500
2012-09-28,1.9520000219345093,1.9926669597625732,1.9073330163955688,1.9153330326080322,65151000,49.576356510493554,1.9564186435930493,1.9728130170520422,-0.0056509901366870174,0.0038766520660433786,158803500
2012-10-01,1.944000005722046,1.9926669597625732,1.9333330392837524,1.9666670560836792,13266000,49.062099138138976,1.9552359161767632,1.971683095039101,-0.0059067967471948535,0.0019199623033957325,145537500
2012-10-02,1.9866670370101929,1.9926669597625732,1.9333330392837524,1.9520000219345093,10935000,51.92627660097983,1.9582293562561375,1.972270700606595,-0.0026362632851799628,0.0010087171856805934,156472500
2012-10-03,1.9533330202102661,1.9966670274734497,1.9493329524993896,1.9833329916000366,15792000,49.58069061552879,1.9577630385374831,1.9715280464734055,-0.0027029604794908124,0.0002663816526463123,140680500
2012-10-04,1.9600000381469727,2.006666898727417,1.909999966621399,2.0,23119500,50.06652098400451,1.9579760861193394,1.9710759677155063,-0.002192571260943188,-0.00022540893007158777,163800000
2012-10-05,1.9259999990463257,1.987333059310913,1.9119999408721924,1.9800000190734863,14079000,47.550163952241,1.9549307444933381,1.9693082826696562,-0.004479960932378235,-0.0010763193305329173,149721000
2012-10-08,1.9500000476837158,1.9600000381469727,1.9073330163955688,1.9240000247955322,13345500,49.480364539123485,1.954461154320993,1.968551096983933,-0.004306487867045572,-0.0017223530378354484,163066500
2012-10-09,1.891332983970642,1.9413330554962158,1.8833329677581787,1.9413330554962158,17895000,45.11017994491188,1.9484489476209597,1.9655229356892943,-0.008801492822975376,-0.0031381809948634342,145171500
2012-10-10,1.8933329582214355,1.914667010307312,1.8673330545425415,1.8926670551300049,7554000,45.28758561916419,1.943199805773386,1.9626919561807508,-0.012063376334561005,-0.0049232200628029485,152725500
2012-10-11,1.8880000114440918,1.9320000410079956,1.8833329677581787,1.929332971572876,6759000,44.87112856697236,1.9379426825039294,1.959762860308725,-0.014906928955966903,-0.00691996184143574,145966500
2012-10-12,1.8426669836044312,1.9153330326080322,1.8333330154418945,1.8880000114440918,14814000,41.387051884302714,1.9288688064182629,1.9551708651438506,-0.020581213954750988,-0.00965221226409879,131152500
2012-10-15,1.8220000267028809,1.8700000047683716,1.7906670570373535,1.8680000305175781,22030500,39.867261786994646,1.9186908273977503,1.9499484793226363,-0.02644098122566274,-0.01300996605641158,109122000
2012-10-16,1.8706669807434082,1.8726669549942017,1.8226670026779175,1.8446669578552246,7189500,44.990009886921946,1.9141171277163844,1.9468394009469803,-0.026848381115871733,-0.01577764906830361,116311500
2012-10-17,1.9213329553604126,1.9226670265197754,1.8533329963684082,1.8833329677581787,10020000,49.78605522739322,1.9148043493967681,1.9458391481788797,-0.022819874438002374,-0.017186094142243365,126331500
2012-10-18,1.869333028793335,1.9326670169830322,1.8519999980926514,1.9326670169830322,11115000,45.41017063515201,1.9104737474345364,1.942838908202976,-0.023551723753421294,-0.018459220064478952,115216500
2012-10-19,1.8493330478668213,1.8799999952316284,1.8200000524520874,1.8553329706192017,15411000,43.81505192821407,1.9046508236661825,1.9391720117192053,-0.025452154330825705,-0.019857806917748303,99805500
2012-10-22,1.8566670417785645,1.8666670322418213,1.8240000009536743,1.8660000562667847,7053000,44.58377944071594,1.9000809396768856,1.9359365227019254,-0.026065994678216242,-0.021099444469841893,106858500
2012-10-23,1.8926670551300049,1.9040000438690186,1.824666976928711,1.8253329992294312,11235000,48.32151854815167,1.8993748554343255,1.93423968083636,-0.023378079416048747,-0.021555171459083266,118093500
2012-10-24,1.8279999494552612,1.901332974433899,1.8166669607162476,1.901332974433899,15246000,42.74432189373825,1.8925772453410812,1.9300734168606306,-0.02616437555317863,-0.02247701227790234,102847500
2012-10-25,1.8346669673919678,1.8533329963684082,1.8300000429153442,1.8533329963684082,8665500,43.46875257665427,1.887061980774499,1.9263319874697027,-0.027517359693549626,-0.023485081761031798,111513000
2012-10-26,1.8253329992294312,1.8533329963684082,1.801332950592041,1.835332989692688,7161000,42.65504556364988,1.8811830301511592,1.9223712428328295,-0.02900839191115323,-0.024589743791056086,104352000
2012-10-31,1.8753329515457153,1.8899999856948853,1.824666976928711,1.8466670513153076,11628000,48.24410424430987,1.8806258798077835,1.9205266039588251,-0.025857399396453484,-0.024843274912135567,115980000
2012-11-01,1.9500000476837158,1.965999960899353,1.8799999952316284,1.8833329677581787,15361500,55.257216782655604,1.8872329434150152,1.92168242528137,-0.017137652299609618,-0.023302150389630377,131341500
2012-11-02,1.9279999732971191,1.9700000286102295,1.9033329486846924,1.9513330459594727,15454500,52.97930547603127,1.8911155176895014,1.9219301722623798,-0.011865632419251204,-0.021014846795554543,115887000
2012-11-05,2.0999999046325684,2.105333089828491,1.9553329944610596,1.9866670370101929,30733500,65.09450172366837,1.9110092688269362,1.928913299021995,0.006120880612566992,-0.015587701313930237,146620500
2012-11-06,2.076667070388794,2.0799999237060547,1.9966670274734497,2.0406670570373535,34860000,62.73314091105638,1.9267862023090179,1.9347075645657912,0.018281815662350542,-0.008813797918674081,111760500
2012-11-07,2.1026670932769775,2.136667013168335,2.053999900817871,2.066667079925537,25717500,64.28776705996843,1.9435367633535854,1.9412942127505437,0.02967534989856202,-0.001115968355226861,137478000
2012-11-08,2.0873329639434814,2.125333070755005,2.062666893005371,2.0673329830169678,19110000,62.62839216818368,1.957231639600242,1.947021222601247,0.03704049204678417,0.006515323725175345,118368000
2012-11-09,2.0213329792022705,2.062000036239624,1.9900000095367432,2.0399999618530273,12945000,55.93606064174244,1.9633365290861495,1.9499354091346206,0.03712383264456198,0.012637025509052673,105423000
2012-11-12,2.0713329315185547,2.0946669578552246,2.010667085647583,2.0193328857421875,8338500,59.46950705089083,1.9736219007463787,1.9546960962869318,0.04075466454959531,0.0182605533171612,113761500
2012-11-13,2.107332944869995,2.1333329677581787,2.0480000972747803,2.0859999656677246,14974500,61.84207003080135,1.9863562859010089,1.960681855054895,0.04600668873627911,0.023809780400984783,128736000
2012-11-14,2.0920000076293945,2.1413331031799316,2.0799999237060547,2.130666971206665,13069500,60.22503182338765,1.9964175927322838,1.9658315865284048,0.04837408945894639,0.028722642212577105,115666500
2012-11-15,2.0546669960021973,2.0959999561309814,2.0333330631256104,2.086667060852051,14760000,56.360778430205684,2.001965154948466,1.9693153280763966,0.04669948693853687,0.03231801115776906,100906500
2012-11-16,2.122667074203491,2.1333329677581787,2.0393331050872803,2.076667070388794,13630500,61.23923026668987,2.013460575829897,1.9753291220421652,0.050279796194290016,0.03591036816507326,114537000
2012-11-19,2.194667100906372,2.2166669368743896,2.122667074203491,2.138000011444092,20886000,65.62150692380922,2.0307183401228945,1.983930611409389,0.058255484536841706,0.04037939143942695,135423000
2012-11-20,2.200000047683716,2.206666946411133,2.127332925796509,2.186666965484619,13837500,65.92877288319737,2.0468404075096394,1.9924039226358334,0.06426578329986166,0.04515666981151389,149260500
2012-11-21,2.1646668910980225,2.231333017349243,2.1526670455932617,2.1740000247955322,14448000,61.97643490353264,2.0580619773752,1.9991593331637625,0.06542373384752986,0.04921008261871709,134812500
2012-11-23,2.1419999599456787,2.188667058944702,2.113332986831665,2.173332929611206,6454500,59.51166623816927,2.0660560709533407,2.0047609263708965,0.06377720220352145,0.05212350653567797,128358000
2012-11-26,2.1513330936431885,2.1533329486846924,2.1080000400543213,2.140000104904175,7437000,60.213294378872384,2.0741776921618977,2.010508854499222,0.06250490229643857,0.05419978568783009,135795000
2012-11-27,2.1433329582214355,2.177333116531372,2.101332902908325,2.1419999599456787,13662000,59.265243376280765,2.080763907977092,2.0157176428804853,0.060157592109992386,0.055391346972262556,122133000
2012-11-28,2.2153329849243164,2.2860000133514404,2.127332925796509,2.1333329677581787,22878000,64.65842682260819,2.0935800105434943,2.023545695509655,0.06337656669109748,0.056988390916029544,145011000
2012-11-29,2.246000051498413,2.266666889190674,2.191333055496216,2.22933292388916,16551000,66.6818433568018,2.108096204920153,2.0322693957445086,0.06762269092789008,0.059115250918401654,161562000
2012-11-30,2.254667043685913,2.2853329181671143,2.200666904449463,2.242000102996826,21304500,67.25247874623199,2.122055332421654,2.0409908721343677,0.07087018147676893,0.061466237030075116,182866500
2012-12-03,2.308000087738037,2.3333330154418945,2.233333110809326,2.2593328952789307,31285500,70.59042359144476,2.1397643567375,2.051461821765884,0.07686136212774919,0.06454526204960993,214152000
2012-12-04,2.259999990463257,2.319999933242798,2.2366669178009033,2.2720000743865967,18949500,64.2435388960607,2.1512153694732863,2.059639789165781,0.07685032653462898,0.06700627494661375,195202500
2012-12-05,2.24733304977417,2.2793331146240234,2.2386670112609863,2.254667043685913,9922500,62.64287264366623,2.1603694342638464,2.0670003091896394,0.07495542501456898,0.0685961049602048,185280000
2012-12-06,2.259999990463257,2.319999933242798,2.233333110809326,2.254667043685913,9906000,63.61905289308304,2.1698580586637903,2.074568924141546,0.07362709088699004,0.06960230214556185,195186000
2012-12-07,2.2780001163482666,2.299333095550537,2.256666898727417,2.2866671085357666,9966000,65.01796398853224,2.180157302252788,2.0825466179535743,0.07318322557687029,0.07031848683182354,205152000
2012-12-10,2.3046669960021973,2.319999933242798,2.2786669731140137,2.295332908630371,13947000,67.03998145715357,2.1920153683241606,2.091257221014305,0.0741287434336213,0.0710805381521831,219099000
2012-12-11,2.3519999980926514,2.3666670322418213,2.297333002090454,2.3066670894622803,23589000,70.31934683664144,2.2072519997306834,2.101482427958554,0.07780061379089975,0.07242455327992643,242688000
2012-12-12,2.3506669998168945,2.386667013168335,2.3299999237060547,2.3473329544067383,30957000,70.1077939856257,2.2209105711674653,2.1112543719529984,0.07968448256972271,0.0738765391378857,211731000
2012-12-13,2.2406671047210693,2.353332996368408,2.183332920074463,2.3506669998168945,32269500,55.318113755342345,2.222792145791618,2.116329381081158,0.07147744245922194,0.07339671980215294,179461500
2012-12-14,2.253999948501587,2.293333053588867,2.239332914352417,2.252000093460083,15345000,56.51552120101719,2.2257643174782817,2.1217282268623516,0.06529645620745539,0.07177666708321344,194806500
2012-12-17,2.293333053588867,2.299999952316284,2.25,2.251332998275757,12373500,59.92728783749455,2.2321994352030994,2.1284578279104505,0.06284736759884657,0.06999080718634007,207180000
2012-12-18,2.305999994277954,2.3380000591278076,2.2839999198913574,2.2839999198913574,23308500,60.98881801736441,2.239228059876895,2.1354202658072152,0.06122282486816699,0.06823721072270546,230488500
2012-12-19,2.307332992553711,2.3506669998168945,2.301332950592041,2.316667079925537,19482000,61.10558321176158,2.2457142439413538,2.1421619413659014,0.05935867501435421,0.06646150358103521,249970500
2012-12-20,2.295332908630371,2.319333076477051,2.2699999809265137,2.3006670475006104,13818000,59.38243868191569,2.2504398310545937,2.148168645964508,0.05626443495820199,0.06442208985646856,236152500
2012-12-21,2.266666889190674,2.2780001163482666,2.2386670112609863,2.262666940689087,22386000,55.36590850720836,2.2519852651627916,2.152815635894946,0.05091223467448058,0.061720118820070974,213766500
2012-12-24,2.2853329181671143,2.2899999618530273,2.2366669178009033,2.2426669597625732,5637000,57.387081615456786,2.2551612321155843,2.158012392062482,0.04762774690986227,0.058901644438029234,219403500
2012-12-26,2.239332914352417,2.299999952316284,2.233333110809326,2.2639999389648438,9021000,51.230292694522085,2.253653773280997,2.1612014321522834,0.04084214796478847,0.055289745143381086,210382500
2012-12-27,2.246000051498413,2.260667085647583,2.200000047683716,2.233333110809326,8416500,52.03353039561279,2.252924847396941,2.164526868205073,0.0355922093275618,0.051350237980217234,218799000
2012-12-28,2.2146670818328857,2.243333101272583,2.2013330459594727,2.2253329753875732,6211500,48.029912825489085,2.249281250676555,2.1664931510924386,0.02857390416180028,0.046794971216533844,212587500
2012-12-31,2.257999897003174,2.26466703414917,2.200000047683716,2.200000047683716,8923500,53.373160458856795,2.250111597945757,2.1700816509320755,0.02620635227443957,0.04267724742811499,221511000
2013-01-02,2.357332944869995,2.363332986831665,2.313999891281128,2.3333330154418945,17922000,62.81195867640926,2.2603231547956844,2.177424838929641,0.03197678863383846,0.04053715566925969,239433000
2013-01-03,2.318000078201294,2.363332986831665,2.316667079925537,2.3453330993652344,11130000,57.82069458618121,2.265816195120028,2.1829375934108826,0.03299571335627638,0.03902886720666303,228303000
2013-01-04,2.293333053588867,2.319999933242798,2.2613329887390137,2.319999933242798,10110000,54.87563798522992,2.2684368483075366,2.1872668271433526,0.03145025682094138,0.0375131451295187,218193000
2013-01-07,2.2893331050872803,2.319999933242798,2.259999990463257,2.319999933242798,6630000,54.391837402089905,2.2704269680008453,2.1912694262784087,0.029561937355000012,0.035922903574614966,211563000
2013-01-08,2.245332956314087,2.299999952316284,2.2073330879211426,2.299999952316284,19260000,49.24829383459935,2.268037062125916,2.1933895647111803,0.024235613229064867,0.03358544550550495,192303000
2013-01-09,2.2426669597625732,2.2793331146240234,2.2266669273376465,2.2673330307006836,10470000,48.94627193596242,2.265620861900836,2.1953220115759406,0.019573705847324874,0.030783097573868937,181833000
2013-01-10,2.23533296585083,2.2660000324249268,2.2253329753875732,2.257999897003174,13837500,48.07287239053962,2.262736300372264,2.1968910686063285,0.01511310418665035,0.027649098896425223,167995500
2013-01-11,2.194000005722046,2.2693328857421875,2.140666961669922,2.2693328857421875,23448000,43.375270717471665,2.2561899865960524,2.1967776935912586,0.008148885505630421,0.023749056218266264,144547500
2013-01-14,2.2173330783843994,2.2253329753875732,2.190000057220459,2.2053329944610596,13876500,46.55053298708315,2.252489328671133,2.1975837871125585,0.004461051759883539,0.01989145532658972,158424000
2013-01-15,2.259999990463257,2.2833330631256104,2.2053329944610596,2.2073330879211426,24363000,51.865867220753984,2.2532046297941926,2.2000314813616058,0.004924513443895329,0.016898066950050843,182787000
2013-01-16,2.2733330726623535,2.2820000648498535,2.248667001724243,2.256666898727417,20673000,53.424586635302674,2.255121624353065,2.202906053569478,0.006295112335354958,0.014777476027111667,203460000
2013-01-17,2.2920000553131104,2.3233330249786377,2.2613329887390137,2.2773330211639404,21550500,55.59277342585044,2.2586338558730694,2.206399935990797,0.008786308232879847,0.013579242468265303,225010500
2013-01-18,2.301332950592041,2.318666934967041,2.254667043685913,2.315999984741211,53326500,56.67862181864471,2.262700436322495,2.210122799308493,0.0113824754884293,0.013139889072298103,278337000
2013-01-22,2.3459999561309814,2.369999885559082,2.2839999198913574,2.303999900817871,28803000,61.527299778214484,2.270633723923303,2.215451315262316,0.016849974771656395,0.013881906212169762,307140000
2013-01-23,2.4000000953674316,2.4159998893737793,2.330667018890381,2.3346669673919678,23464500,66.42045120983289,2.282954330727506,2.222688522325262,0.02524930896658928,0.016155386763053666,330604500
2013-01-24,2.4660000801086426,2.51466703414917,2.3893330097198486,2.4000000953674316,29556000,71.23574469166778,2.300387259239995,2.2322301520422574,0.036807198540646624,0.02028574911857226,360160500
2013-01-25,2.4653329849243164,2.50266695022583,2.4533329010009766,2.4666669368743896,19317000,71.1247257293156,2.316096375971835,2.24137143960626,0.04538985430572362,0.02530657015600253,340843500
2013-01-28,2.5353329181671143,2.580667018890381,2.4573330879211426,2.4573330879211426,29790000,75.44857378941977,2.3369760466570995,2.2528993407262936,0.05718093421732373,0.03168144296826677,370633500
2013-01-29,2.5299999713897705,2.562666893005371,2.4753329753875732,2.5399999618530273,21399000,74.53288781547114,2.3553592775840206,2.2637660321248614,0.06534190495537207,0.03841353536568783,349234500
2013-01-30,2.501332998275757,2.5333330631256104,2.495332956314087,2.5233330726623535,14521500,69.64012311477664,2.369261536697519,2.2730823837386223,0.06870436673870373,0.04447170164029102,334713000
2013-01-31,2.500667095184326,2.5246670246124268,2.4619998931884766,2.5246670246124268,13521000,69.52594912342707,2.3817763517915007,2.282007274383552,0.07050269789796726,0.04967790089182627,321192000
2013-02-01,2.553333044052124,2.566667079925537,2.507999897003174,2.5446670055389404,16509000,73.25994259322182,2.3981150843877503,2.2926475006450646,0.07530946953757978,0.054804214620976975,337701000
2013-02-04,2.5160000324249268,2.561332941055298,2.50600004196167,2.559999942779541,16920000,66.99346353266739,2.4093422222960528,2.3014064234599614,0.07523909915917937,0.05889119152861746,320781000
2013-02-05,2.5420000553131104,2.576667070388794,2.51200008392334,2.5333330631256104,19653000,68.98330262872345,2.4219763016310107,2.3108414678463594,0.07640061594029701,0.062393076410953374,340434000
2013-02-06,2.611332893371582,2.625999927520752,2.5266671180725098,2.545332908630371,28398000,73.56069347048916,2.44001026274916,2.3226254453179367,0.08197079860891066,0.06630862085054483,368832000
2013-02-07,2.631999969482422,2.6453330516815186,2.5966670513153076,2.6126670837402344,17949000,74.75659421591249,2.4582949967237564,2.3347577795988967,0.08704941732838867,0.0704567801461136,386781000
2013-02-08,2.615999937057495,2.6666669845581055,2.609333038330078,2.630000114440918,17097000,72.03987632683592,2.473314514850779,2.3457868838129596,0.08876002009375883,0.07411742813564265,369684000
2013-02-11,2.561332941055298,2.609999895095825,2.5,2.5320000648498535,48994500,63.54312971751117,2.481697222108352,2.354239670371483,0.08472782576908688,0.07623950766233151,320689500
2013-02-12,2.5260000228881836,2.5913329124450684,2.4860000610351562,2.563333034515381,33919500,58.722300456888405,2.485916536468336,2.360975370470177,0.07778455952680696,0.0765485180352266,286770000
2013-02-13,2.563333034515381,2.5999999046325684,2.5366671085357666,2.553333044052124,14502000,62.00254248206757,2.49328953628234,2.3689109651386167,0.07443637682261084,0.07612608979270345,301272000
2013-02-14,2.551332950592041,2.5833330154418945,2.547333002090454,2.5759999752044678,14860500,60.34260995799039,2.4988174805023116,2.3760647684897314,0.07000760730466826,0.07490239329509642,286411500
2013-02-15,2.4693329334259033,2.5673329830169678,2.4633328914642334,2.566667079925537,30264000,50.410982108306676,2.4960094283997964,2.3797223435852675,0.05919865423542392,0.07176164548316193,256147500
2013-02-19,2.618666887283325,2.619333028793335,2.487333059310913,2.4906671047210693,40521000,62.51191615032882,2.5076910911506087,2.3890927178479364,0.06196815280244383,0.06980294694701832,296668500
2013-02-20,2.569333076477051,2.6433329582214355,2.563999891281128,2.619999885559082,46830000,57.51835230864325,2.5135617564197936,2.396160967205941,0.05949633739544957,0.06774162503670457,249838500
2013-02-21,2.3440001010894775,2.4926669597625732,2.3026669025421143,2.4326670169830322,135567000,41.293137684894525,2.497413027340716,2.3941154430445115,0.038906428855970177,0.061974585800557695,114271500
2013-02-22,2.4073328971862793,2.4260001182556152,2.373332977294922,2.381333112716675,38209500,45.91139756516599,2.4888339673260074,2.394633774579483,0.027383544887109146,0.05505637761786799,152481000
2013-02-25,2.2920000553131104,2.450000047683716,2.2893331050872803,2.4100000858306885,43341000,39.77505860283099,2.470087880467636,2.3906089228435468,0.008843240489861515,0.045813750192266696,109140000
2013-02-26,2.295332908630371,2.330667018890381,2.25333309173584,2.297333002090454,41443500,40.02452406172998,2.453444549816468,2.3868726085606773,-0.005517548052358379,0.035547490543341685,150583500
2013-02-27,2.3399999141693115,2.3606669902801514,2.293333053588867,2.2939999103546143,29388000,43.407862587265335,2.4426402988024534,2.3850344636825844,-0.013142820137289402,0.02580942840721547,179971500
2013-02-28,2.322000026702881,2.4066669940948486,2.291332960128784,2.392667055130005,29473500,42.370564362774715,2.4311507490786846,2.382562524977498,-0.020403148889046818,0.016566912947963013,150498000
2013-03-01,2.309999942779541,2.3386669158935547,2.2833330631256104,2.3333330154418945,23199000,41.65588575413016,2.4196125770501946,2.3797169335187545,-0.026816197780872297,0.007890290802195951,127299000
2013-03-04,2.371999979019165,2.388667106628418,2.313333034515381,2.318000078201294,26365500,46.661734960403074,2.415078043904382,2.379414307852104,-0.026589196753576072,0.0009943932910415464,153664500
2013-03-05,2.4433329105377197,2.4613330364227295,2.385999917984009,2.4000000953674316,31305000,51.787121091278784,2.4177689835837475,2.3819209197221283,-0.020417959853176626,-0.0032880773378020883,184969500
2013-03-06,2.512666940689087,2.5253329277038574,2.4646670818328857,2.4673330783843994,17250000,56.19336611201749,2.4268068842604467,2.387048214662009,-0.009819342100296335,-0.004594330290300938,202219500
2013-03-07,2.5486669540405273,2.576667070388794,2.458667039871216,2.5153329372406006,17374500,58.32317719303683,2.438412605191883,2.393386204441559,0.001468115518744817,-0.0033818411284917867,219594000
2013-03-08,2.564666986465454,2.629333019256592,2.4906671047210693,2.5373330116271973,13681500,59.27095878626509,2.450436831979842,2.400103097854261,0.011571190422047462,-0.0003912348183839369,233275500
2013-03-11,2.6066670417785645,2.629333019256592,2.576667070388794,2.5913329124450684,23692500,61.73117074752522,2.4653158995797204,2.408203644674822,0.022705271292381646,0.0042280664037691795,256968000
2013-03-12,2.6080000400543213,2.625333070755005,2.5899999141693115,2.5933330059051514,19126500,61.810017209508736,2.478904865339206,2.416038797434802,0.031276140539941544,0.009637681231003652,276094500
2013-03-13,2.5986669063568115,2.632667064666748,2.5873329639434814,2.5999999046325684,12330000,60.86446947614345,2.4903107740075496,2.4232006840591946,0.036890262298884036,0.01508819744457973,263764500
2013-03-14,2.456666946411133,2.5940001010894775,2.4513330459594727,2.5933330059051514,30315000,48.66621741023314,2.487106599950748,2.4245130865043687,0.029540756760521703,0.017978709307768126,233449500
2013-03-15,2.3526670932769775,2.4433329105377197,2.3473329544067383,2.442667007446289,49194000,42.02337593654663,2.474302837410389,2.421695596573883,0.015149665769500942,0.01741290060011469,184255500
2013-03-18,2.3433330059051514,2.4040000438690186,2.328000068664551,2.353332996368408,19741500,41.476172535388386,2.4618295201241756,2.4186225538025603,0.002957349154060207,0.014521790310903794,164514000
2013-03-19,2.3386669158935547,2.373332977294922,2.3293330669403076,2.3499999046325684,16477500,41.187444714848105,2.450099748292688,2.4154870385904426,-0.007000961347897405,0.010217239979143554,148036500
2013-03-20,2.396667003631592,2.4046669006347656,2.3440001010894775,2.3506669998168945,21345000,46.20077377291151,2.445010915467822,2.414748998003821,-0.010096485809383715,0.006154494821438101,169381500
2013-03-21,2.4006669521331787,2.4706668853759766,2.382667064666748,2.396667003631592,17194500,46.539229454570425,2.4407876808645224,2.4141967609108543,-0.012087610383818781,0.002506073780386724,186576000
2013-03-22,2.441333055496216,2.4533329010009766,2.413332939147949,2.413332939147949,6603000,49.98427666079236,2.440839621305636,2.415260929325967,-0.010265838082592182,-4.830859220905697e-05,193179000
2013-03-25,2.502000093460083,2.568000078201294,2.4513330459594727,2.4733328819274902,35682000,54.676594403377024,2.446664428177488,2.418662465174364,-0.003881998201805903,-0.0008150465141284262,228861000
2013-03-26,2.5239999294281006,2.5480000972747803,2.510667085647583,2.5320000648498535,27123000,56.27846558695582,2.4540297140108795,2.422793346125491,0.0029187977159375045,-6.827766811524004e-05,255984000
2013-03-27,2.5439999103546143,2.558666944503784,2.487333059310913,2.5293331146240234,19444500,57.74071683806768,2.4625983041388544,2.4275465447227114,0.009809234047726711,0.0019072246750531504,275428500
2013-03-28,2.5260000228881836,2.549333095550537,2.516666889190674,2.5486669540405273,17380500,55.92779453458636,2.468636563067362,2.431407465435083,0.013660049449410572,0.004257789629924635,258048000
2013-04-01,2.9286670684814453,3.111999988555908,2.7799999713897705,2.8239998817443848,211477500,74.90781019329005,2.5124489921544177,2.4509078420251367,0.04864298766672315,0.013134829237284339,469525500
2013-04-02,2.9560000896453857,3.0333330631256104,2.9006669521331787,2.9066669940948486,99786000,75.67364492207236,2.554691953820224,2.4707153811474996,0.07767734849773333,0.02604333308937414,569311500
2013-04-03,2.740000009536743,2.8980000019073486,2.680666923522949,2.873332977294922,84654000,60.07059824465248,2.57234034007894,2.4812755626529603,0.08230907952763333,0.03729648237702598,484657500
2013-04-04,2.8006670475006104,2.816667079925537,2.7206668853759766,2.7406671047210693,33972000,62.4146485757514,2.594085740785766,2.493800718921496,0.08983946920883001,0.04780507974338679,518629500
2013-04-05,2.757999897003174,2.799999952316284,2.700000047683716,2.799999952316284,23286000,59.75763916563508,2.6096966128064714,2.5041614710031306,0.09131188821613945,0.05650644143793732,495343500
2013-04-08,2.7886669635772705,2.836667060852051,2.7673330307006836,2.7980000972747803,25185000,61.041368701109036,2.626741408117976,2.5153185491432932,0.09387127721391808,0.06397940859313347,520528500
2013-04-09,2.700000047683716,2.7886669635772705,2.688667058944702,2.7866671085357666,25441500,55.52616206214698,2.633718421409951,2.5225609608507606,0.08773359408147918,0.06873024569080262,495087000
2013-04-10,2.7906670570373535,2.8006670475006104,2.7073330879211426,2.7133328914642334,31816500,59.550741146427555,2.6486659105173227,2.5330749254070977,0.08915775084545396,0.0728157467217329,526903500
2013-04-11,2.9059998989105225,2.9700000286102295,2.7833330631256104,2.803999900817871,51711000,64.0120414170955,2.673173909411913,2.547699434171938,0.0984578410994712,0.07794416559728057,578614500
2013-04-12,2.9166669845581055,3.0093328952789307,2.869999885559082,2.8833329677581787,47241000,64.40309885515876,2.696363726092503,2.5621687498733565,0.10547314552565101,0.08344996158295466,625855500
2013-04-15,2.886667013168335,2.9200000762939453,2.8340001106262207,2.9000000953674316,25221000,62.351053861923845,2.7144878486711534,2.5748941719633556,0.10737433337802527,0.08823483594196878,600634500
2013-04-16,3.0393331050872803,3.0759999752044678,2.927333116531372,2.946000099182129,47706000,67.94789634078938,2.745425492139356,2.5931074634584115,0.11981872055643317,0.09455161286486166,648340500
2013-04-17,3.0299999713897705,3.063333034515381,2.9693329334259033,3.0333330631256104,31777500,67.28932021469993,2.7725278234965383,2.6102405029851314,0.12745861756015486,0.10113301380392031,616563000
2013-04-18,3.131333112716675,3.173332929611206,3.0260000228881836,3.0653328895568848,50518500,70.61901909931325,2.806699755803218,2.630675507288329,0.14007532742606932,0.10892147652835012,667081500
2013-04-19,3.188667058944702,3.3253331184387207,3.138000011444092,3.1640000343322754,45175500,72.33492048881531,2.843077594197645,2.6525575289219128,0.15293756217765653,0.11772469365821141,712257000
2013-04-22,3.3459999561309814,3.3466670513153076,3.183332920074463,3.240000009536743,59091000,76.40688279263563,2.89097496200082,2.679751349596778,0.17382270585056725,0.1289442960966826,771348000
2013-04-23,3.4006669521331787,3.5280001163482666,3.377332925796509,3.4000000953674316,56007000,77.63846603586941,2.93951705629914,2.708022549696245,0.19256572458193366,0.14166858179373282,827355000
2013-04-24,3.361999988555908,3.4033329486846924,3.2653329372406006,3.3933329582214355,39450000,74.66939478123922,2.9797535260378796,2.7336687237691732,0.20197140057234542,0.15372914554945535,787905000
2013-04-25,3.4666669368743896,3.493333101272583,3.3666670322418213,3.3666670322418213,41938500,77.21002626160444,3.026126231831833,2.762413751734084,0.2153883517062236,0.16606098678080902,829843500
2013-04-26,3.413332939147949,3.582667112350464,3.374666929244995,3.5420000553131104,54331500,73.18211121473558,3.0630030611000345,2.7879399943777647,0.2191910759758855,0.17668700461982434,775512000
2013-04-29,3.6626670360565186,3.6659998893737793,3.413332939147949,3.450666904449463,54595500,78.76054405081584,3.120113915857795,2.822243015620069,0.23956241382116605,0.18926208646009268,830107500
2013-04-30,3.5993330478668213,3.878667116165161,3.5840001106262207,3.733333110809326,82839000,74.52019643092501,3.165753833191988,2.8527171345317064,0.2477405237438326,0.20095777391684067,747268500
2013-05-01,3.552000045776367,3.7326669692993164,3.5333330631256104,3.7326669692993164,41142000,71.42522757235072,3.2025391867714528,2.880139993796203,0.24754876897239475,0.2102759729279515,706126500
2013-05-02,3.607332944869995,3.6846671104431152,3.5799999237060547,3.5899999141693115,45756000,72.84505411961584,3.241090973257028,2.908657364426548,0.24899148560084639,0.2180190754625305,751882500
2013-05-03,3.636667013168335,3.76466703414917,3.6333329677581787,3.76466703414917,50680500,73.59413123512859,3.2787648818200097,2.9372067624164218,0.24962434897057362,0.22434013016413915,802563000
2013-05-06,3.9666669368743896,3.9773330688476562,3.700000047683716,3.7593328952789307,65500500,80.20843286215921,3.34427936325376,2.9775777496500675,0.27360024040807307,0.23419215221292594,868063500
2013-05-07,3.700666904449463,4.1579999923706055,3.6746668815612793,4.133333206176758,149865000,65.88295443291143,3.378221033843827,3.0059341870931813,0.2680474434729794,0.24096321046493663,718198500
2013-05-08,3.7193329334259033,3.880000114440918,3.7139999866485596,3.8333330154418945,101548500,66.33730690061634,3.4107078814230727,3.033910608517994,0.2621313177758213,0.24519683192711358,819747000
2013-05-09,4.626667022705078,5.051332950592041,4.245999813079834,4.674666881561279,429075000,80.16507361965319,3.526513513926121,3.096371644368468,0.32688885242538035,0.261535236026767,1248822000
2013-05-10,5.117332935333252,5.400000095367432,4.616666793823242,4.6433329582214355,376239000,83.99408769549963,3.678020125488705,3.1756250283278713,0.4130410238570503,0.29183639359282365,1625061000
2013-05-13,5.853332996368408,5.866666793823242,5.27666711807251,5.3993330001831055,336253500,87.79889175243159,3.8851927798582,3.2806331839373044,0.5345443992338752,0.34037799472103397,1961314500
2013-05-14,5.549333095550537,6.474667072296143,5.409999847412109,6.281332969665527,557458500,79.40296121320463,4.043682333733661,3.369601807922137,0.5993969730480937,0.39218179038644596,1403856000
2013-05-15,5.656000137329102,5.791999816894531,5.207333087921143,5.453332901000977,253180500,80.12126800660113,4.19723641026656,3.459264487506724,0.6518857111578309,0.44412257454072296,1657036500
2013-05-16,6.150000095367432,6.3333330154418945,5.9106669425964355,6.313333034515381,324210000,83.06657945682169,4.38321390408569,3.564783530952242,0.7249878734387982,0.5002956343203381,1981246500
2013-05-17,6.099999904632568,6.296000003814697,5.8333330154418945,6.1666669845581055,285033000,81.74637712927208,4.5467173327092025,3.66420378090049,0.7700110580340533,0.5542387190630812,1696213500
2013-05-20,5.995999813079834,6.1666669845581055,5.908667087554932,6.074666976928711,125226000,78.93617856002408,4.684744235601643,3.755646762554582,0.7882142744673368,0.6010338301439324,1570987500
2013-05-21,5.8393330574035645,5.999332904815674,5.685332775115967,5.900000095367432,134973000,74.76649290922659,4.794705075773255,3.8373599505878757,0.7809959219384135,0.6370262485028286,1436014500
2013-05-22,5.815999984741211,6.064000129699707,5.699999809265137,5.757999897003174,128520000,74.13836227797798,4.891971257579727,3.9149536774174183,0.7645789513750127,0.6625367890772655,1307494500
2013-05-23,6.182000160217285,6.200666904449463,5.5366668701171875,5.6539998054504395,180333000,77.3524532916489,5.014831153069019,4.003857461056628,0.772200097252207,0.6844694507122538,1487827500
2013-05-24,6.4720001220703125,6.53000020980835,6.133333206176758,6.173333168029785,241863000,79.52390697925195,5.153609150116761,4.100647369331675,0.792504979471877,0.7060765564641786,1729690500
2013-05-28,7.355332851409912,7.383333206176758,6.686666965484619,6.769999980926514,295378500,84.42307385659697,5.36329712166849,4.228282094119057,0.8698472561500266,0.7388306964013482,2025069000
2013-05-29,6.975333213806152,7.659999847412109,6.599999904632568,7.570000171661377,376492500,75.99892326321854,5.516824368538743,4.3360095890087464,0.8902169063180772,0.769107938384694,1648576500
2013-05-30,6.99666690826416,7.302667140960693,6.74666690826416,6.830667018890381,242005500,76.1428531674035,5.657761753274497,4.440349091724645,0.8977329451094329,0.7948329397296419,1890582000
2013-05-31,6.517333030700684,7.0960001945495605,6.51533317565918,7.084000110626221,227580000,66.49431412578242,5.739625684457943,4.521799442272725,0.8551535442986289,0.8068970606434394,1663002000
2013-06-03,6.172667026519775,6.507999897003174,5.883333206176758,6.507999897003174,287094000,60.552619146184114,5.78086771703526,4.5865393475373155,0.7845535513720447,0.8024283587891605,1375908000
2013-06-04,6.322667121887207,6.427999973297119,6.159999847412109,6.183332920074463,132841500,62.13825773557078,5.832467660354493,4.654622789668684,0.7322652049617577,0.78839572802368,1508749500
2013-06-05,6.357999801635742,6.531332969665527,5.940667152404785,6.24399995803833,183372000,62.520422328065386,5.8825183404765164,4.721421888177196,0.6857722105181194,0.767871024522568,1692121500
2013-06-06,6.489999771118164,6.618000030517578,6.340666770935059,6.349999904632568,142663500,63.983065977632826,5.94037371482334,4.790777883586646,0.6520609194395863,0.7447090035059717,1834785000
2013-06-07,6.802667140960693,6.860000133514404,6.446667194366455,6.533332824707031,160674000,67.24390511452644,6.0224968982649925,4.869675501522884,0.6431601719502291,0.7243992371948232,1995459000
2013-06-10,6.670000076293945,6.834667205810547,6.571332931518555,6.595333099365234,138429000,64.57252524796195,6.084163867601084,4.940276465239396,0.6182740635227564,0.70317420246041,1857030000
2013-06-11,6.297999858856201,6.578667163848877,6.269999980926514,6.545332908630371,110910000,57.65594281924996,6.104529200101571,4.993520519891036,0.5620553109304405,0.6749504241544161,1746120000
2013-06-12,6.51533317565918,6.698667049407959,6.383333206176758,6.453332901000977,137890500,60.329441064394416,6.1436533882499145,5.053199447568218,0.5289412216537306,0.645748583654279,1884010500
2013-06-13,6.545332908630371,6.618667125701904,6.341332912445068,6.599999904632568,89424000,60.698311972018935,6.181908580667101,5.111714485256931,0.49936245551550584,0.6164713580265244,1973434500
2013-06-14,6.686666965484619,6.834667205810547,6.622000217437744,6.6666669845581055,98470500,62.46887654041614,6.229980807792579,5.173477327618801,0.48177197996520693,0.589531482414261,2071905000
2013-06-17,6.813333034515381,6.983333110809326,6.74666690826416,6.906667232513428,105993000,64.03276497868796,6.28553816271856,5.237785394555922,0.47260440514089996,0.5661460669595888,2177898000
2013-06-18,6.892666816711426,6.932000160217285,6.613333225250244,6.783332824707031,131929500,65.01601955369895,6.343359939289309,5.302682705228687,0.46636464788802634,0.5461897831452763,2309827500
2013-06-19,6.97866678237915,7.111332893371582,6.800666809082031,6.803999900817871,128683500,66.09797496908934,6.403865352916913,5.3684075709992936,0.4630216484652454,0.5295561562092702,2438511000
2013-06-20,6.710000038146973,7.142000198364258,6.630000114440918,6.9766669273376465,151597500,59.86866378465427,6.433021037224538,5.4210190402992025,0.4336937844378186,0.51038368185498,2286913500
2013-06-21,6.636666774749756,6.913332939147949,6.5,6.913332939147949,175779000,58.25484160173018,6.452415869369797,5.468691500473734,0.39992378694375663,0.4882917028727353,2111134500
2013-06-24,6.765999794006348,6.857999801635742,6.353332996368408,6.433332920074463,106797000,60.28799887926677,6.482281005049469,5.519566335514229,0.3792254395948751,0.46647845021716333,2217931500
2013-06-25,6.826666831970215,6.946667194366455,6.703332901000977,6.873332977294922,87730500,61.241582873449694,6.515079655232397,5.570825178512503,0.36352666404976564,0.4458880929836838,2305662000
2013-06-26,7.047999858856201,7.058000087738037,6.843999862670898,6.920000076293945,99039000,64.58297450317222,6.565833960339426,5.628753597349511,0.36474049545062925,0.4296585734770729,2404701000
2013-06-27,7.283332824707031,7.349999904632568,7.075333118438721,7.116666793823242,131173500,67.76504398295475,6.634167185517294,5.693639057245885,0.3803079162405387,0.4197884420297661,2535874500
2013-06-28,7.157332897186279,7.296000003814697,7.113999843597412,7.23799991607666,86229000,64.42739722191129,6.683992491390531,5.75103881567492,0.37811934382367784,0.41145462238854846,2449645500
2013-07-01,7.811999797821045,7.851333141326904,7.27666711807251,7.2906670570373535,163554000,72.1129067830569,6.791421758669627,5.831860814974768,0.4243197382049946,0.4140276455518377,2613199500
2013-07-02,7.8546671867370605,8.12600040435791,7.699999809265137,7.883333206176758,180961500,72.52947331663539,6.892683228009383,5.911186555043878,0.45908474216992534,0.42303906487545523,2794161000
2013-07-03,7.682666778564453,7.949999809265137,7.618000030517578,7.866666793823242,72100500,68.112487892512,6.967919756633675,5.98065636773096,0.4673697156538088,0.43190519503112595,2722060500
2013-07-05,8.005999565124512,8.018667221069336,7.7133331298828125,7.888000011444092,102280500,71.61231342306742,7.066784500299469,6.060081591158158,0.49432756998182636,0.44438967002126606,2824341000
2013-07-08,8.107333183288574,8.145333290100098,7.921332836151123,8.091333389282227,117213000,72.62633499557523,7.16588437486986,6.140365967320135,0.5178986268731984,0.4590914613916526,2941554000
2013-07-09,8.229999542236328,8.354666709899902,8.12733268737793,8.309332847595215,129049500,73.8443143055429,7.267228676523809,6.222312382022731,0.5402493510560227,0.47532303932452663,3070603500
2013-07-10,8.15133285522461,8.216667175292969,8.052666664123535,8.212667465209961,84001500,71.64276030443745,7.3514290744953135,6.297960243716923,0.5453285092033866,0.48932413330029867,2986602000
2013-07-11,8.37399959564209,8.406000137329102,8.15666675567627,8.325332641601562,112254000,74.00513619238623,7.448816743175959,6.379373551635557,0.5608559256860106,0.5036304917774411,3098856000
2013-07-12,8.65999984741211,8.662667274475098,8.300666809082031,8.366666793823242,170160000,76.69111340130686,7.5641675150079735,6.468809876960128,0.5894445948584837,0.5207933123936497,3269016000
2013-07-15,8.484000205993652,8.883999824523926,8.454667091369629,8.868666648864746,148836000,71.77610022865201,7.651770628435181,6.547836948686933,0.5910859500815011,0.53485183993122,3120180000
2013-07-16,7.269999980926514,8.421333312988281,7.1533331871032715,8.41866683959961,485578500,48.62647014713072,7.615411519148641,6.576157067598289,0.48879256713028774,0.5256399853710335,2634601500
2013-07-17,8.016667366027832,8.107999801635742,6.966667175292969,7.101333141326904,390435000,57.66944387315795,7.6536263617085645,6.632647667536703,0.462641103320407,0.5130402089609082,3025036500
2013-07-18,7.935332775115967,8.182000160217285,7.745333194732666,8.064666748046875,170971500,56.502704414550784,7.680455543937841,6.683733358030008,0.4303915719627698,0.4965104815612805,2854065000
2013-07-19,7.97866678237915,8.036666870117188,7.767333030700684,7.900000095367432,88354500,57.00183739681346,7.708856614265585,6.73451506094566,0.40367694174102553,0.47794377359722956,2942419500
2013-07-22,8.161999702453613,8.445332527160645,7.992000102996826,7.992667198181152,146967000,59.138166467746835,7.752013098854921,6.7904948508087175,0.39277121719441954,0.46090926231666757,3089386500
2013-07-23,8.182666778564453,8.370667457580566,8.121333122253418,8.266667366027832,116046000,59.38315609278947,7.793027735017734,6.845089828367766,0.38139947648789274,0.44500730515091264,3205432500
2013-07-24,8.113332748413086,8.300000190734863,7.970666885375977,8.29800033569336,103035000,58.124119594648896,7.82353297438872,6.894824844840132,0.36261264046371977,0.42852837221347406,3102397500
2013-07-25,8.271332740783691,8.316666603088379,8.012666702270508,8.026666641235352,79264500,60.19524004929585,7.8661805711882415,6.94880554664184,0.3563652596029625,0.41409574969137175,3181662000
2013-07-26,8.62600040435791,8.711999893188477,8.440667152404785,8.542667388916016,144496500,64.4461093376531,7.938544364823448,7.0145778940032555,0.37570202258005114,0.40641700426910765,3326158500
2013-07-29,8.974666595458984,9.024666786193848,8.550000190734863,8.621333122253418,145183500,68.05757546584938,8.037222672503024,7.091444117589755,0.4143842307829271,0.40801044957187155,3471342000
2013-07-30,8.78266716003418,9.166000366210938,8.545332908630371,8.986666679382324,196905000,64.19084161111095,8.108217385601229,7.157766589842478,0.42465228246601683,0.4113388161507006,3274437000
2013-07-31,8.95199966430664,8.998000144958496,8.763333320617676,8.838000297546387,95275500,66.02426084915207,8.188577602620793,7.228128671194013,0.44136571609169906,0.41734419613890034,3369712500
2013-08-01,9.036666870117188,9.101332664489746,8.842000007629395,9.0,79854000,66.93582030837433,8.26934800904902,7.299051737818451,0.45618455696175886,0.42511226830347204,3449566500
2013-08-02,9.199999809265137,9.216667175292969,8.907333374023438,8.97266674041748,94048500,68.68148368673974,8.357981513831508,7.373598721012439,0.4756254837639293,0.4352149113955635,3543615000
2013-08-05,9.645333290100098,9.659333229064941,9.3100004196167,9.333999633789062,153010500,72.88496542161093,8.480586444904707,7.46268635117274,0.5209619236468939,0.4523643138458296,3696625500
2013-08-06,9.476667404174805,9.715332984924316,9.40666675567627,9.649999618530273,138817500,69.10205930708776,8.575451298168526,7.541666000310077,0.5370902098785741,0.4693094930523785,3557808000
2013-08-07,8.9486665725708,9.463333129882812,8.824000358581543,9.459333419799805,273183000,58.811441006277974,8.610995610016362,7.596842493339909,0.5014859209591584,0.47574477863373454,3284625000
2013-08-08,10.232000350952148,10.592000007629395,10.030667304992676,10.289999961853027,408702000,70.36364731647896,8.765377013915009,7.70018201716784,0.5702500880759729,0.49464584052218225,3693327000
2013-08-09,10.199999809265137,10.396666526794434,10.083333015441895,10.15999984741211,133915500,69.83765382904829,8.902007756329306,7.798214087446166,0.6150738215163827,0.5187314367210224,3559411500
2013-08-12,9.825332641601562,10.033332824707031,9.470000267028809,9.961999893188477,223683000,63.8220938309779,8.989943459688568,7.877708932707161,0.6132947637256905,0.537644102121956,3335728500
2013-08-13,9.695332527160645,9.989333152770996,9.630000114440918,9.966667175292969,131233500,61.83196029590924,9.057123370876385,7.948988289352396,0.5945414214131866,0.5490235659802022,3204495000
2013-08-14,9.290666580200195,9.656000137329102,9.203332901000977,9.514666557312012,175407000,55.98024030574335,9.079365581288176,8.001603124287604,0.5407921868363097,0.5473772901514237,3029088000
2013-08-15,9.311332702636719,9.573332786560059,9.0,9.095333099365234,152688000,56.20817507974556,9.101457688083276,8.052965068536588,0.4941666688084929,0.5367351658828375,3181776000
2013-08-16,9.466667175292969,9.593999862670898,9.39799976348877,9.442000389099121,106621500,57.96981737644687,9.136239544008008,8.10840436684076,0.46439652949650245,0.5222674386055706,3288397500
2013-08-19,9.65999984741211,9.825332641601562,9.522000312805176,9.562000274658203,120565500,60.12012485240366,9.18612147766554,8.169251248431793,0.4512026274752863,0.5080544763795137,3408963000
2013-08-20,9.972000122070312,9.985333442687988,9.800000190734863,9.90999984741211,96273000,63.37649386184466,9.260967062846948,8.239947282692128,0.4606125252664359,0.4985660861568982,3505236000
2013-08-21,9.857333183288574,10.02066707611084,9.75,10.0,93994500,61.392399352008376,9.31776383622234,8.303374180754734,0.4535885865359859,0.48957058623271577,3411241500
2013-08-22,10.473333358764648,10.498666763305664,9.87600040435791,9.947999954223633,158886000,67.3126623044121,9.427818076464465,8.388470619108064,0.49205601507248886,0.4900676720006704,3570127500
2013-08-23,10.78933334350586,10.819999694824219,10.333333015441895,10.466667175292969,193978500,69.8654993459434,9.557486197135074,8.482622098496213,0.5417948138189335,0.5004131003643231,3764106000
2013-08-26,10.947999954223633,11.533332824707031,10.683333396911621,11.010000228881836,362566500,71.08653096693477,9.689916078762556,8.579303583034543,0.5872468237907107,0.5177798450496006,4126672500
2013-08-27,11.133999824523926,11.25333309173584,10.729999542236328,10.819999694824219,263503500,72.49357854978665,9.827447864073163,8.67948774936746,0.6310026979088992,0.5404244156214604,4390176000
2013-08-28,11.096667289733887,11.433333396911621,10.883333206176758,11.27066707611084,221101500,71.7389673881114,9.948325904612279,8.774279103891635,0.6551153577856663,0.5633626040543016,4169074500
2013-08-29,11.070667266845703,11.183333396911621,10.833999633789062,10.947999954223633,141540000,71.18322657658555,10.05521555815832,8.86433354165454,0.6644672648913623,0.5835835362217138,4027534500
2013-08-30,11.266667366027832,11.280667304992676,10.93066692352295,11.091333389282227,165426000,72.88829290435855,10.170591920812559,8.958542711237806,0.6798573166623036,0.6028382923098318,4192960500
2013-09-03,11.262666702270508,11.579999923706055,11.09333324432373,11.5600004196167,180916500,72.79361477768535,10.274599042856172,9.048900514807716,0.6838482465345397,0.6190402831547733,4012044000
2013-09-04,11.374667167663574,11.441332817077637,11.037332534790039,11.317999839782715,172135500,73.81891710221632,10.379367435694972,9.140107050213828,0.6881164110921834,0.6328555087422554,4184179500
2013-09-05,11.328666687011719,11.433333396911621,11.216667175292969,11.34000015258789,100279500,72.60860762716639,10.469776888201329,9.225932918323549,0.6799490781882831,0.642274222631461,4083900000
2013-09-06,11.131333351135254,11.313332557678223,11.010000228881836,11.23799991607666,129295500,67.49614108819867,10.532782265623608,9.300654503924008,0.6500597725875217,0.6438313326226731,3954604500
2013-09-09,10.713333129882812,10.966667175292969,10.567333221435547,10.874667167663574,215167500,58.15518095042103,10.549977586029247,9.356053665726314,0.5858893898934276,0.632242944076824,3739437000
2013-09-10,11.091333389282227,11.166666984558105,10.708666801452637,10.763333320617676,134517000,63.12504333237001,10.60153528157715,9.424103850963801,0.5590905137188802,0.6176124580052353,3873954000
2013-09-11,10.90133285522461,11.19333267211914,10.808667182922363,11.093999862670898,87487500,59.311827548305445,10.630087431448336,9.4820344001505,0.5165661035864311,0.5974031871214746,3786466500
2013-09-12,10.995332717895508,11.11733341217041,10.700667381286621,10.933333396911621,92400000,60.580523703687355,10.664872696824258,9.541379432218932,0.48486102938134756,0.5748947555734492,3878866500
2013-09-13,11.03600025177002,11.091333389282227,10.810667037963867,10.851332664489746,81018000,61.14499480537816,10.700218178247663,9.599992013377799,0.4577395234684225,0.5514637091524439,3959884500
2013-09-16,11.10533332824707,11.390000343322754,11.05666732788086,11.199999809265137,113623500,62.140364935127536,10.738800573485703,9.659025006117771,0.4368049192559713,0.5285319511731494,4073508000
2013-09-17,11.081999778747559,11.227999687194824,10.890666961669922,11.005332946777344,82453500,61.56872467140641,10.77148621208207,9.714827938377763,0.413563964209148,0.5055383537803492,3991054500
2013-09-18,11.08133316040039,11.16333293914795,10.946666717529297,11.137999534606934,81595500,61.55130389903605,10.800995445255245,9.768416378457081,0.3905890815640376,0.4825484993370869,3909459000
2013-09-19,11.861332893371582,12.031332969665527,11.272000312805176,11.386667251586914,233919000,71.65680627304876,10.901979964123466,9.850491535904709,0.4303598606795145,0.4721107716055724,4143378000
2013-09-20,12.22599983215332,12.388667106628418,11.904000282287598,11.926667213439941,201025500,74.9691709658651,11.028077094412025,9.94364872399289,0.4857051572605009,0.47482964873655814,4344403500
2013-09-23,12.074000358581543,12.36533260345459,11.807332992553711,12.298666954040527,122601000,71.23239317700374,11.127688833856741,10.027191925349308,0.5114064412226664,0.48214500723377984,4221802500
2013-09-24,12.155332565307617,12.330666542053223,11.84333324432373,11.942667007446289,94101000,72.0355961105321,11.225559665423491,10.110648421033948,0.5322028204620821,0.49215656987944034,4315903500
2013-09-25,12.349332809448242,12.420000076293945,12.033332824707031,12.237333297729492,123790500,73.90700981869728,11.332585679140134,10.198439965677647,0.5579070935245554,0.5053066746084633,4439694000
2013-09-26,12.576000213623047,12.645333290100098,12.37399959564209,12.446666717529297,99216000,75.93351785954829,11.45100611099565,10.291677622459819,0.5897695836526946,0.5221992564173096,4538910000
2013-09-27,12.726667404174805,12.751999855041504,12.428667068481445,12.501333236694336,88746000,77.20103520422744,11.572497662726997,10.38716741782119,0.6200310873167307,0.5417656225971939,4627656000
2013-09-30,12.891332626342773,12.966667175292969,12.533332824707031,12.600000381469727,133870500,78.53181011225413,11.698100992595167,10.485369975018116,0.6498100485105951,0.5633745077798741,4761526500
2013-10-01,12.866666793823242,12.9486665725708,12.557999610900879,12.93066692352295,116338500,77.79924967338854,11.809392973664508,10.578754163990867,0.6637682559855893,0.5834532574210172,4645188000
2013-10-02,12.063332557678223,12.788666725158691,11.69333267211914,12.572667121887207,311631000,58.6200919769738,11.83357769595153,10.636972924527626,0.603056220144051,0.5873738499656239,4333557000
2013-10-03,11.553999900817871,11.97933292388916,11.199999809265137,11.670000076293945,357247500,50.174549783788294,11.806951239272133,10.672934766735088,0.5079868494059063,0.5714964498536804,3976309500
2013-10-04,12.065333366394043,12.078666687011719,11.510000228881836,11.760000228881836,216210000,56.889616134650105,11.83155906090279,10.72753863338838,0.4685034097635121,0.5508978418356468,4192519500
2013-10-07,12.204667091369629,12.4486665725708,12.017333030700684,12.163999557495117,172284000,58.52972510800371,11.86709315904249,10.785465239583724,0.4433449617823282,0.5293872658249831,4364803500
2013-10-08,11.648667335510254,12.395333290100098,11.547332763671875,12.293333053588867,206358000,50.30526672593465,11.846290699658468,10.819316302169078,0.374228305924726,0.4983554738449317,4158445500
2013-10-09,11.251999855041504,11.666000366210938,10.766667366027832,11.648667335510254,229747500,45.40345725484056,11.78969157159971,10.836284284634663,0.2841693798914964,0.45551825505424465,3928698000
2013-10-10,11.528667449951172,11.716667175292969,11.312666893005371,11.53933334350586,133258500,49.12692295565635,11.764832131442706,10.863436565627469,0.23244234421846421,0.4109030728870886,4061956500
2013-10-11,11.91333293914795,11.952667236328125,11.41333293914795,11.516667366027832,124666500,53.84052279099365,11.778975065509872,10.904608972432193,0.2199521149037995,0.3727128812904308,4186623000
2013-10-14,11.981332778930664,12.166666984558105,11.609999656677246,11.666666984558105,116544000,54.640617113838495,11.798247228692805,10.946833435432133,0.21308423454131464,0.3407871519406076,4303167000
2013-10-15,12.262666702270508,12.586000442504883,12.211999893188477,12.35200023651123,164677500,57.89252616941884,11.842477654747825,10.99843474001403,0.22771769840361422,0.31817326123320894,4467844500
2013-10-16,12.237333297729492,12.486666679382324,12.13933277130127,12.326666831970215,123081000,57.49281986056242,11.880082954079413,11.047018997179343,0.23456669111406825,0.30145194720938084,4344763500
2013-10-17,12.186667442321777,12.319999694824219,12.065999984741211,12.236000061035156,100575000,56.650401164813225,11.909281476769161,11.091711093067282,0.2332178656995456,0.28780513090741383,4244188500
2013-10-18,12.226667404174805,12.397333145141602,12.168000221252441,12.276666641235352,88962000,57.183799181233276,11.939508707950651,11.13621918369895,0.23269422034368503,0.2767829487946681,4333150500
2013-10-21,11.506667137145996,12.22599983215332,11.399999618530273,12.218667030334473,172981500,46.17108930477269,11.898285701207351,11.150746554422364,0.17219625216407586,0.25586560946854964,4160169000
2013-10-22,11.435999870300293,11.85200023651123,11.074000358581543,11.366666793823242,170800500,45.2499826290628,11.854258479216202,11.161932958966597,0.11719793384576072,0.22813207434399185,3989368500
2013-10-23,10.966667175292969,11.454000473022461,10.676667213439941,11.260666847229004,199806000,39.59960059148928,11.769725974080655,11.154275477253906,0.035332849136002764,0.18957222930239404,3789562500
2013-10-24,11.543333053588867,11.633333206176758,10.85533332824707,11.0,162385500,48.16437390693097,11.748164743557629,11.16953263711018,0.01679272064756354,0.15501632757142794,3951948000
2013-10-25,11.310667037963867,11.633333206176758,11.119999885559082,11.61400032043457,113932500,45.36906824622735,11.706498295405842,11.1750673194966,-0.016484643040216795,0.120716133449099,3838015500
2013-10-28,10.857333183288574,11.366666793823242,10.813332557678223,11.345333099365234,117625500,40.443847170922076,11.625625427585149,11.162607157292364,-0.0785321768661067,0.08086647138605786,3720390000
2013-10-29,10.964667320251465,11.029999732971191,10.199999809265137,10.850666999816895,211675500,42.047974679009144,11.562677036410513,11.154844810741741,-0.11768769612449326,0.04115563788394764,3932065500
2013-10-30,10.614666938781738,11.178667068481445,10.54466724395752,10.975333213806152,126027000,38.41449518593073,11.472390360445868,11.133661364782526,-0.17494418527751598,-0.0020643267483450877,3806038500
2013-10-31,10.662667274475098,10.829333305358887,10.220000267028809,10.378000259399414,140007000,39.190579554214246,11.3952738760677,11.115191008299883,-0.21398050543864677,-0.044447562486405426,3946045500
2013-11-01,10.811332702636719,11.0600004196167,10.694000244140625,10.866666793823242,107709000,41.643427362209906,11.339660430979034,11.103274996313093,-0.23026664228773974,-0.0816113784466723,4053754500
2013-11-04,11.680000305175781,11.692667007446289,10.947999954223633,11.0,196806000,53.45702553435143,11.372073752331106,11.125891675092022,-0.17110689355057573,-0.09951048146745299,4250560500
2013-11-05,11.787332534790039,12.095333099365234,11.423999786376953,12.0,337006500,54.677879856403685,11.411622207803385,11.151830532335083,-0.11424461176675393,-0.10245730752731319,4587567000
2013-11-06,10.077333450317383,10.715332984924316,9.756667137145996,10.320667266845703,466075500,37.707599793811305,11.284547088042814,11.1096933918638,-0.20480264147506233,-0.12292637431686303,4121491500
2013-11-07,9.317999839782715,9.710000038146973,9.174667358398438,9.612667083740234,334270500,32.834266727492064,11.097256873922804,11.039430899625327,-0.3339923528678117,-0.16513957002705276,3787221000
2013-11-08,9.196666717529297,9.373332977294922,8.821332931518555,9.09866714477539,337168500,32.119929600172526,10.916248287599613,10.967165637582346,-0.4410821780661891,-0.22032809163488004,3450052500
2013-11-11,9.646666526794434,9.694666862487793,9.140000343322754,9.399999618530273,209964000,37.54678604722336,10.7953357389515,10.915381358727918,-0.4840604645558333,-0.2730745662190707,3660016500
2013-11-12,9.186667442321777,9.646666526794434,9.078666687011719,9.645999908447266,224778000,34.509574932502545,10.642129234510575,10.847588656123756,-0.5489116363269542,-0.32824198024064744,3435238500
2013-11-13,9.24666690826416,9.4913330078125,9.089332580566406,9.38933277130127,189874500,35.245355371389905,10.509228060582345,10.784807411109655,-0.5886792734932325,-0.38032943889116444,3625113000
2013-11-14,9.173333168029785,9.359999656677246,8.940667152404785,9.261333465576172,183055500,34.731739893410236,10.381999975577338,10.721612342753582,-0.6189776434456995,-0.4280590798020715,3442057500
2013-11-15,9.029999732971191,9.196666717529297,8.956666946411133,9.123332977294922,148503000,33.69809834246756,10.253238047710086,10.655274593350352,-0.647095812519165,-0.4718664263454902,3293554500
2013-11-18,8.10533332824707,9.029999732971191,7.973999977111816,9.017999649047852,347073000,27.924450311091633,10.048675693475513,10.555276896679636,-0.7355139680103377,-0.5245959346784598,2946481500
2013-11-19,8.406000137329102,8.600000381469727,7.947999954223633,7.961999893188477,297243000,32.004010127206044,9.89223040241395,10.470991533567851,-0.7724207094169877,-0.5741608896261654,3243724500
2013-11-20,8.074000358581543,8.49666690826416,7.937333106994629,8.405332565307617,207744000,29.985749535622404,9.719065636334674,10.37699187964682,-0.8190180451836344,-0.6231323207376592,3035980500
2013-11-21,8.140000343322754,8.31933307647705,8.016667366027832,8.192667007446289,178557000,30.91841492195836,9.568678465571635,10.289266721359601,-0.8409274343071083,-0.666691343451549,3214537500
2013-11-22,8.092000007629395,8.183333396911621,7.861999988555908,8.10533332824707,166450500,30.599162589025383,9.428042421958088,10.203099399252535,-0.8523387780995328,-0.7038208303811458,3048087000
2013-11-25,8.055999755859375,8.38933277130127,8.020000457763672,8.300000190734863,154009500,30.346078188192493,9.297371691853447,10.118899413237116,-0.8544378421453409,-0.7339442327339849,2894077500
2013-11-26,8.033332824707031,8.1813325881958,7.739999771118164,7.958666801452637,208282500,30.176838798616217,9.176987037839503,10.03711248819672,-0.8481534128469992,-0.7567860687565878,2685795000
2013-11-27,8.462667465209961,8.463333129882812,7.9679999351501465,8.087332725524902,185514000,37.30856965235131,9.108956602350975,9.97536954611881,-0.7993152315292953,-0.7652919013111293,2871309000
2013-11-29,8.485333442687988,8.706000328063965,8.465332984924316,8.65133285522461,145743000,37.670522609135425,9.04956392047831,9.916936757748974,-0.7501345815068703,-0.7622604373502776,3017052000
2013-12-02,8.277999877929688,8.569999694824219,8.26200008392334,8.423333168029785,116268000,35.64329885143944,8.976081630711775,9.852664723246258,-0.7195936206266378,-0.7537270740055496,2900784000
2013-12-03,9.646666526794434,9.662667274475098,8.772666931152344,8.845333099365234,385236000,53.45145353660877,9.039946858910124,9.844586362601088,-0.5782836351771117,-0.7186383862398621,3286020000
2013-12-04,9.263333320617676,9.628666877746582,9.142000198364258,9.621333122253418,197215500,49.333945681123595,9.061221760025129,9.821792125660563,-0.4915598438199069,-0.6732226777558711,3088804500
2013-12-05,9.36533260345459,9.55666732788086,9.300000190734863,9.34333324432373,139326000,50.428191855377676,9.090184697494601,9.803891752240721,-0.4098753369311776,-0.6205532095909324,3228130500
2013-12-06,9.157333374023438,9.499333381652832,9.08666706085205,9.434000015258789,118644000,48.144718765948134,9.096579809544966,9.778536521722398,-0.3577990910107989,-0.5680023858749057,3109486500
2013-12-09,9.4399995803833,9.446666717529297,8.947333335876465,9.133333206176758,135922500,51.36760521840002,9.129286454386712,9.765260563238511,-0.29037225975659986,-0.5124763606512446,3245409000
2013-12-10,9.47933292388916,9.724666595458984,9.324000358581543,9.33666706085205,161223000,51.81637452240567,9.162624213386945,9.754047714636576,-0.23109818211530175,-0.45620072494405606,3406632000
2013-12-11,9.3100004196167,9.536666870117188,9.299332618713379,9.458666801452637,107067000,49.69051231362956,9.176660042551683,9.736634095224032,-0.19553278621732773,-0.4040671371987104,3299565000
2013-12-12,9.83133316040039,9.88266658782959,9.235333442687988,9.313332557678223,161517000,55.71456004798204,9.239009863299179,9.740347784054478,-0.12385206895591594,-0.34802412355015155,3461082000
2013-12-13,9.84333324432373,10.119999885559082,9.821332931518555,9.869999885559082,158878500,55.845618875405975,9.296564471015802,9.744386429555233,-0.06532327159817974,-0.2914839531597572,3619960500
2013-12-16,9.862667083740234,10.028667449951172,9.739999771118164,9.898667335510254,100129500,56.07118470634295,9.350479005560986,9.749024886582095,-0.017180650904641936,-0.23662329270873417,3720090000
2013-12-17,10.163999557495117,10.308667182922363,9.754667282104492,9.838666915893555,157425000,59.54041733710144,9.427957153364236,9.765298403088488,0.04477163558959951,-0.18034430704906745,3877515000
2013-12-18,9.86533260345459,10.326666831970215,9.729999542236328,10.149333000183105,173728500,54.91156160351154,9.469611958134745,9.769221312906767,0.06897424963638876,-0.1304805957119762,3703786500
2013-12-19,9.381333351135254,9.800000190734863,9.273332595825195,9.793333053588867,191100000,48.351420112835434,9.461204471753842,9.754010020288277,0.04854075333832597,-0.09467632590191577,3512686500
2013-12-20,9.549332618713379,9.623332977294922,9.438667297363281,9.438667297363281,111189000,50.559329007510854,9.469597628607131,9.745983455520633,0.04538008381373082,-0.06666504395878646,3623875500
2013-12-23,9.569999694824219,9.749333381652832,9.506667137145996,9.65666675567627,80782500,50.83775565564446,9.479159730151615,9.739082131571754,0.044035279473517264,-0.04452497927232572,3704658000
2013-12-24,10.093999862670898,10.33133316040039,9.98799991607666,10.0,149122500,57.38980337490663,9.53771593324869,9.753000473967798,0.08428041448278734,-0.01876390052130311,3853780500
2013-12-26,10.366666793823242,10.533332824707031,10.28600025177002,10.336000442504883,106942500,60.350975071384624,9.61666363425579,9.777065819844482,0.13660225078445087,0.01230932973984769,3960723000
2013-12-27,10.074666976928711,10.366666793823242,10.053333282470703,10.353333473205566,81903000,55.872950716910246,9.66028300022464,9.788736453455629,0.15274498898038402,0.04039646158795496,3878820000
2013-12-30,10.162667274475098,10.320667266845703,10.050000190734863,10.074666976928711,67012500,56.910619274440926,9.708129121581827,9.803400407221098,0.17067171655662072,0.06645151258168812,3945832500
2013-12-31,10.028667449951172,10.213333129882812,9.910667419433594,10.154666900634766,63936000,54.79752213170758,9.738656581426527,9.812234408896787,0.17208245197134708,0.08757770045961992,3881896500
2014-01-02,10.006667137145996,10.165332794189453,9.770000457763672,9.986666679382324,92826000,54.44012212883954,9.764181396256953,9.819859221769304,0.16947166471385344,0.10395649331046662,3789070500
2014-01-03,9.970666885375977,10.145999908447266,9.90666675567627,10.0,70425000,53.82152064063655,9.783846680934955,9.825773247793096,0.16262306014340666,0.11568980667705464,3718645500
2014-01-06,9.800000190734863,10.026666641235352,9.682666778564453,10.0,80416500,50.87041296505803,9.785385110439709,9.824762539673166,0.14178965288586198,0.12090977591881612,3638229000
2014-01-07,9.957332611083984,10.026666641235352,9.683333396911621,9.841333389282227,75511500,53.40674591763722,9.80176106288202,9.829961366003003,0.1364020806989874,0.12400823687485038,3713740500
2014-01-08,10.085332870483398,10.24666690826416,9.917332649230957,9.923333168029785,92448000,55.423026817507214,9.8287679017012,9.839975934806157,0.14083745559641514,0.12737408061916333,3806188500
2014-01-09,9.835332870483398,10.228667259216309,9.789999961853027,10.166666984558105,80730000,50.79922782054239,9.829393136823315,9.839793853852324,0.12276445922720391,0.12645215634077145,3725458500
2014-01-10,9.714667320251465,9.926667213439941,9.483332633972168,9.897333145141602,111691500,48.687890442558164,9.818466868578376,9.834886930966016,0.09757993716186064,0.12067771250498929,3613767000
2014-01-13,9.28933334350586,9.800000190734863,9.187999725341797,9.718667030334473,94741500,42.053063139873274,9.768073199523851,9.813492672634245,0.042806676006605926,0.10510350520531263,3519025500
2014-01-14,10.751333236694336,10.800000190734863,9.111332893371582,9.366666793823242,414105000,61.4827525009169,9.861717012587707,9.850270733969936,0.11603209904807699,0.1072892239738655,3933130500
2014-01-15,10.942000389099121,11.482000350952148,10.80666732788086,11.229999542236328,306984000,63.21503586052951,9.964601143684032,9.893083661622061,0.18729005690433276,0.12328939055995897,4240114500
2014-01-16,11.39799976348877,11.513333320617676,10.826666831970215,10.833333015441895,179391000,67.03366440389271,10.10111529795115,9.952099979342325,0.27736060011163666,0.15410363247029452,4419505500
2014-01-17,11.333999633789062,11.546667098999023,11.196666717529297,11.345999717712402,138093000,65.9981171673594,10.218532853745238,10.006292122653962,0.3396624615075634,0.1912153982777483,4281412500
2014-01-21,11.778667449951172,11.81933307647705,11.387332916259766,11.416000366210938,146020500,69.52113811860775,10.367117101002945,10.07579703744993,0.420075740397559,0.23698746670171048,4427433000
2014-01-22,11.904000282287598,12.021332740783691,11.650667190551758,11.854000091552734,105339000,70.45048211764947,10.51348692779196,10.147491282345525,0.48828846985219876,0.2872476673318082,4532772000
2014-01-23,12.100000381469727,12.158666610717773,11.561332702636719,11.815333366394043,118011000,71.89378107577727,10.664583447189841,10.224060266624907,0.5518022860850085,0.3401585910824483,4650783000
2014-01-24,11.640000343322754,12.031999588012695,11.5686674118042,11.856666564941406,114964500,63.9937351157758,10.757480294440594,10.279587328456195,0.5585803181407574,0.3838429364941101,4535818500
2014-01-27,11.307999610900879,11.861332893371582,10.980667114257812,11.677332878112793,130746000,58.95817075593767,10.80991070553205,10.3199172218854,0.5310407655337919,0.4132825023020465,4405072500
2014-01-28,11.892000198364258,11.932000160217285,11.399999618530273,11.433333396911621,91401000,64.28234814950198,10.912966847706546,10.381567534688491,0.5499993878127771,0.4406258794041926,4496473500
2014-01-29,11.682000160217285,11.939332962036133,11.541999816894531,11.686667442321777,89032500,61.20751652275877,10.986208115564711,10.432564892552366,0.541833070169913,0.46086731755733673,4407441000
2014-01-30,12.189332962036133,12.3186674118042,11.800666809082031,11.866666793823242,128475000,65.50086434263409,11.100791434276275,10.501457758022317,0.5697312149518527,0.48264009703623995,4535916000
2014-01-31,12.093999862670898,12.399999618530273,11.900667190551758,11.923333168029785,97632000,64.06599770799193,11.195382713171,10.563910389577163,0.5774911527666653,0.501610308182325,4438284000
2014-02-03,11.807332992553711,12.325332641601562,11.677332878112793,12.192667007446289,101473500,59.822284964858184,11.25366369215983,10.612672060282126,0.5541217679368238,0.5121126001332248,4336810500
2014-02-04,11.915332794189453,12.106666564941406,11.74666690826416,12.046667098999023,70294500,60.87380166258585,11.316679797115032,10.663756794945158,0.5381130116571864,0.5173126824380171,4407105000
2014-02-05,11.628000259399414,12.03933334350586,11.290666580200195,11.886667251586914,109020000,56.62755444446248,11.34632936495164,10.701570264139443,0.4965170828889516,0.513153562528204,4298085000
2014-02-06,11.892000198364258,12.007332801818848,11.733332633972168,11.75333309173584,87624000,59.427866330269595,11.398298015752841,10.74825379097179,0.47932918986386674,0.5063886879953365,4385709000
2014-02-07,12.435333251953125,12.442000389099121,11.973333358764648,12.067333221435547,133927500,64.50692370540114,11.497063276343345,10.814413769833802,0.5037432586933104,0.5058596021349313,4519636500
2014-02-10,13.104000091552734,13.286666870117188,12.621333122253418,12.62266731262207,194560500,69.55772935377615,11.65010487779186,10.904201468724741,0.5704713709500417,0.5187819558979534,4714197000
2014-02-11,13.107999801635742,13.479999542236328,12.846667289733887,13.264666557312012,160648500,69.58560978831831,11.788952013396038,10.990624932760467,0.6165691979276069,0.5383394043038842,4874845500
2014-02-12,13.021332740783691,13.218000411987305,12.954667091369629,13.052000045776367,77605500,68.12958595367806,11.906321606480576,11.070260533075103,0.6387456877374706,0.5584206609906015,4797240000
2014-02-13,13.308667182922363,13.514666557312012,12.883333206176758,12.88933277130127,120439500,70.3450492330419,12.039878328046461,11.15804118601029,0.6717625433689403,0.5810890374662693,4917679500
2014-02-14,13.215332984924316,13.458666801452637,13.133333206176758,13.206666946411133,92370000,68.6750599127833,12.151826390606256,11.238719295771626,0.6825295735149037,0.6013771446759962,4825309500
2014-02-18,13.579999923706055,13.733332633972168,13.423999786376953,13.682666778564453,139992000,71.51992430712343,12.287842917568142,11.33053422235729,0.7122774062270647,0.6235571969862099,4965301500
2014-02-19,12.909333229064941,13.579999923706055,12.894000053405762,13.579999923706055,242535000,60.61662136963938,12.347032471044027,11.392447908894844,0.673966514264059,0.6336390604417798,4722766500
2014-02-20,13.998000144958496,14.347332954406738,13.751333236694336,14.333999633789062,270034500,68.90386963718613,12.50426748760731,11.494626427956165,0.7231155521504888,0.6515343587835216,4992801000
2014-02-21,13.973333358764648,14.26533317565918,13.946000099182129,14.109333038330078,117282000,68.55188879037921,12.644178522955627,11.591830621321204,0.751414279206724,0.6715103428681621,4875519000
2014-02-24,14.510000228881836,14.557332992553711,13.887999534606934,13.917332649230957,124176000,71.91351699772578,12.821875828281932,11.706268645147112,0.8078335532435297,0.6987749849432356,4999695000
2014-02-25,16.53333282470703,17.280000686645508,15.229999542236328,15.333333015441895,490225500,80.41406053431959,13.175347923179562,11.895565279639658,1.004236057033424,0.7598671993612733,5489920500
2014-02-26,16.866666793823242,17.666667938232422,16.5,17.238666534423828,369069000,81.41216309113341,13.526902101336102,12.090510437058622,1.173259120991661,0.8425455836873509,5858989500
2014-02-27,16.836000442504883,17.459999084472656,16.55533218383789,17.416667938232422,269187000,81.00318497327174,13.842054324304558,12.276608084331025,1.2898678055148363,0.932010028052848,5589802500
2014-02-28,16.320667266845703,16.845333099365234,16.170000076293945,16.643333435058594,218847000,74.25271806626182,14.078112699784667,12.435198640508071,1.325419338572834,1.0106918901568454,5370955500
2014-03-03,16.70400047302246,16.77666664123535,15.666000366210938,15.817333221435547,196339500,75.86399478218395,14.328197249616837,12.602602633940009,1.368747897004761,1.0823030915264287,5567295000
2014-03-04,16.98933219909668,17.333332061767578,16.85533332824707,17.23200035095215,131184000,77.01693046124805,14.581638673376823,12.77463124433831,1.4098580118504582,1.1478140755912347,5698479000
2014-03-05,16.8439998626709,17.132667541503906,16.786666870117188,17.114667892456055,89035500,75.05044899240745,14.797101643785782,12.934214327410178,1.4144065705833437,1.2011325745896566,5609443500
2014-03-06,16.862667083740234,17.166667938232422,16.6299991607666,16.94266700744629,110416500,75.13825764490886,14.993822161876682,13.088271298246651,1.403340785851583,1.241574216842042,5719860000
2014-03-07,16.413999557495117,16.989999771118164,16.29400062561035,16.862667083740234,117184500,68.86487217501173,15.129077151935581,13.21869201429561,1.342887382206273,1.2618368499148884,5602675500
2014-03-10,15.922666549682617,16.200000762939453,15.737333297729492,16.18000030517578,115921500,62.691978237997695,15.204657094578156,13.324730231369612,1.2410253886164284,1.2576745576551964,5486754000
2014-03-11,15.62733268737793,16.30666732788086,15.495332717895508,15.766667366027832,132151500,59.253793439692515,15.244911912940038,13.41502836689935,1.1235168474876414,1.2308430156216854,5354602500
2014-03-12,16.099332809448242,16.5,15.407333374023438,15.433333396911621,146316000,62.768146931686964,15.326285331655106,13.52029520778362,1.0563005717543117,1.1959345268482107,5500918500
2014-03-13,15.852666854858398,16.279333114624023,15.600000381469727,16.252666473388672,93544500,59.8623592834921,15.376416905293514,13.611760762570867,0.9719235779018955,1.1511323370589477,5407374000
2014-03-14,15.39799976348877,15.795999526977539,15.221332550048828,15.685999870300293,124345500,54.82426407936988,15.378472415597823,13.681809350842158,0.8584704548837419,1.0925999606239065,5283028500
2014-03-17,15.59866714477539,15.862000465393066,15.366666793823242,15.66333293914795,88689000,56.56187122775541,15.399443342186164,13.756980244721893,0.7758071956999757,1.0292414076391203,5371717500
2014-03-18,16.002666473388672,16.100000381469727,15.668000221252441,15.796667098999023,93634500,59.905511728188024,15.45689316420545,13.845046371336277,0.7344292929730152,0.9702789847058993,5465352000
2014-03-19,15.72266674041748,16.10333251953125,15.567333221435547,16.092666625976562,76069500,56.650774174080105,15.4822049333685,13.918678542672795,0.6713049825883992,0.9104841842823994,5389282500
2014-03-20,15.660667419433594,15.949999809265137,15.557332992553711,15.744000434875488,57268500,55.92620715983258,15.499201360612794,13.986991831957534,0.6092526000423266,0.8502378674343849,5332014000
2014-03-21,15.259332656860352,15.74666690826416,15.166666984558105,15.73466682434082,123253500,51.347948400734225,15.47635672216018,14.036887550581174,0.5216777027420694,0.7845258344959218,5208760500
2014-03-24,14.678000450134277,15.326666831970215,14.017999649047852,15.316666603088379,169932000,45.533384005432005,15.400322791491046,14.06202923291659,0.4007457672524133,0.7077698210472202,5038828500
2014-03-25,14.696000099182129,15.136667251586914,14.526666641235352,14.942667007446289,117981000,45.738269900768394,15.333244439842577,14.08689083551524,0.30286749045661665,0.6267893549290995,5156809500
2014-03-26,14.197333335876465,14.84000015258789,14.09000015258789,14.796667098999023,103609500,41.122995953477215,15.225062429941042,14.091221913960778,0.18295106466393918,0.5380216968760675,5053200000
2014-03-27,13.821332931518555,14.239999771118164,13.533332824707031,14.157999992370605,142435500,38.00867707944257,15.091373906281758,14.080638032296378,0.0569202023458093,0.4418013979700159,4910764500
2014-03-28,14.157999992370605,14.447999954223633,14.017999649047852,14.186667442321777,145272000,42.22754702324623,15.002481152575934,14.08367183465223,-0.015613957890689534,0.35031832679787483,5056036500
2014-03-31,13.896666526794434,14.449999809265137,13.759332656860352,14.433333396911621,125700000,39.95449209377921,14.897165473930077,14.07633829316761,-0.09311189313173784,0.26163228281195233,4930336500
2014-04-01,14.464667320251465,14.543999671936035,13.905332565307617,13.934666633605957,110571000,46.67337088556842,14.855975173579733,14.091566882465017,-0.10745793986097851,0.18781423827736618,5040907500
2014-04-02,15.352666854858398,15.392666816711426,14.536666870117188,14.666666984558105,161734500,55.12710938596086,14.903279143225319,14.14102178334319,-0.04663555844246936,0.1409242789333991,5202642000
2014-04-03,15.026666641235352,15.715332984924316,14.800000190734863,15.353333473205566,163855500,51.87579283488472,14.91503033351199,14.175752954240922,-0.024456951199123722,0.10784803290689454,5038786500
2014-04-04,14.148667335510254,15.218000411987305,14.083333015441895,15.067333221435547,170184000,44.29805369770967,14.842043381321348,14.174690773114229,-0.07684166847429807,0.07091009263065602,4868602500
2014-04-07,13.834667205810547,14.41333293914795,13.567333221435547,13.720666885375977,147832500,41.93861177153721,14.746102793177462,14.161356515572908,-0.14205658074885008,0.0283167579547548,4720770000
2014-04-08,14.36400032043457,14.432666778564453,13.761333465576172,14.00333309173584,103339500,47.05790160023884,14.709712081487663,14.169303331449838,-0.14930600337857491,-0.007207794311911143,4824109500
2014-04-09,14.461999893188477,14.563332557678223,14.059332847595215,14.450667381286621,77368500,47.9725095714561,14.686120444506788,14.180781627988608,-0.1454666278017953,-0.03485956100988798,4901478000
2014-04-10,13.612667083740234,14.5,13.586000442504883,14.454667091369629,108172500,41.31145852803101,14.583886791100449,14.158502626253378,-0.20855387529390157,-0.0695984238666907,4793305500
2014-04-11,13.585332870483398,13.800000190734863,13.239999771118164,13.37399959564209,136008000,41.113602531515696,14.488786417708349,14.136025380929066,-0.25778503065101077,-0.10723574522355472,4657297500
2014-04-14,13.206000328063965,13.895999908447266,12.96066665649414,13.84000015258789,115545000,38.367360448999136,14.366616313932694,14.099553810228475,-0.32367887335284884,-0.15052437084941356,4541752500
2014-04-15,12.927332878112793,13.28600025177002,12.288000106811523,13.272666931152344,204889500,36.44160301700819,14.229541700997466,14.053584361910213,-0.3938463373079113,-0.1991887641411131,4336863000
2014-04-16,13.27400016784668,13.332667350769043,12.721332550048828,13.133333206176758,108033000,40.44621406378667,14.138537745459296,14.023012432731251,-0.4166781980653518,-0.24268665092596087,4444896000
2014-04-17,13.208000183105469,13.486000061035156,12.938667297363281,13.307332992553711,88902000,39.93038412240586,14.049915120473218,13.991051168040045,-0.4350828946146077,-0.28116589966369027,4355994000
2014-04-21,13.625332832336426,13.74666690826416,12.933333396911621,13.138667106628418,78873000,44.73035453501835,14.009478712079238,13.976709272522257,-0.41125282565198695,-0.3071832848613496,4434867000
2014-04-22,14.576000213623047,14.621999740600586,13.667332649230957,13.757332801818848,147070500,53.78894286107436,14.063433140797695,14.000210878055622,-0.31205918763673246,-0.3081584654164262,4581937500
2014-04-23,13.866000175476074,14.449333190917969,13.800000190734863,14.42199993133545,109434000,47.52420163095796,14.044630001243256,13.994947713248582,-0.28742532399961895,-0.3040118371330648,4472503500
2014-04-24,13.857333183288574,14.186667442321777,13.546667098999023,14.053999900817871,82428000,47.45154834984727,14.026792209057096,13.989551065014856,-0.2655411701108594,-0.2963177037286237,4390075500
2014-04-25,13.323332786560059,13.779999732971191,13.176667213439941,13.466667175292969,104950500,43.08147410422293,13.959796073581188,13.96342485801663,-0.2879676775426141,-0.2946476984914218,4285125000
2014-04-28,13.234000205993652,13.586000442504883,12.699999809265137,13.333333015441895,105630000,42.37834447725274,13.89067265762047,13.934819969702003,-0.3093828658315658,-0.29759473195945063,4179495000
2014-04-29,13.79466724395752,13.8100004196167,13.035332679748535,13.21399974822998,86686500,48.10320854207868,13.881529284890666,13.92932378437869,-0.2779098409117555,-0.29365775374991165,4266181500
2014-04-30,13.859333038330078,13.87733268737793,13.41866683959961,13.573332786560059,66609000,48.73583537387041,13.8794153566468,13.92657904923953,-0.24492589943304743,-0.28391138288653883,4332790500
2014-05-01,13.84866714477539,14.267999649047852,13.712667465209961,13.805333137512207,81598500,48.63053656160694,13.87648695551619,13.923523680437015,-0.21714344221126503,-0.27055779475148406,4251192000
2014-05-02,14.060667037963867,14.090666770935059,13.767999649047852,13.90666675567627,61302000,50.90128120224126,13.894027915749303,13.92890185132042,-0.17599031823943534,-0.25164429944907435,4312494000
2014-05-05,14.440667152404785,14.512666702270508,13.90133285522461,13.965332984924316,77205000,54.76143703936849,13.946088795430779,13.948971078813925,-0.11142885507830513,-0.22360121057492052,4389699000
2014-05-06,13.8186674118042,14.577333450317383,13.789999961853027,14.4399995803833,84550500,48.09591688248779,13.933953425561581,13.943861131088052,-0.10919488056888227,-0.2007199445737129,4305148500
2014-05-07,13.423333168029785,14.013333320617676,13.149999618530273,13.97599983215332,152689500,44.39702219853744,13.885322924844267,13.92344826979165,-0.1377368643675041,-0.18812332853247116,4152459000
2014-05-08,11.906000137329102,12.960000038146973,11.866666793823242,12.133333206176758,300849000,33.68818096196398,13.696815992699966,13.844332656753904,-0.2795699781759673,-0.2064126584611704,3851610000
2014-05-09,12.150667190551758,12.226667404174805,11.814666748046875,11.990667343139648,127428000,36.354049194141446,13.549563725828708,13.77791440317735,-0.36798920579530936,-0.23872796792799822,3979038000
2014-05-12,12.311332702636719,12.47933292388916,11.991999626159668,12.258000373840332,105034500,38.11349364148151,13.431636961715185,13.720401395313012,-0.42025329819918156,-0.2750330339822349,4084072500
2014-05-13,12.677332878112793,12.755999565124512,12.199999809265137,12.250666618347168,106458000,42.04398300796628,13.359798477562576,13.67949674757967,-0.427215142372793,-0.3054694556603465,4190530500
2014-05-14,12.708000183105469,12.898667335510254,12.473333358764648,12.596667289733887,81100500,42.374235695089375,13.297722449519041,13.641398843090485,-0.4253546353598505,-0.3294464916002473,4271631000
2014-05-15,12.572667121887207,12.843999862670898,12.353333473205566,12.665332794189453,90606000,41.25696581561264,13.228669561173152,13.599487795200162,-0.42984542665361936,-0.3495262786109217,4181025000
2014-05-16,12.77066707611084,12.802666664123535,12.514666557312012,12.596667289733887,67315500,43.600013258053295,13.185050276881503,13.566985021902541,-0.41267046135706664,-0.36215511516015075,4248340500
2014-05-19,13.072667121887207,13.12600040435791,12.666666984558105,12.714667320251465,68575500,47.06794143318375,13.174347119262999,13.547600006215665,-0.37042032294191607,-0.36380815671650385,4316916000
2014-05-20,13.020000457763672,13.288666725158691,12.871333122253418,13.129332542419434,83191500,46.53060868250249,13.159647437215444,13.526909827845,-0.33729837775537597,-0.3585062009242783,4233724500
2014-05-21,13.296667098999023,13.324666976928711,12.986000061035156,13.078666687011719,79281000,49.77437196315206,13.17269692881388,13.51788070122359,-0.28543400626845283,-0.3438917619931132,4313005500
2014-05-22,13.658666610717773,13.791999816894531,13.303999900817871,13.356666564941406,93217500,53.72969656860409,13.21897975566187,13.523401717282185,-0.21266926406873132,-0.3176472624082369,4406223000
2014-05-23,13.819999694824219,13.850666999816895,13.5,13.635333061218262,60102000,55.414878687507944,13.276219749867808,13.535033010519129,-0.14036639365226655,-0.28219108865704284,4466325000
2014-05-27,14.104000091552734,14.258000373840332,13.846667289733887,13.90133285522461,80116500,58.29439234121002,13.35505597288542,13.557345445069467,-0.05946392628037067,-0.2376456561817084,4546441500
2014-05-28,14.015999794006348,14.184666633605957,13.684000015258789,14.001333236694336,82426500,57.06456102545142,13.418003003468366,13.575331890125815,-0.0024211174453458995,-0.19060074843443592,4464015000
2014-05-29,14.015999794006348,14.166000366210938,13.847999572753906,14.038000106811523,55387500,57.06456102545142,13.474955078757697,13.59261298439564,0.042298132980333136,-0.1440209721514821,4519402500
2014-05-30,13.851332664489746,14.319999694824219,13.8013334274292,14.020000457763672,83716500,54.56631318692707,13.510800563113131,13.602758854203252,0.06371671334692941,-0.1024734350517998,4435686000
2014-06-02,13.646666526794434,13.956666946411133,13.444666862487793,13.821999549865723,70021500,51.545764848968844,13.523740178701827,13.604480723716632,0.06344489252629515,-0.06928976953618081,4365664500
2014-06-03,13.662667274475098,13.866666793823242,13.505999565124512,13.565999984741211,57912000,51.77054218750879,13.536971330680233,13.606762549236572,0.06378532169803108,-0.04267475128933843,4423576500
2014-06-04,13.599332809448242,13.750666618347168,13.359999656677246,13.623332977294922,51411000,50.76665741964119,13.54291051913433,13.606471186891932,0.05827281946066165,-0.022485237139338417,4372165500
2014-06-05,13.793333053588867,13.946666717529297,13.603333473205566,13.631333351135254,60819000,53.7265752059265,13.566760284320475,13.613799103232989,0.0687656326880628,-0.004235063173858175,4432984500
2014-06-06,13.878000259399414,14.053999900817871,13.812000274658203,13.983332633972168,46107000,54.99816827453062,13.596402186708945,13.624159932886574,0.08295692291449797,0.013203334043813053,4479091500
2014-06-09,13.687333106994629,13.999333381652832,13.613332748413086,13.863332748413086,42085500,51.56187259518579,13.6050622743552,13.62663731226336,0.07792016181272565,0.026146699597595573,4437006000
2014-06-10,13.486666679382324,13.79800033569336,13.436667442321777,13.628666877746582,52720500,48.15198533220628,13.593786503405402,13.621148267836654,0.05707842413927011,0.03233304450593048,4384285500
2014-06-11,13.631333351135254,13.666666984558105,13.283332824707031,13.433333396911621,59662500,50.68406333117829,13.597362393665389,13.621547682867972,0.05163932229404189,0.036194300063552766,4443948000
2014-06-12,13.567999839782715,13.991999626159668,13.513999938964844,13.673333168029785,89905500,49.54334085772927,13.594565959962276,13.619447767452863,0.04173718948923977,0.037302877948690166,4354042500
2014-06-13,13.761333465576172,13.78600025177002,13.438667297363281,13.652000427246094,53164500,53.019388724068335,13.610448579544553,13.625011912477307,0.048926096164281674,0.03962752159180847,4407207000
2014-06-16,14.973999977111816,15.03266716003418,13.750666618347168,13.784000396728516,198696000,67.93912858938818,13.740310617408102,13.677913405208072,0.150737797799545,0.06184957683335578,4605903000
2014-06-17,15.444666862487793,15.702667236328125,14.856666564941406,14.940667152404785,199573500,71.69616049711766,13.902630259796645,13.747197854513159,0.26633306716998995,0.10274627490068262,4805476500
2014-06-18,15.141332626342773,15.447333335876465,15.074666976928711,15.433333396911621,104103000,66.30355275520628,14.020601913753419,13.801869806349615,0.3296664238541265,0.1481303046913714,4701373500
2014-06-19,15.185999870300293,15.687333106994629,15.133333206176758,15.2586669921875,131896500,66.70073514775893,14.131592195329311,13.856149416700623,0.37909289172743676,0.19432282209858448,4833270000
2014-06-20,15.305999755859375,15.419333457946777,15.079999923706055,15.23466682434082,73558500,67.79886430114708,14.243440534427412,13.913006292746065,0.4230698258981054,0.24007222285848867,4906828500
2014-06-23,15.814666748046875,15.932666778564453,15.214667320251465,15.300666809082031,116866500,72.01219057975135,14.393081126200695,13.987581212561784,0.49328080417329545,0.29071393912145005,5023695000
2014-06-24,15.5,16.125333786010742,15.442000389099121,15.9313325881958,121138500,66.2383426803875,14.498501971324439,14.046891753245635,0.5175663507934427,0.3360844214558486,4902556500
2014-06-25,15.792667388916016,15.83666706085205,15.349332809448242,15.536666870117188,87024000,68.7481651438707,14.621755820618874,14.115353542879769,0.5540419827222607,0.37967593370913105,4989580500
2014-06-26,15.706666946411133,16.02666664123535,15.61400032043457,15.811332702636719,76821000,67.16803476570146,14.725080689741947,14.177757990077078,0.5694454541165594,0.41762983779061674,4912759500
2014-06-27,15.937333106994629,16.0,15.633333206176758,15.645999908447266,84525000,69.21203384504025,14.84053330090887,14.246760935838552,0.5934250134137216,0.45278887291523773,4997284500
2014-06-30,16.003999710083008,16.299333572387695,15.933333396911621,15.970000267028809,72429000,69.79728056480741,14.951339625592121,14.315672260318728,0.6107678727856296,0.48438467288931614,5069713500
2014-07-01,15.981332778930664,16.229333877563477,15.91333293914795,16.163999557495117,65041500,69.31482954423882,15.049434211624364,14.380992280656452,0.6155870772410879,0.5106251537596705,5004672000
2014-07-02,15.295332908630371,16.155332565307617,15.137999534606934,16.04400062561035,120411000,56.57041035223848,15.072853135148746,14.416848775871117,0.5576239335028514,0.5200249097083067,4884261000
2014-07-03,15.283332824707031,15.460000038146973,14.933333396911621,15.419333457946777,77500500,56.37514441564288,15.092898819868582,14.450828542492133,0.5048992536969248,0.5169997785060304,4806760500
2014-07-07,14.843999862670898,15.3186674118042,14.69333267211914,15.166666984558105,88405500,49.622005809094766,15.069194157278327,14.466247025636399,0.4227904021344475,0.49815790323171383,4718355000
2014-07-08,14.604666709899902,14.730667114257812,14.284667015075684,14.576666831970215,117543000,46.363714038955976,15.024953448004192,14.471675248548694,0.3345498777304403,0.46543629813145915,4600812000
2014-07-09,14.870667457580566,14.947999954223633,14.61400032043457,14.751333236694336,61731000,50.27195824340567,15.010259544154323,14.487322001844062,0.2828224623829616,0.42891353098175966,4662543000
2014-07-10,14.630666732788086,14.814666748046875,14.402667045593262,14.478667259216309,72958500,46.94800778532212,14.974107847833729,14.492943363841867,0.21992688014855233,0.3871162008151182,4589584500
2014-07-11,14.541999816894531,14.773332595825195,14.506667137145996,14.707332611083984,49534500,45.744628376064355,14.932954702029996,14.49486714631452,0.16107028106001486,0.3419070168640976,4540050000
2014-07-14,15.113332748413086,15.252667427062988,14.363332748413086,14.666000366210938,108048000,53.9376457747278,14.95013356359029,14.519120699337995,0.15869841840739873,0.3052652971727578,4648098000
2014-07-15,14.638667106628418,15.176667213439941,14.539999961853027,15.11533260345459,85777500,47.517590490980574,14.920470091498682,14.52380879374154,0.11716652703113262,0.2676455431444328,4562320500
2014-07-16,14.477333068847656,14.986666679382324,14.454667091369629,14.788000106811523,60667500,45.53376602342023,14.878266565531918,14.521986216294723,0.07042211308680457,0.22820085713290716,4501653000
2014-07-17,14.359999656677246,14.703332901000977,14.239999771118164,14.410667419433594,69741000,44.09201856590759,14.828907812307664,14.515633802192077,0.023636535229799804,0.1872879927522857,4431912000
2014-07-18,14.668000221252441,14.747332572937012,14.395333290100098,14.396666526794434,63805500,48.685191825333284,14.813583279826215,14.521608955880719,0.011281651345210975,0.15208672447087077,4495717500
2014-07-21,14.702667236328125,14.880666732788086,14.447999954223633,14.483332633972168,57333000,49.1911654387581,14.803019847112111,14.528709280604147,0.004238793078762626,0.12251713819244914,4553050500
2014-07-22,14.638667106628418,14.886667251586914,14.607333183288574,14.812666893005371,40950000,48.24538564857678,14.787367205161283,14.533021352212943,-0.006432844605511079,0.0967271416328571,4512100500
2014-07-23,14.832667350769043,14.983332633972168,14.628666877746582,14.667332649230957,46249500,51.30186424794575,14.791681504742975,14.54477217568573,0.0007552974206550545,0.0775327727904167,4558350000
2014-07-24,14.902667045593262,15.006667137145996,14.720000267028809,14.883333206176758,48682500,52.39433414790369,14.802251556252527,14.558807268623282,0.011962446487867595,0.06441870752990689,4607032500
2014-07-25,14.904666900634766,15.131333351135254,14.783332824707031,14.847999572753906,46306500,52.4271696142567,14.812005398574644,14.572370391447262,0.02076618480323411,0.05568820298457233,4653339000
2014-07-28,14.98799991607666,15.466667175292969,14.760000228881836,14.949999809265137,97714500,53.855433256687554,14.828766781193885,14.588669588491552,0.034074696854190734,0.05136550175849602,4751053500
2014-07-29,15.000666618347168,15.220000267028809,14.990667343139648,15.107333183288574,50736000,54.081102302689615,14.845138194256101,14.6048263347604,0.045123727310517836,0.050117146868900384,4801789500
2014-07-30,15.261333465576172,15.30666732788086,14.736000061035156,14.79466724395752,73917000,58.57124573951697,14.884775839143726,14.63057171243945,0.07406008112436169,0.05490573371999265,4875706500
2014-07-31,14.886667251586914,15.426667213439941,14.766667366027832,15.284000396728516,116236500,50.87134084034207,14.884955973662125,14.640614674758957,0.0659991209608588,0.057124411168165884,4759470000
2014-08-01,15.5513334274292,15.833333015441895,15.066666603088379,15.072667121887207,178437000,60.73340590479846,14.948420493068513,14.676329135647986,0.11195323034768911,0.06809017500407054,4937907000
2014-08-04,15.90133285522461,16.03333282470703,15.5513334274292,15.625332832336426,89395500,64.74653558293065,15.039174051369093,14.724368497200011,0.17460152418888342,0.08939244484103312,5027302500
2014-08-05,15.899333000183105,16.19933319091797,15.712667465209961,15.83133316040039,80829000,64.70584261897324,15.121093951256142,14.770445536532682,0.2215356517342144,0.11582108621966938,4946473500
2014-08-06,16.595333099365234,16.761333465576172,15.905332565307617,15.926667213439941,138739500,71.434646355087,15.261497679647485,14.842009754682978,0.3113041567060897,0.15491770031695345,5085213000
2014-08-07,16.826000213623047,17.112667083740234,16.607999801635742,16.674667358398438,112183500,73.25454067038918,15.410497920978491,14.919813302092393,0.3964887761923013,0.20323191549202305,5197396500
2014-08-08,16.54199981689453,16.784000396728516,16.433332443237305,16.743999481201172,76351500,67.54843509140994,15.518260006303828,14.983428459535615,0.43605516976934133,0.2497965663474867,5121045000
2014-08-11,17.288000106811523,17.582666397094727,17.0,17.031999588012695,121519500,73.4079515647784,15.686806682542656,15.073803818252317,0.5215951859296961,0.3041562902639286,5242564500
2014-08-12,17.33066749572754,17.35333251953125,16.972000122070312,17.205333709716797,95734500,73.70044511026636,15.84336485522693,15.162308276192523,0.586073278778775,0.3605396879668979,5338299000
2014-08-13,17.354000091552734,17.709333419799805,17.30733299255371,17.46733283996582,103989000,73.86970748906668,15.98723487773415,15.2482569748341,0.6317726950223275,0.41478628937798384,5442288000
2014-08-14,17.42533302307129,17.53333282470703,17.100000381469727,17.499332427978516,61899000,74.41191010329321,16.124196605861496,15.33363250613752,0.6660677684394418,0.46504258519027547,5504187000
2014-08-15,17.46733283996582,17.472667694091797,17.233333587646484,17.43199920654297,58018500,74.74420252002076,16.25211434244286,15.417307029032747,0.6886970248183459,0.5097734731158896,5562205500
2014-08-18,17.32933235168457,17.817333221435547,17.316667556762695,17.549999237060547,87738000,71.46048036479742,16.354706533799213,15.49228841423478,0.6875695140862952,0.5453326813099707,5474467500
2014-08-19,17.117332458496094,17.288667678833008,16.774667739868164,17.257999420166016,80022000,66.61849564671525,16.427337574246536,15.556015631656793,0.6619389143229455,0.5686539279125656,5394445500
2014-08-20,17.047332763671875,17.249332427978516,16.866666793823242,16.97800064086914,45418500,65.05117513441718,16.48638473514419,15.614498656441699,0.628730475441774,0.5806692374184074,5349027000
2014-08-21,16.95599937438965,17.253332138061523,16.884000778198242,17.101333618164062,43734000,62.96950743671957,16.53110993888185,15.667106527733775,0.5882615936925113,0.5821877086732282,5305293000
2014-08-22,17.118667602539062,17.1299991607666,16.840667724609375,16.96933364868164,42501000,65.11093520707979,16.58706781161111,15.72403049145163,0.5628277519043792,0.5783157173194584,5347794000
2014-08-25,17.503332138061523,17.57866668701172,17.21266746520996,17.21266746520996,64771500,69.58943470537682,16.674331080796865,15.793807026612804,0.5671724513211167,0.5760870641197902,5412565500
2014-08-26,17.44933319091797,17.700000762939453,17.444000244140625,17.665332794189453,57270000,68.26470508369069,16.748140805570305,15.858729621291438,0.5598053060627102,0.5728307125083741,5355295500
2014-08-27,17.549999237060547,17.615999221801758,17.3526668548584,17.566667556762695,44776500,69.43291364623398,16.82450827523604,15.92505391994905,0.5556841183751864,0.5694013936817366,5400072000
2014-08-28,17.590667724609375,17.631999969482422,17.44266700744629,17.459333419799805,42673500,69.91474082871889,16.897475841843026,15.990372108367103,0.5493668949102215,0.5653944939274336,5442745500
2014-08-29,17.979999542236328,18.133333206176758,17.833999633789062,17.913333892822266,96706500,74.12046079266186,17.000573337118578,16.068396713616877,0.5692147207251743,0.5661585392869818,5539452000
2014-09-02,18.941333770751953,18.992666244506836,18.286666870117188,18.366666793823242,147786000,81.13362784352462,17.18540766413128,16.1810609119359,0.6549658649264565,0.5839200044148768,5687238000
2014-09-03,18.746000289916992,19.200000762939453,18.67333221435547,19.17799949645996,101584500,76.5918373280279,17.33403553325373,16.281646769895946,0.6991036533374739,0.6069567341993962,5585653500
2014-09-04,19.069332122802734,19.42799949645996,18.69333267211914,18.93400001525879,125125500,78.71576937477559,17.49930187511554,16.390967764127584,0.7515104012590719,0.6358674676113314,5710779000
2014-09-05,18.492666244506836,18.860000610351562,18.167333602905273,18.836666107177734,167548500,67.03353563685215,17.593908005533756,16.473387312377753,0.7380037616041335,0.6562947264098918,5543230500
2014-09-08,18.80733299255371,18.992000579833984,18.501333236694336,18.507999420166016,82524000,69.67797508768513,17.709472290011846,16.56491459395328,0.7441129581676371,0.6738583727614409,5625754500
2014-09-09,18.565332412719727,19.03266716003418,18.46666717529297,18.865999221801758,68382000,65.33715567946173,17.790982777888786,16.643362351551964,0.721114556421032,0.6833096094933592,5557372500
2014-09-10,18.739999771118164,18.76066780090332,18.243999481201172,18.633333206176758,56719500,66.93812744738051,17.881365348672535,16.725583426829072,0.7088116143388525,0.6884100104624579,5614092000
2014-09-11,18.687332153320312,18.986000061035156,18.575332641601562,18.69733238220215,56491500,65.94901785084863,17.958124091972323,16.802514749436572,0.6868935265089533,0.688106713671757,5557600500
2014-09-12,18.613332748413086,18.826000213623047,18.46666717529297,18.700000762939453,49869000,64.5067521747473,18.020524916395253,16.87352721998467,0.6559903025868437,0.6816834314547744,5507731500
2014-09-15,16.923999786376953,18.293333053588867,16.608667373657227,18.291332244873047,246831000,41.95121442668952,17.916093951631606,16.87550653631378,0.4895410982394388,0.6432549648117073,5260900500
2014-09-16,17.382667541503906,17.497333526611328,16.827999114990234,17.010000228881836,124501500,47.335562152110654,17.865291436381348,16.89539520318398,0.3901422422709473,0.5926324203035553,5385402000
2014-09-17,17.42533302307129,17.64666748046875,17.299999237060547,17.493999481201172,77665500,47.82040809345531,17.823390635113725,16.91617707847368,0.3112230944745633,0.536350555137757,5463067500
2014-09-18,17.58799934387207,17.706666946411133,17.488000869750977,17.55733299255371,55389000,49.720956747590655,17.800972416900233,16.942523049665773,0.2588213821113641,0.48084472053247845,5518456500
2014-09-19,17.288000106811523,17.428667068481445,17.01799964904785,17.19933319091797,102163500,46.366733210264435,17.7521179111775,16.95607116955384,0.19088481497170662,0.4228527394203241,5416293000
2014-09-22,16.66866683959961,17.06800079345703,16.31399917602539,17.0,123211500,40.31950136386545,17.64893209483675,16.94480041151642,0.08607733148103236,0.3554976578324658,5293081500
2014-09-23,16.694000244140625,16.920000076293945,16.333332061767578,16.347999572753906,84880500,40.66041818901118,17.55798620429426,16.93496511083502,0.005003166356498667,0.2853987595372724,5377962000
2014-09-24,16.80933380126953,16.856000900268555,16.46933364868164,16.7413330078125,56242500,42.277050731385565,17.48668597543476,16.930038392812843,-0.04937309710521731,0.21844438820877446,5434204500
2014-09-25,16.463333129882812,16.997333526611328,16.406667709350586,16.834667205810547,72513000,38.85693129249211,17.389223799667906,16.911736225639117,-0.1190141195051595,0.15095268666598768,5361691500
2014-09-26,16.440000534057617,16.648666381835938,16.404666900634766,16.549999237060547,56931000,38.62998040900368,17.2988215838955,16.89323678675357,-0.1740811775252986,0.08594591382773042,5304760500
2014-09-29,16.35066795349121,16.576000213623047,16.091999053955078,16.266666412353516,72790500,37.72156480906438,17.20852123814271,16.871959577606027,-0.22236729861161209,0.024283271339861925,5231970000
2014-09-30,16.178667068481445,16.510000228881836,16.007999420166016,16.461332321166992,63574500,35.96776879473529,17.11043988865116,16.84477163607173,-0.2713850732115084,-0.03485039757041214,5168395500
2014-10-01,16.016000747680664,16.17733383178711,15.710000038146973,16.14666748046875,89125500,34.341614562759815,17.006207589511114,16.81227081691914,-0.3196728359025265,-0.09181488523683502,5079270000
2014-10-02,16.761333465576172,16.8526668548584,16.357332229614258,16.68000030517578,134973000,46.31773811175078,16.982886244374452,16.81027327372922,-0.2944053922995238,-0.1323329866493728,5214243000
2014-10-03,17.013999938964844,17.100000381469727,16.735332489013672,16.87066650390625,81094500,49.66925595173192,16.98584945338306,16.818262554718853,-0.25109818484964563,-0.15608602628942736,5295337500
2014-10-06,17.374666213989258,17.499332427978516,17.18666648864746,17.275333404541016,115699500,54.07669637854862,17.022879621059843,16.84008230606279,-0.185535419924296,-0.1619759050164011,5411037000
2014-10-07,17.30466651916504,17.430667877197266,17.048667907714844,17.235332489013672,67282500,53.10470723397388,17.049716468498435,16.8583012948119,-0.13763823878728587,-0.15710837177057807,5343754500
2014-10-08,17.28533363342285,17.525333404541016,16.842666625976562,17.34000015258789,75826500,52.82231424635876,17.072156198491236,16.875047661031935,-0.10008565483558485,-0.14570382838357943,5267928000
2014-10-09,17.134000778198242,17.702667236328125,16.959999084472656,17.483333587646484,110419500,50.556026517017806,17.07804615846333,16.885202685234535,-0.08159567403852108,-0.13288219751456776,5157508500
2014-10-10,15.793999671936035,16.392667770385742,15.680000305175781,16.30933380126953,193324500,35.87764515064214,16.955756016889303,16.84241041020322,-0.17307403175930247,-0.14092056436351472,4964184000
2014-10-13,14.97266674041748,15.93066692352295,14.733332633972168,15.904666900634766,169030500,30.10758971013695,16.766890371511035,16.769087129035153,-0.30829219223992155,-0.1743948899387961,4795153500
2014-10-14,15.137332916259766,15.498000144958496,14.866666793823242,15.216667175292969,106579500,32.453068591153084,16.611694423391867,16.705096767749843,-0.39758328181151015,-0.21903256831333892,4901733000
2014-10-15,15.313332557678223,15.399333000183105,14.48799991607666,14.666666984558105,137209500,34.96518346691914,16.48804091237152,16.650517779119586,-0.4489699671255387,-0.2650200480757789,5038942500
2014-10-16,15.09000015258789,15.32800006866455,14.606666564941406,14.64799976348877,80989500,33.27410078495703,16.35489417334451,16.589321009451677,-0.5019294142348976,-0.31240192130760264,4957953000
2014-10-17,15.165332794189453,15.65133285522461,15.103333473205566,15.558667182922363,158241000,34.4261625607336,16.24160261342498,16.533478334343354,-0.5316924237314495,-0.35626002179237204,5116194000
2014-10-20,15.364666938781738,15.493332862854004,15.034000396728516,15.114666938781738,52416000,37.501104084012006,16.158084930125625,16.487642593340937,-0.5330505487116266,-0.39161812717622296,5168610000
2014-10-21,15.689332962036133,15.692667007446289,15.386667251586914,15.618000030517578,61954500,42.25106533129071,16.113441885545672,16.45633633328977,-0.5021406727104285,-0.4137226362830641,5230564500
2014-10-22,15.40666675567627,15.826000213623047,15.370667457580566,15.545999526977539,61749000,39.44057140203,16.046129968415254,16.41517282044218,-0.494750003727253,-0.4299281097719019,5168815500
2014-10-23,15.685999870300293,15.751999855041504,15.466667175292969,15.644000053405762,52386000,43.44421353251395,16.011831863832878,16.386577802789557,-0.4610384333718258,-0.4361501744918867,5221201500
2014-10-24,15.682666778564453,15.853333473205566,15.41333293914795,15.751333236694336,51949500,43.40733733311474,15.980482808093027,16.358973448898375,-0.4296381227945396,-0.4348477641524173,5169252000
2014-10-27,14.777999877929688,15.640666961669922,14.687333106994629,15.616666793823242,143299500,34.77851755099478,15.865960624267947,16.296974485330978,-0.4723077390846875,-0.44233975913887136,5025952500
2014-10-28,16.184667587280273,16.30666732788086,15.216667175292969,15.30666732788086,157744500,51.066914767119734,15.896313668364359,16.29257029325056,-0.3881431170380658,-0.4315004307187103,5183697000
2014-10-29,15.873332977294922,16.100000381469727,15.709333419799805,16.075332641601562,74437500,48.19787764068379,15.89412503111965,16.276129614193476,-0.3426146997976556,-0.41372328453449936,5109259500
2014-10-30,15.910667419433594,16.03333282470703,15.670666694641113,15.87600040435791,48426000,48.57101731547524,15.895700496673358,16.261797763418578,-0.300061600309947,-0.3909909476895889,5157685500
2014-10-31,16.113332748413086,16.20800018310547,15.916666984558105,16.167333602905273,56629500,50.649148689524715,15.916427377791427,16.255975605967382,-0.24713573714246628,-0.3622199055801644,5214315000
2014-11-03,16.172666549682617,16.503999710083008,16.08799934387207,16.200000762939453,63057000,51.26997356545819,15.94083110844773,16.252708584152295,-0.1981200626263,-0.3293999369893916,5277372000
2014-11-04,15.928667068481445,16.156667709350586,15.768667221069336,16.03266716003418,55239000,48.5643731158398,15.939672628450941,16.24000107373383,-0.17692403621941288,-0.29890475683539586,5222133000
2014-11-05,15.39799976348877,16.090667724609375,15.368666648864746,16.066667556762695,135688500,43.222116889109216,15.888084736549782,16.206981414508533,-0.2006336690770283,-0.27925053928372234,5086444500
2014-11-06,16.08133316040039,16.445999145507812,15.233332633972168,15.63266658782959,230320500,50.73700828548482,15.906489348345078,16.20205403199449,-0.16241224242748586,-0.25588287991247505,5316765000
2014-11-07,16.01333236694336,16.189332962036133,15.813332557678223,16.145999908447266,77415000,50.02740195923399,15.916664873925866,16.19465318238464,-0.13604039319233863,-0.23191438256844776,5239350000
2014-11-10,16.1286678314209,16.191999435424805,15.786666870117188,15.940667152404785,68658000,51.27221146787803,15.936855631782535,16.192065521562533,-0.1046278202071349,-0.2064570700961852,5308008000
2014-11-11,16.738666534423828,16.788000106811523,16.133333206176758,16.170000076293945,119232000,57.326705645008154,16.01321857489123,16.21350085540023,-0.030163624948325918,-0.17119838106661334,5427240000
2014-11-12,16.606666564941406,16.82266616821289,16.371999740600586,16.648000717163086,88062000,55.71349467187954,16.069737431086484,16.228919118519492,0.017991101691155365,-0.1333604845150596,5339178000
2014-11-13,16.780000686645508,17.049999237060547,16.683332443237305,16.70800018310547,93540000,57.40842855991931,16.137381550663534,16.250530160406786,0.06934136045698835,-0.09282011552065002,5432718000
2014-11-14,17.245332717895508,17.25666618347168,16.566667556762695,16.666667938232422,91516500,61.65161397540415,16.242900709447532,16.289542025406345,0.14590333365863017,-0.04507542568479398,5524234500
2014-11-17,16.93199920654297,17.266666412353516,16.801332473754883,17.166000366210938,60385500,57.49779008871372,16.308529137742337,16.314736424666606,0.17922980368127028,-0.0002143798115811258,5463849000
2014-11-18,17.18000030517578,17.332666397094727,17.034000396728516,17.05733299255371,67095000,59.80610554314947,16.391526391783618,16.34866834154932,0.22308134443118277,0.04444476503697166,5530944000
2014-11-19,16.516000747680664,16.79199981689453,16.373332977294922,16.707332611083984,118777500,51.70869605541995,16.403381092345242,16.355230396691727,0.20192710146433868,0.07594123232244507,5412166500
2014-11-20,16.58066749572754,16.728666305541992,16.399999618530273,16.530000686645508,53808000,52.38484703000058,16.420265511714984,16.36407106724215,0.18821070181639854,0.09839512622123577,5465974500
2014-11-21,16.185333251953125,16.851999282836914,16.14466667175293,16.81399917602539,112276500,47.9635083393691,16.397891010785283,16.357061741152386,0.14378274872200336,0.10747265072138928,5353698000
2014-11-24,16.447999954223633,16.50666618347168,16.042667388916016,16.34666633605957,71845500,50.927078987965416,16.402663291112745,16.360627945586554,0.12828944264715147,0.11163600910654173,5425543500
2014-11-25,16.53933334350586,16.648000717163086,16.4060001373291,16.489999771118164,47397000,51.95177226216036,16.415679486578757,16.367636000406918,0.12197467899680703,0.1137037430845948,5472940500
2014-11-26,16.562667846679688,16.600000381469727,16.440000534057617,16.555999755859375,29718000,52.22624236542713,16.42967837801694,16.37528430810389,0.1174986316151454,0.11446272079070492,5502658500
2014-11-28,16.301332473754883,16.445999145507812,16.167999267578125,16.356666564941406,31795500,48.859926934680104,16.41745495856341,16.372384236168635,0.09180547492479718,0.10993127161752338,5470863000
2014-12-01,15.442667007446289,16.1646671295166,15.267333030700684,16.077333450317383,129291000,39.785804155071176,16.32461801083797,16.335924737003054,0.0021317625425005815,0.08837136980251882,5341572000
2014-12-02,15.428667068481445,15.658666610717773,15.199999809265137,15.637999534606934,88305000,39.65648796029149,16.239289349661156,16.300346004904167,-0.06926651736153744,0.056843792369707574,5253267000
2014-12-03,15.286666870117188,15.314666748046875,15.033332824707031,15.083333015441895,79615500,38.29681359608799,16.148563399228397,16.260593881971346,-0.13574362977852772,0.01832630794006052,5173651500
2014-12-04,15.218667030334473,15.393333435058594,15.187333106994629,15.239999771118164,57834000,37.63142561409725,16.06000184028612,16.219734005436568,-0.19170439020438046,-0.02367983168882768,5115817500
2014-12-05,14.913999557495117,15.292667388916016,14.817333221435547,15.244667053222656,90954000,34.720685156345695,15.950858765734596,16.168528732968277,-0.2576675833547881,-0.07047738202201977,5024863500
2014-12-08,14.290666580200195,14.990667343139648,14.156000137329102,14.769332885742188,138384000,29.665041371822113,15.79274522425513,16.09488707991855,-0.3561363330619134,-0.1276091722299985,4886479500
2014-12-09,14.459333419799805,14.51533317565918,13.618000030517578,13.956000328063965,141472500,32.52794294791062,15.665753623830813,16.03074772069821,-0.41577077559303355,-0.18524149290260553,5027952000
2014-12-10,13.989333152770996,14.451333045959473,13.846667289733887,14.275333404541016,109711500,28.987199054834193,15.506094531348927,15.950692247446161,-0.49524768747477843,-0.24724273181704012,4918240500
2014-12-11,13.925333023071289,14.362000465393066,13.881999969482422,14.035332679748535,100416000,28.531756242015177,15.355545816274866,15.871266395509892,-0.556977498441082,-0.3091896851418485,4817824500
2014-12-12,13.800000190734863,14.112000465393066,13.633333206176758,13.654666900634766,107607000,27.616658643740635,15.207398613842484,15.79004026983244,-0.6089920492313645,-0.36915015795975176,4710217500
2014-12-15,13.602666854858398,13.986666679382324,13.511333465576172,13.952667236328125,78274500,26.19225807465014,15.054567017748761,15.704260920225616,-0.6585458004420293,-0.4270292864562073,4631943000
2014-12-16,13.187333106994629,13.578666687011719,13.024666786193848,13.392666816711426,126391500,23.450695397435197,14.876735216724558,15.605557868726363,-0.7229972059159628,-0.4862228703481584,4505551500
2014-12-17,13.721332550048828,13.776666641235352,12.84333324432373,12.870667457580566,110517000,33.140531359903605,14.766696867517346,15.531666679758617,-0.7226557907482984,-0.5335094544281864,4616068500
2014-12-18,14.550666809082031,14.562666893005371,14.119999885559082,14.158666610717773,112249500,44.822381102600616,14.746122576237793,15.49319609659483,-0.6479951879362442,-0.556406601129798,4728318000
2014-12-19,14.619333267211914,14.69333267211914,14.300000190734863,14.679332733154297,103657500,45.668823730277516,14.734047403949614,15.458926966030793,-0.5766381869314117,-0.5604529182901208,4831975500
2014-12-22,14.84000015258789,14.937333106994629,14.550666809082031,14.666666984558105,71991000,48.40784522296749,14.744138141915164,15.434655326287935,-0.4965572729297545,-0.5476737892180475,4903966500
2014-12-23,14.731332778930664,14.954667091369629,14.63466739654541,14.920666694641113,67585500,47.147324261704476,14.742918583535687,15.407074049920983,-0.436825666149776,-0.5255041646043933,4836381000
2014-12-24,14.817333221435547,14.833333015441895,14.616666793823242,14.65133285522461,19983000,48.29482902650712,14.750005691907102,15.38394695860783,-0.3781888943001164,-0.49604111054353794,4856364000
2014-12-26,15.187999725341797,15.233332633972168,14.766667366027832,14.767333030700684,49905000,53.02841305668539,14.791719409377073,15.376262753381711,-0.29836972066697776,-0.45650683256822594,4906269000
2014-12-29,15.047332763671875,15.194000244140625,14.934666633605957,15.126667022705078,42037500,51.11589505809067,14.81606353835753,15.363363538098973,-0.24365440241904857,-0.4139363465383905,4864231500
2014-12-30,14.815333366394043,15.043333053588867,14.760000228881836,14.932666778564453,43548000,48.038616406753654,14.815993998170532,15.341872158816427,-0.2165166616666916,-0.37445240956405074,4820683500
2014-12-31,14.827333450317383,15.045332908630371,14.816666603088379,14.87266731262207,34462500,48.21228437309704,14.817073945994041,15.321694170247838,-0.19183020097319137,-0.33792796784587886,4855146000
2015-01-02,14.620667457580566,14.883333206176758,14.21733283996582,14.857999801635742,71466000,45.3981392901143,14.798368566145138,15.294202926613828,-0.18678903374249423,-0.30770018102520197,4783680000
2015-01-05,14.005999565124512,14.433333396911621,13.810667037963867,14.303333282470703,80527500,38.24745631137023,14.722904851762221,15.243685147731894,-0.22974408748995323,-0.29210896231815225,4703152500
2015-01-06,14.085332870483398,14.279999732971191,13.61400032043457,14.003999710083008,93928500,39.57045227623764,14.662183710688048,15.198259568231952,-0.25445158287611314,-0.28457748642974445,4797081000
2015-01-07,14.063332557678223,14.3186674118042,13.985333442687988,14.223333358764648,44526000,39.31887999017847,14.605150267544255,15.15375262664161,-0.27266458475142663,-0.28219490609408093,4752555000
2015-01-08,14.041333198547363,14.25333309173584,14.000666618347168,14.187333106994629,51637500,39.05152051044479,14.551453403830266,15.110128335343797,-0.28558167658153977,-0.2828722601915727,4700917500
2015-01-09,13.77733325958252,13.998666763305664,13.663999557495117,13.928000450134277,70024500,35.8970151628301,14.47772767580667,15.05786186178453,-0.31350723737347863,-0.2889992556279539,4630893000
2015-01-12,13.480667114257812,13.631333351135254,13.283332824707031,13.536666870117188,89254500,32.70036731076365,14.382769527087731,14.996011087371718,-0.355479181354621,-0.30229524077328734,4541638500
2015-01-13,13.616666793823242,13.840666770935059,13.394000053405762,13.554667472839355,67159500,35.534488833936294,14.309807362014922,14.941919154291385,-0.37346316096021503,-0.3165288248106729,4608798000
2015-01-14,12.845999717712402,13.013333320617676,12.333333015441895,12.388667106628418,173278500,28.26946600487527,14.170397110176587,14.859726235209857,-0.4447748985066582,-0.34217803954987,4435519500
2015-01-15,12.791333198547363,13.050000190734863,12.666666984558105,12.965999603271484,78247500,27.834742208785514,14.039057690021423,14.77861278279172,-0.49993812006752947,-0.3737300556534019,4357272000
2015-01-16,12.871333122253418,12.965999603271484,12.643333435058594,12.713333129882812,54048000,29.542306503658708,13.92784582642447,14.703817501986297,-0.531078107489753,-0.40519966602067214,4411320000
2015-01-20,12.795332908630371,12.941332817077637,12.469332695007324,12.924667358398438,67548000,28.84404988761925,13.819987453301222,14.628974968913516,-0.5554860564715121,-0.43525694411084015,4343772000
2015-01-21,13.104666709899902,13.245332717895508,12.633999824523926,12.636667251586914,62295000,35.52389931951531,13.751861668215382,14.569198174442395,-0.5436025673220843,-0.456926068753089,4406067000
2015-01-22,13.441332817077637,13.549332618713379,13.013333320617676,13.133333206176758,61753500,41.9150064713654,13.722287491916548,14.524968160428092,-0.5012406847398694,-0.4657889919504451,4467820500
2015-01-23,13.419333457946777,13.566666603088379,13.222000122070312,13.352666854858398,51579000,41.62465548773245,13.69343472677657,14.481609936801373,-0.4640939656703402,-0.46544998669442417,4416241500
2015-01-26,13.770000457763672,13.907999992370605,13.403332710266113,13.45533275604248,48517500,47.8284455456235,13.700726701156293,14.453703682721464,-0.40172815483935764,-0.4527056203234109,4464759000
2015-01-27,13.732000350952148,13.868666648864746,13.553333282470703,13.628000259399414,41715000,47.24252951306004,13.703705143993995,14.425401591279531,-0.3513193012577194,-0.4324283565102726,4423044000
2015-01-28,13.291333198547363,13.758000373840332,13.227999687194824,13.740667343139648,47244000,40.97397059404828,13.664431625380029,14.38092832097631,-0.342974481677528,-0.4145375815437237,4375800000
2015-01-29,13.680000305175781,13.732000350952148,13.100000381469727,13.404666900634766,53221500,47.58057919897687,13.665914356789148,14.35344094780766,-0.30152319308249,-0.391934703851477,4429021500
2015-01-30,13.573332786560059,13.83133316040039,13.533332824707031,13.597332954406738,45105000,46.056984010575405,13.657097064386377,14.322848470895991,-0.2741200403339832,-0.36837177114797826,4383916500
2015-02-02,14.062666893005371,14.130000114440918,13.553333282470703,13.597999572753906,62238000,53.42500219795355,13.69572276235009,14.312645271763026,-0.21049125928656487,-0.3367956687756956,4446154500
2015-02-03,14.557332992553711,14.691332817077637,14.084667205810547,14.214667320251465,72393000,59.45411722686879,13.77778087951234,14.32224086865678,-0.11878034586052699,-0.2931926041926619,4518547500
2015-02-04,14.569999694824219,14.76533317565918,14.453332901000977,14.552666664123535,49581000,59.59834072533015,13.853230290494423,14.331956901055502,-0.044562994751760954,-0.24346668230448174,4568128500
2015-02-05,14.732666969299316,15.031999588012695,14.642666816711426,14.658666610717773,52843500,61.49266381583184,13.936986164666317,14.347671021378789,0.027068649747443274,-0.18935961589409675,4620972000
2015-02-06,14.490667343139648,14.893333435058594,14.433333396911621,14.800000190734863,48658500,57.19610745450606,13.989717705473302,14.353278720271371,0.06357702041929691,-0.13877228863141802,4572313500
2015-02-09,14.498666763305664,14.528667449951172,14.13266658782959,14.358667373657227,52086000,57.302308818584805,14.038189044314478,14.35898021215507,0.09209405066924248,-0.09259902077128593,4624399500
2015-02-10,14.419333457946777,14.699999809265137,14.333333015441895,14.50333309173584,80857500,55.82305680821291,14.074488512279459,14.361347006107685,0.1070583656721169,-0.05266754348260536,4543542000
2015-02-11,14.186667442321777,14.315999984741211,13.8186674118042,14.147333145141602,146536500,51.61476283362474,14.085172219902537,14.354496827135689,0.09900225377924521,-0.02233358403023525,4397005500
2015-02-12,13.525333404541016,13.53933334350586,12.885333061218262,12.904666900634766,234744000,41.93722727696949,14.031854237487154,14.321980614484918,0.038806262772071776,-0.010105614669773845,4162261500
2015-02-13,13.584667205810547,13.732666969299316,13.394000053405762,13.526666641235352,92865000,42.97036311353741,13.989264996375097,14.293066363164355,-0.004064894329108171,-0.00889747060164071,4255126500
2015-02-17,13.623332977294922,13.713333129882812,13.433333396911621,13.713333129882812,59694000,43.673726672541726,13.954414327891271,14.266802308816535,-0.03452263513806919,-0.014022503508926408,4314820500
2015-02-18,13.630666732788086,13.744667053222656,13.506667137145996,13.611332893371582,40704000,43.81526758933694,13.923581223595729,14.24185581563895,-0.05740708820958851,-0.02269942044905883,4355524500
2015-02-19,14.11400032043457,14.162667274475098,13.583333015441895,13.666666984558105,77311500,52.319199212929334,13.941716375675618,14.236841874650542,-0.03612576566750292,-0.025384689492747647,4432836000
2015-02-20,14.473999977111816,14.506667137145996,13.987333297729492,14.052000045776367,89731500,57.48124419098117,13.992410052002874,14.246142192394123,0.009677246152174135,-0.01837230236376329,4522567500
2015-02-23,13.822667121887207,14.546667098999023,13.755332946777344,14.37733268737793,127497000,47.468191299067065,13.976244058658525,14.229535326884047,-0.006505661769439897,-0.01599897424489861,4395070500
2015-02-24,13.607333183288574,13.81933307647705,13.446666717529297,13.81933307647705,99054000,44.696120241629,13.941109689575672,14.20513524282148,-0.036288075764106864,-0.02005679454874026,4296016500
2015-02-25,13.583999633789062,13.809332847595215,13.505332946777344,13.662667274475098,58642500,44.39358574129703,13.907099208072186,14.180776983643739,-0.06106970234947262,-0.028259376108886736,4237374000
2015-02-26,13.812666893005371,14.072667121887207,13.481332778930664,13.600000381469727,97093500,48.10100650206808,13.898105654256298,14.166341293814783,-0.061548292786854475,-0.03491715944448028,4334467500
2015-02-27,13.555999755859375,13.903332710266113,13.520000457763672,13.793333053588867,58231500,44.513522958709245,13.865524140123258,14.142406331542022,-0.081696723098025,-0.04427307217518923,4276236000
2015-03-02,13.155332565307617,13.555999755859375,13.055333137512207,13.513333320617676,118831500,39.55415773526025,13.797886847283673,14.103697556395575,-0.1285135686211838,-0.06112117146438814,4157404500
2015-03-03,13.303999900817871,13.349332809448242,13.021332740783691,13.120667457580566,66484500,42.13048158368981,13.75084999523931,14.072336864019979,-0.15186938870692934,-0.07927081491289638,4223889000
2015-03-04,13.496000289916992,13.501333236694336,13.147333145141602,13.283332824707031,63330000,45.36898615752828,13.726578594732423,14.04973542974143,-0.1531211325074331,-0.09404087843180373,4287219000
2015-03-05,13.375332832336426,13.746000289916992,13.34333324432373,13.523332595825195,73155000,43.71328913062919,13.693126617361376,14.023288269058881,-0.1619827673432308,-0.10762925621408916,4214064000
2015-03-06,12.925333023071289,13.383333206176758,12.8100004196167,13.280667304992676,100686000,38.12545304091819,13.620003417905178,13.98023120058878,-0.20297710685860082,-0.1266988263429915,4113378000
2015-03-09,12.725333213806152,12.965999603271484,12.550000190734863,12.959333419799805,101050500,35.927305901798334,13.534796731800508,13.931019514832599,-0.24873645044468873,-0.15110635116333096,4012327500
2015-03-10,12.687999725341797,12.899999618530273,12.506667137145996,12.564000129699707,83695500,35.5156679504603,13.45414939785206,13.88227364073492,-0.284731354608212,-0.17783135185230717,3928632000
2015-03-11,12.916000366210938,13.078666687011719,12.734000205993652,12.743332862854004,74623500,40.03438576631583,13.402897109124334,13.844380571145745,-0.2914996032754491,-0.20056500213693557,4003255500
2015-03-12,12.73799991607666,12.963333129882812,12.649999618530273,12.916666984558105,62239500,37.80696362941345,13.339573566929317,13.80099309447637,-0.30767989550948904,-0.22198798081144627,3941016000
2015-03-13,12.578666687011719,12.783332824707031,12.48799991607666,12.596667289733887,81514500,35.88244831942502,13.267106245032403,13.753058725556189,-0.3295607821081834,-0.24350254107079372,3859501500
2015-03-16,13.046667098999023,13.060667037963867,12.653332710266113,12.800000190734863,84432000,44.774708280003125,13.246112040648272,13.725357093142183,-0.30561488225223954,-0.2559250093070829,3943933500
2015-03-17,12.982000350952148,13.247332572937012,12.929332733154297,13.028667449951172,73411500,43.86935937178663,13.220958546391499,13.696205848350417,-0.28852965990443025,-0.26244593942655237,3870522000
2015-03-18,13.380666732788086,13.392000198364258,12.87399959564209,12.997332572937012,72313500,50.512750334235825,13.23616884985784,13.683831765387188,-0.24005326823299988,-0.2579674051878419,3942835500
2015-03-19,13.043333053588867,13.63933277130127,12.968667030334473,13.466667175292969,127128000,45.5952521728434,13.217803535927462,13.658714168846078,-0.2262473486746046,-0.25162339388519445,3815707500
2015-03-20,13.20533275604248,13.265999794006348,13.041333198547363,13.16333293914795,64042500,48.203122353998474,13.216615842605083,13.640934505598878,-0.19992937448099113,-0.2412845900043538,3879750000
2015-03-23,13.308667182922363,13.366666793823242,13.164667129516602,13.233332633972168,39474000,49.85431680753883,13.225382636921015,13.627904414513525,-0.16878827945590835,-0.2267853278946647,3919224000
2015-03-24,13.447999954223633,13.586000442504883,13.316666603088379,13.438667297363281,54748500,52.07286580541531,13.24658428618793,13.620849337639411,-0.13135160752953468,-0.20769858382163872,3973972500
2015-03-25,12.953332901000977,13.239333152770996,12.846667289733887,13.218000411987305,85956000,44.538963682388726,13.218655582836792,13.59467222247712,-0.1399846168752994,-0.19415579043237086,3888016500
2015-03-26,12.694000244140625,12.986000061035156,12.646666526794434,12.928000450134277,61920000,41.17557488858773,13.168688407722872,13.559351752738435,-0.16584060973761972,-0.18849275429342063,3826096500
2015-03-27,12.333333015441895,12.619333267211914,12.09333324432373,12.604666709899902,129073500,36.99172836249897,13.08913075131516,13.511272586569943,-0.2129794074634077,-0.19339008492741805,3697023000
2015-03-30,12.704667091369629,12.816666603088379,12.119999885559082,12.390000343322754,151342500,43.371616227674934,13.05251516465368,13.479640998522871,-0.217862306662159,-0.19828452927436624,3848365500
2015-03-31,12.584667205810547,12.917332649230957,12.560667037963867,12.902000427246094,75399000,41.89529310294054,13.00795821619243,13.444543987043957,-0.22877781905151018,-0.20438318722979504,3772966500
2015-04-01,12.505999565124512,12.819999694824219,12.403332710266113,12.579999923706055,56919000,40.91212488825556,12.960152630376438,13.407738323439274,-0.24099818534801898,-0.21170618685343984,3716047500
2015-04-02,12.733332633972168,12.881999969482422,12.666666984558105,12.682000160217285,75156000,44.93373004008667,12.938550725956985,13.381291041499388,-0.2296912966369451,-0.2153032088101409,3791203500
2015-04-06,13.539999961853027,13.850000381469727,13.166666984558105,13.199999809265137,186837000,56.299606676690345,12.995831605566131,13.387514920728943,-0.15386552808208265,-0.20301567266452925,3978040500
2015-04-07,13.550000190734863,13.670666694641113,13.409333229064941,13.500666618347168,65218500,56.419696907907706,13.048609566058392,13.393886892101724,-0.09190668228833054,-0.1807938745892895,4043259000
2015-04-08,13.844667434692383,14.0600004196167,13.724666595458984,13.880000114440918,94546500,59.91519237474382,13.12442460116639,13.411564560438613,-0.01880983854688978,-0.14839706738080957,4137805500
2015-04-09,14.005999565124512,14.024666786193848,13.7413330078125,13.895333290100098,57003000,61.72529835005309,13.208384121543356,13.434875737092963,0.051543925086111386,-0.10840886888742539,4194808500
2015-04-10,14.0600004196167,14.109999656677246,13.933333396911621,13.989999771118164,61015500,62.338337391313175,13.289490435645579,13.459390430525266,0.11038476048358348,-0.06465014301322362,4255824000
2015-04-13,13.985333442687988,14.199999809265137,13.936667442321777,14.029333114624023,56373000,60.88619967176025,13.355761198221046,13.48001564668851,0.1492708440686723,-0.02186594559684444,4199451000
2015-04-14,13.830666542053223,13.965999603271484,13.699999809265137,13.904666900634766,45390000,57.87857315303676,13.400990278586015,13.493766662193009,0.16569795629616912,0.01564683478175827,4154061000
2015-04-15,13.85533332824707,13.97266674041748,13.773332595825195,13.830666542053223,29286000,58.23292845411706,13.4442610452204,13.507945747136306,0.17864762595658057,0.04824699301672273,4183347000
2015-04-16,13.779999732971191,13.944666862487793,13.752667427062988,13.846667289733887,24886500,56.665051572174114,13.476236158339523,13.518614530894537,0.18074799058638824,0.07474719253065584,4158460500
2015-04-17,13.78600025177002,13.791999816894531,13.566666603088379,13.666000366210938,37048500,56.76490535665197,13.505737500570998,13.529100245438674,0.18081244311407652,0.09596024264733999,4195509000
2015-04-20,13.684666633605957,13.856666564941406,13.59000015258789,13.785332679748535,38389500,54.48179408536522,13.52277837038385,13.5352008881119,0.1707188059746585,0.11091195531280369,4157119500
2015-04-21,13.96066665649414,14.050000190734863,13.620667457580566,13.720000267028809,51487500,59.28510531506449,13.564482016680069,13.551885820205321,0.18288226809326424,0.1253060178688958,4208607000
2015-04-22,14.629332542419434,14.791999816894531,14.112667083740234,14.166666984558105,117945000,68.07480254520686,13.66589635246477,13.594138632841169,0.2436687860879978,0.1489785715127162,4326552000
2015-04-23,14.573332786560059,14.76533317565918,14.476667404174805,14.5513334274292,66168000,66.77465129259846,13.752318869997655,13.632538403575243,0.2840494816439456,0.1759927535389621,4260384000
2015-04-24,14.562000274658203,14.720000267028809,14.534000396728516,14.699999809265137,36417000,66.49786795419624,13.829431384727231,13.668987888715751,0.3115457295586399,0.20310334874289768,4223967000
2015-04-27,15.436667442321777,15.916666984558105,14.800000190734863,14.837332725524902,175089000,75.08268260463318,13.982501485450522,13.73830865552383,0.399312014324698,0.24234508185925777,4399056000
2015-04-28,15.36533260345459,15.699999809265137,15.20199966430664,15.649999618530273,91281000,73.43005175858883,14.114199687165195,13.802113516226997,0.4578336803220946,0.28544280155182516,4307775000
2015-04-29,15.49666690826416,15.664667129516602,15.175333023071289,15.33666706085205,59041500,74.54110973370328,14.245863232031763,13.868566590424534,0.5089433212413645,0.3301429054897331,4366816500
2015-04-30,15.069999694824219,15.526000022888184,15.011333465576172,15.359333038330078,58678500,65.0276239506801,14.324352418964377,13.915681614126482,0.5091504323283012,0.3659444108574467,4308138000
2015-05-01,15.0686674118042,15.451333045959473,14.694000244140625,15.329333305358887,79225500,64.99972760854183,14.395239561139599,13.960896743447178,0.5034041357329553,0.39343635583254843,4228912500
2015-05-04,15.36733341217041,15.648667335510254,15.140666961669922,15.211999893188477,66519000,68.28442894631249,14.487819927904438,14.016051122612796,0.516990460244644,0.4181471767149676,4295431500
2015-05-05,15.529999732971191,15.966667175292969,15.275333404541016,15.850666999816895,86953500,69.93914085662432,14.587075147434605,14.07542165635234,0.5347196180285678,0.4414616649776877,4382385000
2015-05-06,15.362000465393066,15.631333351135254,15.213333129882812,15.606666564941406,79063500,66.10324285437571,14.660877558668744,14.125875727295114,0.5291146619780758,0.4589922643777653,4303321500
2015-05-07,15.786666870117188,15.831999778747559,14.683333396911621,14.733332633972168,141838500,70.5067136940269,14.768095588330501,14.191004791719509,0.5525700402415463,0.47770781955052155,4445160000
2015-05-08,15.77400016784668,15.894000053405762,15.579999923706055,15.732666969299316,70023000,70.21371931258028,14.863896024474899,14.253083041763713,0.5636392174435798,0.49489409912913324,4375137000
2015-05-11,15.965999603271484,16.191999435424805,15.687333106994629,15.752667427062988,85084500,72.10589853071424,14.968858270074573,14.320256240254214,0.581204605058053,0.5121562003149173,4460221500
2015-05-12,16.31599998474121,16.42333221435547,15.879332542419434,16.007333755493164,95451000,75.19883704047169,15.097157480995206,14.398520700822331,0.6162635049295613,0.5329776612378461,4555672500
2015-05-13,16.211999893188477,16.553333282470703,16.149999618530273,16.507333755493164,81603000,72.62205702829485,15.203332948823137,14.469637531895513,0.6284120544494183,0.5520645398801606,4474069500
2015-05-14,16.273332595825195,16.326000213623047,16.083332061767578,16.321332931518555,43438500,73.20517996899056,15.305237677109048,14.540370671657461,0.6356613951160615,0.5687839109273408,4517508000
2015-05-15,16.589332580566406,16.626667022705078,16.166667938232422,16.261999130249023,67914000,76.03708452015293,15.427532429819273,14.620722119065656,0.6593050494625459,0.5868881386343818,4585422000
2015-05-18,16.583332061767578,16.65999984741211,16.399999618530273,16.46666717529297,50298000,75.87310031469666,15.537608585242921,14.697687214857888,0.669837158354472,0.6034779425783999,4535124000
2015-05-19,16.47599983215332,16.733333587646484,16.40999984741211,16.562000274658203,55113000,72.846792953862,15.626979180186769,14.76742496455575,0.6618932235472421,0.6151609987721685,4480011000
2015-05-20,16.290000915527344,16.516000747680664,16.091333389282227,16.475332260131836,56334000,67.79995288238163,15.690124107362061,14.827133825378166,0.6332888798671732,0.6187865749911694,4423677000
2015-05-21,16.374666213989258,16.441333770751953,16.157333374023438,16.20199966430664,29559000,68.85760025108452,15.755318593707509,14.887821370029581,0.6104150289425174,0.6171122657814391,4453236000
2015-05-22,16.51533317565918,16.573333740234375,16.333999633789062,16.358667373657227,33346500,70.58624670000114,15.827700934845764,14.951645362407213,0.5967589201297194,0.6130415966510951,4486582500
2015-05-26,16.497333526611328,16.799999237060547,16.433332443237305,16.511999130249023,52480500,70.050423538484,15.891475467394866,15.012260584532864,0.577823148684196,0.6059979070577154,4434102000
2015-05-27,16.495332717895508,16.633333206176758,16.3700008392334,16.567333221435547,51123000,69.98682547319763,15.94898568172826,15.070420276037282,0.5562429424554249,0.5960469141372573,4382979000
2015-05-28,16.76333236694336,16.786666870117188,16.336666107177734,16.468666076660156,54709500,73.46226920113172,16.026542508891602,15.13680898548458,0.554375311944332,0.5877125936986722,4437688500
2015-05-29,16.719999313354492,16.857999801635742,16.6286678314209,16.733333587646484,56839500,72.01028264595776,16.092586014078545,15.198894880695164,0.5431376334861664,0.5787976016561711,4380849000
2015-06-01,16.6299991607666,16.773332595825195,16.49799919128418,16.76066780090332,37576500,68.96158654526094,16.143768218525025,15.255016617168554,0.5209640825391553,0.567230897832768,4343272500
2015-06-02,16.55666732788086,16.626667022705078,16.420000076293945,16.594667434692383,32022000,66.4914585537123,16.18309194322558,15.30606174307884,0.49180489689418216,0.5521456976450508,4311250500
2015-06-03,16.599332809448242,16.71466636657715,16.46733283996582,16.546667098999023,26722500,67.22698352915029,16.222733930484882,15.356778255485484,0.46675828106495487,0.5350682143290316,4337973000
2015-06-04,16.39466667175293,16.6200008392334,16.380666732788086,16.5,36804000,60.38014512755636,16.239108477272314,15.397479762005776,0.4254890379516638,0.513152379053558,4301169000
2015-06-05,16.609333038330078,16.64666748046875,16.3786678314209,16.399999618530273,45330000,64.4677748904469,16.274367959277814,15.445003419900848,0.4054310899636242,0.4916081212355713,4346499000
2015-06-08,17.086000442504883,17.25,16.687332153320312,16.72333335876465,75255000,71.49931038455293,16.351666291013725,15.509356244316693,0.4231206263178393,0.4779106222520249,4421754000
2015-06-09,17.066667556762695,17.182666778564453,16.94266700744629,17.02666664123535,39166500,70.88659638181825,16.419761649656483,15.570427276177321,0.4306158376892242,0.4684516653394648,4382587500
2015-06-10,16.713333129882812,16.933332443237305,16.566667556762695,16.793333053588867,51817500,60.65594512663438,16.447720838249467,15.615247113577537,0.4033946292098456,0.455440258113541,4330770000
2015-06-11,16.76066780090332,16.95800018310547,16.69533348083496,16.884000778198242,30661500,61.45844773035651,16.477525310883166,15.660165571904038,0.38124636693037317,0.44060147987690745,4361431500
2015-06-12,16.71266746520996,16.8973331451416,16.680667877197266,16.680667877197266,21334500,60.11929290072235,16.499919801771433,15.70144015595525,0.35571996523809446,0.42362517694914487,4340097000
2015-06-15,16.691999435424805,16.75200080871582,16.400667190551758,16.64666748046875,32793000,59.51793016643452,16.518213100214613,15.740285617895234,0.3300181271745224,0.40490376699422037,4307304000
2015-06-16,16.874666213989258,16.895999908447266,16.606666564941406,16.67533302307129,29770500,63.03705289630387,16.5521610158122,15.784771131467549,0.3206921779540757,0.38806144918619145,4337074500
2015-06-17,17.360666275024414,17.624000549316406,16.801332473754883,16.81133270263672,82693500,70.4077848348127,16.629161516689553,15.846570941018799,0.34850014650548644,0.3801491886500505,4419768000
2015-06-18,17.459333419799805,17.56399917602539,17.334667205810547,17.46666717529297,41740500,71.64404322517231,16.708225507461957,15.909816528421976,0.3741863881559908,0.3789566285512386,4461508500
2015-06-19,17.500667572021484,17.586666107177734,17.34000015258789,17.49333381652832,36945000,72.16859464852294,16.78369618027715,15.972202843857252,0.3933440154023522,0.38183410592146133,4498453500
2015-06-22,17.319332122802734,17.626667022705078,17.04599952697754,17.476667404174805,68416500,66.36814323710479,16.83470912718435,16.025031443031587,0.38940549361606713,0.3833483834603825,4430037000
2015-06-23,17.844667434692383,17.866666793823242,17.238000869750977,17.35466766357422,58062000,73.11078682921831,16.930895632661304,16.096389717214365,0.4237891781380583,0.3914365423959177,4488099000
2015-06-24,17.67799949645996,17.823333740234375,17.58133316040039,17.798667907714844,36184500,68.42387102444495,17.00204838159451,16.158413630125956,0.43260300794001694,0.39966983550473756,4451914500
2015-06-25,17.91933250427246,18.0939998626709,17.683332443237305,17.76333236694336,42738000,71.29355728528539,17.089408774230506,16.227469272249348,0.45383011729195033,0.41050189186218017,4494652500
2015-06-26,17.805999755859375,17.94066619873047,17.733333587646484,17.926000595092773,57576000,68.16075282637345,17.157655534385636,16.28937242846935,0.4562484011866701,0.41965119372707815,4437076500
2015-06-29,17.468000411987305,17.729999542236328,17.3799991607666,17.463333129882812,52183500,59.73077771443346,17.187212189395318,16.33559313370535,0.42598074545414377,0.4209171040724913,4384893000
2015-06-30,17.884000778198242,18.06133270263672,17.600000381469727,17.65333366394043,46303500,65.40232287346717,17.25357300737655,16.396315002116836,0.43059750313404166,0.42285318388480136,4431196500
2015-07-01,17.94333267211914,18.174667358398438,17.856666564941406,18.073999404907227,31518000,66.13491047167327,17.3192644040187,16.45698236172477,0.4340405554964981,0.42509065820714076,4462714500
2015-07-02,18.667999267578125,18.829999923706055,18.220666885375977,18.68000030517578,107458500,73.51215210986042,17.44771534340531,16.543688907052353,0.48959993398806745,0.4379925133633261,4570173000
2015-07-06,18.648000717163086,18.779333114624023,18.420000076293945,18.591999053955078,61828500,73.03928051670069,17.562028236144148,16.6262109388214,0.5259545491949282,0.45558492052964655,4508344500
2015-07-07,17.858667373657227,18.34666633605957,17.384666442871094,18.333332061767578,91576500,57.356775605483776,17.590279582573963,16.674542563716923,0.48547696334576074,0.4615633290928694,4416768000
2015-07-08,16.997333526611328,17.386667251586914,16.95400047302246,17.288000106811523,93316500,45.800350790899955,17.53380852962514,16.687201032850037,0.37952086169564936,0.44515483561342545,4323451500
2015-07-09,17.19466781616211,17.530000686645508,17.119333267211914,17.27199935913086,50011500,48.36708635693737,17.50150941405723,16.70710169101914,0.3079235645641951,0.4177085814035794,4373463000
2015-07-10,17.27666664123535,17.53333282470703,17.187999725341797,17.481332778930664,39163500,49.43858984022887,17.480095816645623,16.729437571419776,0.2548609324634654,0.3851390516155566,4412626500
2015-07-13,17.477333068847656,17.503332138061523,17.06999969482422,17.483333587646484,44404500,52.06046806456908,17.479832697807723,16.75876680661303,0.2263908253853728,0.3533894063695199,4457031000
2015-07-14,17.709999084472656,17.732667922973633,17.367332458496094,17.47333335876465,28614000,54.97576375152382,17.501753306061527,16.79607003319576,0.22006548546936955,0.32672462218948983,4485645000
2015-07-15,17.542667388916016,17.832666397094727,17.472000122070312,17.78266716003418,30324000,52.502889847665905,17.505649885381,16.825348360871065,0.19925346867631077,0.30123039148685404,4455321000
2015-07-16,17.778667449951172,17.81333351135254,17.54400062561035,17.614667892456055,24240000,55.540381012892695,17.531651558197208,16.862733423187933,0.1995032784090398,0.2808849688712912,4479561000
2015-07-17,18.310667037963867,18.369333267211914,17.883333206176758,18.166667938232422,75061500,61.51515453451139,17.605843508651176,16.919515133571302,0.23986417022448236,0.27268080914192944,4554622500
2015-07-20,18.817333221435547,19.110000610351562,18.16933250427246,18.333332061767578,74677500,66.17704971833385,17.721223481297308,16.993939372311075,0.3091702719497107,0.2799787017034857,4629300000
2015-07-21,17.784666061401367,18.233333587646484,17.770000457763672,18.003332138061523,91630500,52.277247988642344,17.72726563178341,17.024948262079324,0.27756860928783667,0.2794966832203559,4537669500
2015-07-22,17.857999801635742,17.96266746520996,17.390666961669922,17.417999267578125,46575000,53.03170440663589,17.73971650510268,17.057616949905068,0.2554962818160291,0.27469660293949055,4584244500
2015-07-23,17.81333351135254,17.99333381652832,17.684667587280273,17.976667404174805,33408000,52.487421560016216,17.746727648555048,17.087252893491243,0.2317283863461128,0.26610295962081504,4550836500
2015-07-24,17.694000244140625,18.07266616821289,17.594667434692383,17.825332641601562,42547500,50.98195242469143,17.74170599099177,17.1110469072422,0.20094657357817525,0.2530716824122871,4508289000
2015-07-27,16.867332458496094,17.6286678314209,16.71933364868164,17.495332717895508,70413000,41.99575122792687,17.658432321230276,17.10148947787961,0.1085947707190833,0.22417630007364636,4437876000
2015-07-28,17.654666900634766,17.69333267211914,16.78933334350586,17.049999237060547,58437000,50.876713220774896,17.65807370974499,17.12318271014452,0.0978091282995841,0.19890286571883392,4496313000
2015-07-29,17.58799934387207,17.859333038330078,17.46666717529297,17.618000030517578,41851500,50.176165623765364,17.651399960614235,17.141410813427953,0.08292599505765708,0.17570749158659857,4454461500
2015-07-30,17.785999298095703,17.79599952697754,17.474000930786133,17.512666702270508,30519000,52.277879389139194,17.66421894513628,17.166688793218846,0.08611526313885776,0.15778904589705042,4484980500
2015-07-31,17.74333381652832,17.957332611083984,17.674667358398438,17.84000015258789,33339000,51.77109871047317,17.671753694792667,17.18930232354471,0.0842290927282825,0.14307705526329684,4451641500
2015-08-03,17.332666397094727,17.78066635131836,17.13800048828125,17.752666473388672,38302500,47.043901714964356,17.639459666440484,17.194924444076083,0.04903165404462939,0.12426797501956335,4413339000
2015-08-04,17.75200080871582,17.781333923339844,17.222667694091797,17.333999633789062,35287500,51.8759718432961,17.650177870466706,17.21677057602274,0.05434772604237281,0.11028392522412525,4448626500
2015-08-05,18.0086669921875,18.066667556762695,17.360000610351562,17.57200050354004,93214500,54.606245547139544,17.68431969158297,17.247825337440965,0.07836818767318832,0.10390077771393787,4541841000
2015-08-06,16.408666610717773,17.0,15.7413330078125,16.63599967956543,219357000,39.54472319424266,17.562828921976763,17.21491715207927,-0.031340805156926166,0.07685246113976507,4322484000
2015-08-07,16.167333602905273,16.248666763305664,15.892666816711426,16.238666534423828,76101000,37.848972625603224,17.429924605874717,17.173835444268526,-0.13618962004696655,0.034244044902418745,4246383000
2015-08-10,16.076000213623047,16.197999954223633,15.736666679382324,15.876667022705078,62788500,37.1988423545267,17.300979425660273,17.13078308228243,-0.22406996339304897,-0.0174187567566748,4183594500
2015-08-11,15.824666976928711,15.953332901000977,15.629332542419434,15.8100004196167,63973500,35.39699609011011,17.16037824006679,17.079562842856795,-0.3104179553988651,-0.07601859648511286,4119621000
2015-08-12,15.878000259399414,15.98466682434082,15.515999794006348,15.666666984558105,55920000,36.10427898840856,17.038247003812756,17.03244274154474,-0.37027748266617166,-0.13487037372132463,4175541000
2015-08-13,16.167333602905273,16.43199920654297,15.941332817077637,15.990667343139648,70338000,39.94551296789962,16.955302870392995,16.998516892970645,-0.3898755637193929,-0.1858714117209383,4245879000
2015-08-14,16.209999084472656,16.528667449951172,16.118000030517578,16.482667922973633,65472000,40.51342465164666,16.8843215574482,16.967594625970726,-0.3973836450609056,-0.22817385838893178,4311351000
2015-08-17,16.999332427978516,17.106000900268555,16.700666427612305,17.03733253479004,107650500,49.94439788257918,16.895274973689183,16.968839245657307,-0.335770693979736,-0.24969322550709264,4419001500
2015-08-18,17.381332397460938,17.39666748046875,16.90399932861328,17.025333404541016,62925000,53.7647087614082,16.94156615690554,16.985015447688824,-0.25319906016563465,-0.25039439243880107,4481926500
2015-08-19,17.016666412353516,17.376667022705078,17.001333236694336,17.35533332824707,54064500,49.8531051367042,16.9487185621863,16.9862566619894,-0.2147108893493055,-0.24325769182090196,4427862000
2015-08-20,16.14533233642578,16.970666885375977,16.126667022705078,16.804000854492188,73587000,41.99177703401859,16.872205588304347,16.953279237457494,-0.25161762323559955,-0.2449296781038415,4354275000
2015-08-21,15.38466739654541,16.253332138061523,15.36733341217041,15.733332633972168,98853000,36.57021309655141,16.730535284327306,16.891765047617806,-0.3383455424448272,-0.2636128509720387,4255422000
2015-08-24,14.591333389282227,15.426667213439941,13.0,13.519332885742188,143724000,31.93868114980917,16.52680177051349,16.801552041408566,-0.4657248809523118,-0.3040352569680933,4111698000
2015-08-25,14.66866683959961,15.393333435058594,14.607999801635742,15.368000030517578,64909500,32.831693714654634,16.34983653899788,16.717909484474884,-0.5540470517695848,-0.3540376159283916,4176607500
2015-08-26,14.989333152770996,15.199999809265137,14.36733341217041,15.195332527160645,74445000,36.54930701843859,16.220264787928652,16.650122177349242,-0.5913511885185088,-0.4015003304464151,4251052500
2015-08-27,16.19933319091797,16.316667556762695,15.387332916259766,15.399999618530273,114840000,48.19988057549649,16.218271302499062,16.63244417788135,-0.5173148118340762,-0.42466322672394735,4365892500
2015-08-28,16.565332412719727,16.76333236694336,16.10466766357422,16.124000549316406,82705500,51.12330727660835,16.251324741567696,16.629812343953443,-0.4242172589964568,-0.4245740331784493,4448598000
2015-08-31,16.604000091552734,16.996667861938477,16.367332458496094,16.374666213989258,70503000,51.435150363525075,16.2849128701377,16.628800098761257,-0.3433585949689508,-0.4083309455365496,4519101000
2015-09-01,15.908666610717773,16.399999618530273,15.79800033569336,16.022666931152344,81822000,45.778891188855326,16.249079893050087,16.600559569818376,-0.33156306925937074,-0.39297737028111385,4437279000
2015-09-02,16.512666702270508,16.525333404541016,15.985333442687988,16.35333251953125,69438000,50.836451338957446,16.274183398690127,16.59711279069885,-0.27036072051108917,-0.36845404032710893,4506717000
2015-09-03,16.3713321685791,16.80533218383789,16.333332061767578,16.804000854492188,62922000,49.66895992009878,16.283435662489076,16.58825864865494,-0.23060367821917183,-0.34088396790552156,4443795000
2015-09-04,16.1286678314209,16.272666931152344,15.880000114440918,16.05933380126953,55338000,47.6457319424491,16.26869586905401,16.570235479351645,-0.21618487507750928,-0.3159441493399191,4388457000
2015-09-08,16.544666290283203,16.610666275024414,16.270000457763672,16.336666107177734,47073000,51.30751134426763,16.294978766313932,16.569232766054842,-0.16923938444385556,-0.2866031963607064,4435530000
2015-09-09,16.5939998626709,16.950000762939453,16.553333282470703,16.803333282470703,50862000,51.73860878919666,16.323456965966976,16.570204024745667,-0.12659463376327196,-0.25460148384121956,4486392000
2015-09-10,16.565332412719727,16.71466636657715,16.35533332824707,16.48200035095215,40635000,51.453533311061186,16.346492722800573,16.570012981136806,-0.09402769252799814,-0.2224867255785753,4445757000
2015-09-11,16.682666778564453,16.682666778564453,16.315332412719727,16.50933265686035,35262000,52.604604327856315,16.37850929953999,16.57443077711436,-0.058080735680519524,-0.18960552759896415,4481019000
2015-09-14,16.87933349609375,16.950000762939453,16.64466667175293,16.739999771118164,43363500,54.54983143396802,16.42620684206892,16.586387746486103,-0.013566763695909145,-0.15439777481835315,4524382500
2015-09-15,16.904666900634766,16.97333335876465,16.633333206176758,16.850000381469727,44002500,54.80713829956441,16.47177446669424,16.598869281942914,0.023484360741985455,-0.11882134770628544,4568385000
2015-09-16,17.483333587646484,17.525333404541016,16.858667373657227,16.869333267211914,66256500,60.33149057163416,16.56811343059445,16.63355415667639,0.09840683656472038,-0.07537571085208428,4634641500
2015-09-17,17.471332550048828,17.700000762939453,17.37933349609375,17.597333908081055,53787000,60.16722501789426,16.654134299113917,16.666408211318448,0.1550279888503603,-0.02929497091159537,4580854500
2015-09-18,17.374666213989258,17.58799934387207,17.166667938232422,17.19733238220215,56446500,58.778981519226576,16.722756386244903,16.694183034952598,0.18991131509959658,0.014546286290643022,4524408000
2015-09-21,17.613332748413086,18.10466766357422,17.053333282470703,17.59866714477539,91803000,61.16166948964949,16.807573182641875,16.73022812175497,0.23411625077483222,0.05846027918748086,4616211000
2015-09-22,17.395999908447266,17.510000228881836,17.058000564575195,17.268667221069336,54966000,57.88071037642241,16.86361382319477,16.756336819272313,0.24874466327781874,0.09651715600554844,4561245000
2015-09-23,17.40399932861328,17.472000122070312,17.172000885009766,17.463333129882812,39012000,57.970081634186016,16.915079109425104,16.78173534905039,0.2580091035908083,0.1288155455226004,4600257000
2015-09-24,17.541332244873047,17.56333351135254,17.08066749572754,17.302000045776367,51723000,59.55667102345134,16.974722265182052,16.81152346261206,0.2732826258899017,0.15770896159606068,4651980000
2015-09-25,17.12733268737793,17.79400062561035,17.07666778564453,17.77400016784668,56601000,53.054770013265,16.98925659110547,16.823908138093078,0.24910912309454147,0.17598899389575684,4595379000
2015-09-28,16.562000274658203,17.319332122802734,16.44066619873047,17.156667709350586,73516500,45.71536545789929,16.948565513348587,16.81363724148779,0.1822331763217342,0.1772378303809523,4521862500
2015-09-29,16.44333267211914,16.98200035095215,16.36400032043457,16.69733238220215,55548000,44.329125167692744,16.900448099898163,16.79911549366941,0.11829439871802094,0.16544914404836605,4466314500
2015-09-30,16.559999465942383,16.82666778564453,16.1560001373291,16.799999237060547,73944000,46.060855072558084,16.8680244204738,16.789738394542862,0.07615858330821723,0.1475910319003363,4540258500
2015-10-01,15.991999626159668,16.566667556762695,15.808667182922363,16.500667572021484,68595000,39.60200864295397,16.78459348768198,16.758454521272935,-0.003032240295329558,0.11746637746120313,4471663500
2015-10-02,16.504667282104492,16.51333236694336,15.661999702453613,15.706666946411133,66360000,46.846783623148845,16.757933849055554,16.74850208052123,-0.024145212270656913,0.08914405951483112,4538023500
2015-10-05,16.40999984741211,16.6560001373291,16.275333404541016,16.589332580566406,55348500,45.75535900391028,16.724797277470465,16.735227483144403,-0.04796337356843239,0.061722572898178424,4482675000
2015-10-06,16.097333908081055,16.20199966430664,15.70533275604248,16.0,78378000,42.253927030359755,16.66503886133814,16.710212048828193,-0.09101974725470896,0.031174108867600952,4404297000
2015-10-07,15.46399974822998,15.846667289733887,15.274666786193848,15.775333404541016,102210000,36.209402941024585,16.55065418389927,16.6613409782165,-0.1742384944072377,-0.00990841178736678,4302087000
2015-10-08,15.114666938781738,15.381333351135254,14.753999710083008,15.338666915893555,91998000,33.37352062037934,16.413893493888075,16.6006870943171,-0.2653197484068599,-0.06099067911126541,4210089000
2015-10-09,14.712667465209961,14.958000183105469,14.557332992553711,14.728667259216309,92376000,30.420887342010616,16.251871967347302,16.526647108861916,-0.3657244524418424,-0.12193743377738081,4117713000
2015-10-12,14.371999740600586,14.866666793823242,14.351332664489746,14.866000175476074,57544500,28.14815830588259,16.07283651718095,16.44215113363598,-0.4673970794757878,-0.1910293629170622,4060168500
2015-10-13,14.616666793823242,14.834667205810547,14.075332641601562,14.218667030334473,77572500,32.07321579689473,15.934153686384978,16.370563512466855,-0.5222110584678035,-0.2572657020272105,4137741000
2015-10-14,14.458666801452637,14.729999542236328,14.362000465393066,14.711333274841309,46566000,30.89933627442275,15.793631125915232,16.295587170858454,-0.571809348425953,-0.320174431306959,4091175000
2015-10-15,14.753999710083008,14.781999588012695,14.24666690826416,14.428667068481445,42663000,35.640990003212934,15.694618610121687,16.235132760631966,-0.5805927413123815,-0.3722580933080435,4133838000
2015-10-16,15.133999824523926,15.36533260345459,14.857999801635742,14.869333267211914,65017500,41.22911856285578,15.641226344826661,16.191951076863024,-0.5505444759966345,-0.4079153698457617,4198855500
2015-10-19,15.206666946411133,15.40999984741211,14.996000289916992,15.100000381469727,37618500,42.26154965017877,15.599839735453754,16.15331248351197,-0.5149315692198275,-0.4293186097205749,4236474000
2015-10-20,14.20199966430664,15.239999771118164,13.466667175292969,15.1813325881958,223500000,33.49949252947641,15.466712109630219,16.076790412170585,-0.5613059517224634,-0.4557160781209526,4012974000
2015-10-21,14.005999565124512,14.320667266845703,13.920000076293945,14.13266658782959,62272500,32.10119195502888,15.327596629201103,15.9955829279727,-0.6068778439117359,-0.4859484312791093,3950701500
2015-10-22,14.114666938781738,14.383333206176758,13.960000038146973,14.104000091552734,42378000,33.75224503743884,15.212079515827831,15.921821516631878,-0.6269977086239873,-0.514158286748085,3993079500
2015-10-23,13.939332962036133,14.356666564941406,13.845999717712402,14.333333015441895,63532500,32.383948337314735,15.09086555832386,15.844076867432046,-0.6496026183398005,-0.5412471530664281,3929547000
2015-10-26,14.350666999816895,14.392000198364258,14.0,14.092000007629395,50871000,38.66587729899008,15.020370457513673,15.785511774584393,-0.6270971671734973,-0.558417155887842,3980418000
2015-10-27,14.023332595825195,14.473333358764648,13.833999633789062,14.322667121887207,52791000,35.814322986463935,14.9254144706862,15.716406708750698,-0.6284304309123598,-0.5724198108927456,3927627000
2015-10-28,14.197333335876465,14.229999542236328,13.886667251586914,14.087332725524902,40929000,38.414347552553785,14.856073410228129,15.6568352039321,-0.6084330094966965,-0.5796224506135359,3968556000
2015-10-29,14.108667373657227,14.25,14.042667388916016,14.116666793823242,27075000,37.578985212159125,14.784891882935662,15.596122739999753,-0.5929048727868516,-0.582278935048199,3941481000
2015-10-30,13.795332908630371,14.108667373657227,13.592666625976562,14.026666641235352,66583500,34.70668100237964,14.690648171097063,15.525503530926445,-0.5989775449646206,-0.5856186570314834,3874897500
2015-11-02,14.252667427062988,14.386667251586914,13.814666748046875,13.928000450134277,58918500,41.70979890567584,14.648935719284294,15.475588389598466,-0.5604268559415875,-0.5805802968135043,3933816000
2015-11-03,13.890000343322754,14.295999526977539,13.850000381469727,14.256667137145996,124987500,38.20988571186745,14.576656159668909,15.413408466215104,-0.5527674013536252,-0.5750177177215285,3808828500
2015-11-04,15.442000389099121,15.515999794006348,15.013333320617676,15.133333206176758,190896000,55.44127246486609,14.65906989580512,15.41452971809291,-0.4166607891062135,-0.5433463319984656,3999724500
2015-11-05,15.451333045959473,15.638667106628418,15.279333114624023,15.371999740600586,67452000,55.521597082728114,14.734523529153153,15.415972985852383,-0.30453179789096296,-0.49558342517696513,4067176500
2015-11-06,15.490667343139648,15.557332992553711,15.300000190734863,15.380000114440918,36679500,55.882571858087,14.806537225723295,15.418902176334237,-0.21007322211659485,-0.4384813845648911,4103856000
2015-11-09,15.022000312805176,15.53266716003418,14.954000473022461,15.53266716003418,57763500,50.61198766376238,14.827057519731094,15.403337397372313,-0.17105976235291287,-0.38499706012249546,4046092500
2015-11-10,14.433333396911621,14.91333293914795,14.405332565307617,14.898667335510254,69255000,44.885616741454044,14.789559984224477,15.365298024805227,-0.1855034465711345,-0.3450983374122233,3976837500
2015-11-11,14.60533332824707,14.631999969482422,14.241999626159668,14.517999649047852,50217000,46.780321970009595,14.772014588417104,15.3354954876853,-0.18098493174587382,-0.31227565627895343,4027054500
2015-11-12,14.196000099182129,14.600000381469727,14.177332878112793,14.523332595825195,43738500,42.99239375871882,14.717156065632821,15.29080939401851,-0.20803564146065412,-0.2914276533152936,3983316000
2015-11-13,13.812666893005371,14.199333190917969,13.767999649047852,14.196666717529297,51454500,39.74658811580212,14.631014239668302,15.23284302142976,-0.25743772800957565,-0.28462966825415,3931861500
2015-11-16,14.287332534790039,14.331999778747559,13.720000267028809,13.739333152770996,43881000,45.2578237696148,14.598282648727515,15.195764178816438,-0.25534423775015824,-0.27877258215335166,3975742500
2015-11-17,14.266667366027832,14.399999618530273,14.09333324432373,14.346667289733887,32230500,45.064565375298116,14.566700240851356,15.159329009687474,-0.2524426364766583,-0.273506593018013,3943512000
2015-11-18,14.73799991607666,14.7586669921875,14.168000221252441,14.300000190734863,42178500,50.27954867685729,14.583014495634718,15.142806300134108,-0.20969328520176767,-0.26074393145476393,3985690500
2015-11-19,14.786666870117188,15.079333305358887,14.686667442321777,14.702667236328125,37566000,50.79890632312241,14.602409959871144,15.128840047976583,-0.1699282725107807,-0.2425807996659673,4023256500
2015-11-20,14.667332649230957,15.0,14.238666534423828,14.899333000183105,66010500,49.43531480331682,14.608593073143508,15.11074171861401,-0.1463563824958225,-0.22333591623193835,3957246000
2015-11-23,14.516667366027832,14.612000465393066,14.312000274658203,14.489999771118164,37893000,47.69458301884362,14.599838243894396,15.087444685179259,-0.13823938148610893,-0.20631660928277248,3919353000
2015-11-24,14.550000190734863,14.733332633972168,14.333333015441895,14.357999801635742,37204500,48.12975056700584,14.595091762641108,15.066368430495165,-0.1276455014421991,-0.19058238771465782,3956557500
2015-11-25,15.309332847595215,15.388667106628418,14.692000389099121,14.755999565124512,59862000,56.92216825415174,14.663114723112928,15.075896446852031,-0.0573172581090553,-0.16392936179353734,4016419500
2015-11-27,15.440667152404785,15.483332633972168,15.133999824523926,15.404000282287598,29241000,58.24065108386404,14.737167335426438,15.09020118040312,0.008913216203534802,-0.1293608461941229,4045660500
2015-11-30,15.350666999816895,15.618666648864746,15.272000312805176,15.452667236328125,39897000,56.95419168314031,14.795595874892197,15.100415526262484,0.053522114490393236,-0.09278425405721968,4005763500
2015-12-01,15.812666893005371,15.866666793823242,15.403332710266113,15.404000282287598,56010000,61.638531572069176,14.892459781379165,15.128346952409265,0.12471685973313207,-0.049284031299149336,4061773500
2015-12-02,15.465999603271484,15.90666675567627,15.415332794189453,15.800000190734863,44722500,56.656326311210854,14.947082621559385,15.141588232835234,0.15142057309573076,-0.00914311042017332,4017051000
2015-12-03,15.513999938964844,15.829999923706055,15.333333015441895,15.6986665725708,44094000,57.172514428046554,15.001074747026571,15.156192613467768,0.1744457818756331,0.027574668038987966,4061145000
2015-12-04,15.358667373657227,15.5513334274292,15.177332878112793,15.497332572937012,38604000,54.89421003615424,15.035131187658063,15.164132800141864,0.17810628745499812,0.05768099192219,4022541000
2015-12-07,15.408666610717773,15.708666801452637,15.076666831970215,15.180000305175781,47163000,55.508798124382324,15.070705989854225,15.17372236134092,0.18293304677750832,0.08273140289325367,4069704000
2015-12-08,15.114666938781738,15.25333309173584,14.946666717529297,15.168000221252441,40314000,51.09980669786999,15.07489274689494,15.17140646241703,0.16117702345093043,0.09842052700478904,4029390000
2015-12-09,14.968000411987305,15.166666984558105,14.714667320251465,15.113332748413086,45867000,49.00850019720455,15.064712524522784,15.163429754557042,0.13059503695846253,0.10485542899552375,3983523000
2015-12-10,15.137999534606934,15.232666969299316,14.909333229064941,14.980667114257812,31075500,51.4868264173891,15.071692239768893,15.162432491029588,0.11870771217238385,0.10762588563089577,4014598500
2015-12-11,14.468000411987305,15.050000190734863,14.442667007446289,15.015999794006348,49030500,42.68205233532527,15.01419777998017,15.13519986047891,0.054594263174633895,0.0970195611396434,3965568000
2015-12-14,14.571999549865723,14.727999687194824,14.324666976928711,14.500666618347168,42406500,44.27503869794186,14.972083662826414,15.113113573788196,0.012036999167555962,0.08002304874522592,4007974500
2015-12-15,14.739333152770996,14.814666748046875,14.533332824707031,14.788000106811523,33666000,46.835292171848856,14.949916947583041,15.098455518062032,-0.008094210853151651,0.06239959682555041,4041640500
2015-12-16,15.633999824523926,15.658666610717773,14.715332984924316,14.80666732788086,76564500,57.95736827930512,15.015067697767888,15.119457255570342,0.04759513643117863,0.059438704746676056,4118205000
2015-12-17,15.559332847595215,15.850666999816895,15.320667266845703,15.595999717712402,49479000,56.88773944954883,15.06690247394192,15.136707278787004,0.08472765666896187,0.06449649513113322,4068726000
2015-12-18,15.36400032043457,15.726667404174805,15.28600025177002,15.526000022888184,45213000,54.07609469860235,15.095197506941219,15.145620731400633,0.09727244777499244,0.07105168565990506,4023513000
2015-12-21,15.503999710083008,15.722000122070312,15.405332565307617,15.446000099182129,29298000,55.76364737710621,15.13413105009758,15.159674808996021,0.1171605123710453,0.08027345100213311,4052811000
2015-12-22,15.329999923706055,15.770000457763672,15.308667182922363,15.666000366210938,29422500,53.14952927465944,15.152785228536482,15.16635422525916,0.1175268419889246,0.08772412919949141,4023388500
2015-12-23,15.313332557678223,15.563332557678223,15.208666801452637,15.478667259216309,23325000,52.89374063347889,15.168075450359504,15.172118081432458,0.11514492469029847,0.09320828829765282,4000063500
2015-12-24,15.371333122253418,15.458666801452637,15.218667030334473,15.370667457580566,10620000,53.72828109322862,15.18743332387321,15.179930435974457,0.11659338295873489,0.09788530722986924,4010683500
2015-12-28,15.263333320617676,15.465332984924316,15.03600025177002,15.432666778564453,28519500,51.885022745343434,15.19466189499173,15.183201137333015,0.10778414662307867,0.09986507510851113,3982164000
2015-12-29,15.812666893005371,15.847999572753906,15.303333282470703,15.337332725524902,36094500,59.49656977497572,15.253519513850172,15.20788606892801,0.14347549547794536,0.10858715918239797,4018258500
2015-12-30,15.87266731262207,16.242000579833984,15.711333274841309,15.773332595825195,55468500,60.23648212971932,15.312485970876066,15.233955921621895,0.17459011286382342,0.12178774991868306,4073727000
2015-12-31,16.000667572021484,16.229999542236328,15.891332626342773,15.900667190551758,40725000,61.83810284128082,15.378027075747058,15.264023045166978,0.2071888780856046,0.13886797555206737,4114452000
2016-01-04,14.894000053405762,15.425333023071289,14.600000381469727,15.381333351135254,102406500,44.972188333637966,15.331929264095505,15.249512339607715,0.14208692481610896,0.1395117654048757,4012045500
2016-01-05,14.895333290100098,15.12600040435791,14.666666984558105,15.090666770935059,47802000,44.99165345458574,15.290348695143562,15.235622965117221,0.08956825182199424,0.1295230626882994,4059847500
2016-01-06,14.602666854858398,14.670000076293945,14.398667335510254,14.666666984558105,56686500,41.519659276597594,15.224855186544975,15.210801156871778,0.024053812313628242,0.10842921261336519,4003161000
2016-01-07,14.376667022705078,14.562666893005371,14.244667053222656,14.279333114624023,53314500,39.0158134565401,15.144075361417366,15.178090014355437,-0.045577758667421975,0.07762781835720776,3949846500
2016-01-08,14.066666603088379,14.696000099182129,14.0513334274292,14.52400016784668,54421500,35.824477568880866,15.041465003481273,15.134504782541043,-0.12434238184231283,0.03723377831730365,3895425000
2016-01-11,13.856666564941406,14.296667098999023,13.533332824707031,14.267333030700684,61371000,33.80712474168135,14.928627056953665,15.084393479890078,-0.2013876892891524,-0.01049051520398756,3834054000
2016-01-12,13.998000144958496,14.249333381652832,13.687333106994629,14.106666564941406,46378500,36.40280173999655,14.839995922477936,15.041789819696683,-0.24818133188244573,-0.0580286785396792,3880432500
2016-01-13,13.354000091552734,14.176667213439941,13.333333015441895,14.133999824523926,61896000,30.528342954699227,14.69847251000887,14.97560198722045,-0.33338796402201076,-0.11310053563614551,3818536500
2016-01-14,13.745332717895508,14.0,12.892000198364258,13.480667114257812,97360500,37.16403437491378,14.607697291712359,14.927356133521434,-0.36512858637156853,-0.16350614578323014,3915897000
2016-01-15,13.666000366210938,13.671333312988281,13.149999618530273,13.264666557312012,83679000,36.40488516618137,14.518011870236034,14.877891201470042,-0.3921640924906846,-0.20923773512472105,3832218000
2016-01-19,13.64799976348877,14.031332969665527,13.385333061218262,13.913999557495117,60580500,36.22407493722619,14.435153574355342,14.829660164686464,-0.4103125958781906,-0.24945270727541496,3771637500
2016-01-20,13.24666690826416,13.41866683959961,12.75,13.293333053588867,87579000,32.36453885693234,14.321964368060943,14.767581997767943,-0.4518707383122109,-0.28993631348277416,3684058500
2016-01-21,13.33133316040039,13.548666954040527,13.001333236694336,13.436667442321777,47493000,33.96304800301087,14.227618538759938,14.711258513949607,-0.47252700941275805,-0.32645445266877093,3731551500
2016-01-22,13.50333309173584,13.699999809265137,13.268667221069336,13.653332710266113,46861500,37.209700778948466,14.158638972376691,14.663888889549067,-0.46960498216947144,-0.355084558568911,3778413000
2016-01-25,13.092000007629395,13.571332931518555,13.058667182922363,13.337332725524902,40480500,33.02775899453094,14.057054309067425,14.602246188297316,-0.4947769164555087,-0.38302303014623057,3737932500
2016-01-26,12.904000282287598,13.187999725341797,12.592000007629395,13.113332748413086,74463000,31.296485682408317,13.947239639850299,14.535648309630268,-0.523857163100546,-0.4111898567370937,3663469500
2016-01-27,12.538000106811523,12.883999824523926,12.38466739654541,12.825332641601562,54258000,28.19758791518457,13.813026350989462,14.457309164421691,-0.5698675451185338,-0.44292539441338175,3609211500
2016-01-28,12.646666526794434,12.751999855041504,12.160667419433594,12.719332695007324,68892000,30.40108703828416,13.701944462970888,14.38630357078925,-0.5907528018562864,-0.4724908759019627,3678103500
2016-01-29,12.74666690826416,12.916000366210938,12.538666725158691,12.66333293914795,42784500,32.45534884518776,13.610965648236913,14.322004093827482,-0.5924064306719679,-0.4964739868559638,3720888000
2016-02-01,13.129332542419434,13.3013334274292,12.183333396911621,12.583999633789062,79464000,39.780144787003785,13.565095828635249,14.275232660438931,-0.5564249048750352,-0.5084641704597781,3800352000
2016-02-02,12.185333251953125,12.874667167663574,12.01533317565918,12.82800006866455,86604000,30.88283649439424,13.433689868951237,14.193275820890468,-0.5971980129075138,-0.5262109389493252,3713748000
2016-02-03,11.565333366394043,12.262666702270508,11.345333099365234,12.239333152770996,118971000,26.664591169569164,13.255751154421981,14.090219254047472,-0.6717957606367335,-0.5553279032868069,3594777000
2016-02-04,11.688667297363281,11.732000350952148,11.13266658782959,11.380000114440918,65781000,28.749458709005665,13.106505072797344,13.99604074594221,-0.7127468931605225,-0.58681170126155,3660558000
2016-02-05,10.84000015258789,11.533332824707031,10.515999794006348,11.420000076293945,141564000,23.746719429001644,12.890647461348824,13.87227444816361,-0.8044085852548566,-0.6303310780602114,3518994000
2016-02-08,9.866000175476074,10.476667404174805,9.733332633972168,10.473333358764648,139695000,19.543462414157872,12.602585815075228,13.715165653156257,-0.9447542557507322,-0.6932157135983156,3379299000
2016-02-09,9.883333206176758,10.652667045593262,9.403332710266113,9.48799991607666,129774000,19.81546509402753,12.343609376132516,13.564897714059022,-1.0425625677272112,-0.7630850844240947,3509073000
2016-02-10,9.57800006866455,10.33133316040039,9.449333190917969,10.033332824707031,156097500,18.62119253902516,12.08021801351652,13.408548786788652,-1.1316690160832348,-0.8368018707559228,3352975500
2016-02-11,10.031332969665527,10.883999824523926,9.800000190734863,10.133333206176758,213786000,25.77410045050398,11.88508610457833,13.276108950823039,-1.1524219391759587,-0.89992588443993,3566761500
2016-02-12,10.06933307647705,10.46733283996582,9.579999923706055,10.333333015441895,108537000,26.358415000872697,11.71215724475916,13.15035303418202,-1.1525169907516641,-0.9504441057022769,3675298500
2016-02-16,10.344667434692383,10.863332748413086,10.27400016784668,10.579999923706055,83907000,30.620135412530544,11.581920119990896,13.040326147927525,-1.117493370211161,-0.9838539586040538,3759205500
2016-02-17,11.245332717895508,11.28933334350586,10.445332527160645,10.600000381469727,87378000,42.3692198063566,11.549864176934191,12.969934248710583,-1.0054703016665165,-0.9881772272165464,3846583500
2016-02-18,11.118000030517578,11.529999732971191,10.98466682434082,11.494667053222656,58314000,41.30427584936883,11.508734258227847,12.897309377408897,-0.916402182550101,-0.9738222182832574,3788269500
2016-02-19,11.10533332824707,11.166000366210938,10.833333015441895,10.910667419433594,44391000,41.193355355170354,11.470315122039201,12.827035806853532,-0.8371865876109545,-0.9464950921487969,3743878500
2016-02-22,11.849332809448242,11.927332878112793,11.323332786560059,11.341333389282227,75901500,49.73222190312244,11.506412044649586,12.788694512837639,-0.706232113444738,-0.8984424964079851,3819780000
2016-02-23,11.814000129699707,12.11533260345459,11.578666687011719,11.744000434875488,89766000,49.36562642327619,11.535706147987693,12.750471203694975,-0.5984027863321177,-0.8384345543928117,3730014000
2016-02-24,11.933333396911621,11.966667175292969,11.189332962036133,11.516667366027832,80934000,50.68775489068722,11.57357540978997,12.718426583821119,-0.49758225190695526,-0.7702640938956404,3810948000
2016-02-25,12.495332717895508,12.567999839782715,11.680000305175781,11.90999984741211,86260500,56.45449628786626,11.661361820085736,12.709677804765212,-0.36808949702918703,-0.6898291745223498,3897208500
2016-02-26,12.689332962036133,12.800000190734863,12.333333015441895,12.579999923706055,90976500,58.26871093856221,11.759263833604821,12.708879967795445,-0.2469645043926061,-0.6012562404964011,3988185000
2016-02-29,12.795332908630371,13.09000015258789,12.614666938781738,12.826666831970215,67485000,59.267277105178664,11.85793707884535,12.712270279200737,-0.14079575938614042,-0.509164144274349,4055670000
2016-03-01,12.423333168029785,13.063332557678223,12.180000305175781,12.949999809265137,100683000,54.3519559521304,11.911784325434343,12.700939412095995,-0.08568580161546713,-0.4244684757425726,3954987000
2016-03-02,12.555999755859375,12.567999839782715,12.100000381469727,12.248666763305664,72936000,55.7610668520115,11.973138175951012,12.695255504008285,-0.030948918274654957,-0.3457645642489891,4027923000
2016-03-03,13.049332618713379,13.161333084106445,12.281332969665527,12.552000045776367,72435000,60.628182192797304,12.075632884785524,12.709140881055545,0.05164298700094072,-0.26628305399900315,4100358000
2016-03-04,13.402667045593262,13.60200023651123,13.166666984558105,13.199999809265137,97336500,63.7078918905904,12.202017090576737,12.73633798554722,0.14394944271439414,-0.18423655465632371,4197694500
2016-03-07,13.685999870300293,13.979999542236328,13.15999984741211,13.178667068481445,79941000,66.00427449259342,12.343348783883743,12.773579628086557,0.23723091462931833,-0.09994306079919531,4277635500
2016-03-08,13.506667137145996,13.833333015441895,13.479999542236328,13.566666603088379,62680500,63.27521477287973,12.454141008003957,12.802328157853594,0.2933054576201073,-0.021293357115334786,4214955000
2016-03-09,13.914667129516602,13.958000183105469,13.519332885742188,13.63466739654541,48129000,66.65336009551082,12.593238733862304,12.845949293997242,0.36644299972370575,0.05625391425247333,4263084000
2016-03-10,13.678667068481445,14.219332695007324,13.378000259399414,14.0,77887500,63.0410962523741,12.696612860968889,12.878604892996623,0.40074228852886584,0.12515158910775184,4185196500
2016-03-11,13.833333015441895,13.961333274841309,13.688667297363281,13.862000465393066,50146500,64.4026728529505,12.804871923299652,12.916045211523889,0.435386111270164,0.1871984935402343,4235343000
2016-03-14,14.34333324432373,14.447999954223633,14.042667388916016,14.176667213439941,60985500,68.52086107277822,12.951392049111469,12.97201729124153,0.4982508212914407,0.24940895909047558,4296328500
2016-03-15,14.555999755859375,14.597999572753906,14.100000381469727,14.284667015075684,47707500,70.07549859231185,13.104211830706507,13.034134250638308,0.5587905771138999,0.3112852826951605,4344036000
2016-03-16,14.795332908630371,14.838666915893555,14.468000411987305,14.533332824707031,52750500,71.7654551094916,13.26527098098497,13.103200864677213,0.6189461293085099,0.3728174520178304,4396786500
2016-03-17,15.092000007629395,15.233332633972168,14.666666984558105,14.764666557312012,56743500,73.74477317338344,13.439245173998726,13.18119298793024,0.6826887820385856,0.43479171802198147,4453530000
2016-03-18,15.515999794006348,15.631999969482422,15.204000473022461,15.273332595825195,70677000,76.30177772617053,13.637031328285167,13.27275403914891,0.7586730224692726,0.4995679789114397,4524207000
2016-03-21,15.887999534606934,15.991999626159668,15.666666984558105,15.689332962036133,79617000,78.29870841638011,13.851409252696763,13.375312686029618,0.8392341813449953,0.5675012193981509,4603824000
2016-03-22,15.616000175476074,15.932666778564453,15.503999710083008,15.814000129699707,64740000,73.42666706654965,14.019465531056698,13.46318278365497,0.8710900215437967,0.62821897982728,4539084000
2016-03-23,14.838666915893555,15.648667335510254,14.802000045776367,15.4913330078125,74232000,61.62513698261254,14.09748471056497,13.517123337860404,0.8241118582964599,0.667397555521116,4464852000
2016-03-24,15.183333396911621,15.259332656860352,14.333333015441895,14.385333061218262,74413500,64.36036907639739,14.200898871169413,13.58246490880359,0.8054087789298006,0.694999800202853,4539265500
2016-03-28,15.350666999816895,15.654000282287598,15.0,15.440667152404785,58885500,65.64080861212162,14.310400597707268,13.651806167274701,0.7949254710659748,0.7149849343754774,4598151000
2016-03-29,15.342000007629395,15.491999626159668,15.022000312805176,15.326000213623047,60214500,65.5095280962335,14.408648160556995,13.71808827866116,0.7769616895045317,0.7273802854012883,4537936500
2016-03-30,15.12600040435791,15.699999809265137,15.100000381469727,15.672666549682617,60495000,62.17225167220064,14.476967421871368,13.773300518884563,0.7368024998207243,0.7292647282851755,4477441500
2016-03-31,15.317999839782715,15.82800006866455,15.000666618347168,15.28933334350586,120193500,63.93119228884613,14.557065747386735,13.833876962841353,0.7122583318137874,0.7258634489908979,4597635000
2016-04-01,15.839332580566406,16.52666664123535,15.550000190734863,16.32200050354004,239962500,68.24842703472355,14.67918639816575,13.912522281183513,0.7264994634741289,0.7259906518875442,4837597500
2016-04-04,16.465999603271484,16.808000564575195,16.242666244506836,16.607999801635742,202129500,72.50817557756957,14.849359084366297,14.012658646755591,0.7793683808201113,0.7366661976740576,5039727000
2016-04-05,17.031333923339844,17.104000091552734,16.0,16.03333282470703,149230500,75.678232392269,15.057166211887587,14.131038069366738,0.8570061007881424,0.7607341782968746,5188957500
2016-04-06,17.69466781616211,17.849332809448242,16.89666748046875,16.931333541870117,175582500,78.77135589298716,15.308356840866113,14.270788255515576,0.9609824471900783,0.8007838320755154,5364540000
2016-04-07,17.14666748046875,17.95599937438965,16.96733283996582,17.76333236694336,132843000,70.764684234086,15.483434044637793,14.38356783296472,0.9877789032366806,0.8381828463077485,5231697000
2016-04-08,16.67133331298828,17.38800048828125,16.534666061401367,17.366666793823242,110458500,64.6283415946051,15.59656730829022,14.473284126298978,0.9595981428674953,0.8624659056196979,5121238500
2016-04-11,16.661333084106445,17.266000747680664,16.35333251953125,16.733333587646484,137425500,64.5016174919716,15.69797357265367,14.559089967781624,0.9257858691304968,0.8751298983218577,4983813000
2016-04-12,16.521333694458008,16.786666870117188,16.242000579833984,16.633333206176758,86448000,62.64955726818225,15.77638882234932,14.63604070216109,0.8775764626793467,0.8756192111933556,4897365000
2016-04-13,16.968666076660156,17.03333282470703,16.488666534423828,16.567333221435547,73884000,66.0080855019718,15.88993903704559,14.727516207043406,0.8654893232972309,0.8735932336141308,4971249000
2016-04-14,16.790666580200195,17.12266731262207,16.73666763305664,16.866666793823242,61983000,63.559002838857765,15.975722612584123,14.808424064814261,0.8319568260774286,0.8652659521067904,4909266000
2016-04-15,16.96733283996582,16.97333335876465,16.607999801635742,16.753999710083008,56286000,64.94903796189527,16.070161681858572,14.893087154035891,0.8102969720423356,0.8542721560938995,4965552000
2016-04-18,16.92533302307129,17.220666885375977,16.777332305908203,16.815332412719727,64071000,64.32088415944565,16.15160657149788,14.972783070468653,0.7807424346609491,0.8395662118073095,4901481000
2016-04-19,16.4913330078125,16.95800018310547,16.083332061767578,16.874666213989258,95362500,58.070900755161084,16.18396147019451,15.032334048403706,0.7140687368097485,0.8144667168077974,4806118500
2016-04-20,16.6646671295166,16.910667419433594,16.100000381469727,16.417333602905273,77911500,59.752954491839695,16.229742961558518,15.096347110408134,0.6675211970701369,0.7850776128602653,4884030000
2016-04-21,16.55266761779785,16.726667404174805,16.46066665649414,16.599332809448242,41746500,58.13023606239855,16.26049769072417,15.153457718541064,0.61451081375162,0.7509642530385363,4842283500
2016-04-22,16.916667938232422,16.933332443237305,16.380666732788086,16.592666625976562,56794500,61.76453372969226,16.322990095248763,15.222603217352491,0.5950125525110792,0.7197739129330449,4899078000
2016-04-25,16.788000106811523,17.158666610717773,16.71733283996582,16.867332458496094,55054500,59.78895718859545,16.367276763016644,15.28399133066461,0.5626912666678336,0.6883573836800028,4844023500
2016-04-26,16.916000366210938,17.048667907714844,16.625999450683594,16.803333282470703,48357000,61.121228804089604,16.419536153797054,15.34799168499976,0.5411667327351282,0.6589192534910279,4892380500
2016-04-27,16.764667510986328,17.0,16.626667022705078,16.850000381469727,48087000,58.64721623637845,16.4524058068627,15.403547599744332,0.5060635027957439,0.6283481033519711,4844293500
2016-04-28,16.513999938964844,16.89533233642578,16.496000289916992,16.656667709350586,37785000,54.69783063480465,16.45827191468195,15.447094750302,0.4527975932199162,0.5932380013255601,4806508500
2016-04-29,16.05066680908203,16.562000274658203,15.854000091552734,16.542667388916016,81207000,48.23235489995561,16.419452380815294,15.470764242803178,0.36894390905196417,0.548379182870841,4725301500
2016-05-02,16.1200008392334,16.21266746520996,15.654666900634766,16.100000381469727,57658500,49.200034476345344,16.390933186378923,15.496224501486717,0.30457300894325456,0.4996179480853237,4782960000
2016-05-03,15.48799991607666,15.927332878112793,15.441332817077637,15.824000358581543,64533000,41.571741941295805,16.304939541588233,15.495901968725539,0.20025302200862072,0.43974496286998316,4718427000
2016-05-04,14.837332725524902,15.630666732788086,14.69333267211914,15.352666854858398,130507500,35.47365335465399,16.165167463867917,15.470075723894142,0.06433367776216059,0.36466270584841864,4587919500
2016-05-05,14.10200023651123,15.242667198181152,13.986000061035156,15.230667114257812,168822000,30.099980216352265,15.968675346976804,15.416425704781087,-0.10154798625837458,0.27142056742706,4419097500
2016-05-06,14.328666687011719,14.424667358398438,13.87399959564209,14.057999610900879,85278000,33.44672747393015,15.812484046027748,15.373768488397975,-0.21227335676150894,0.17468178258934622,4504375500
2016-05-09,13.928000450134277,14.40999984741211,13.786666870117188,14.381333351135254,71646000,30.652913036680815,15.633009417847418,15.317071702583712,-0.32856691258453985,0.07403204355456901,4432729500
2016-05-10,13.912667274475098,13.964667320251465,13.666666984558105,13.83666706085205,61059000,30.54775142797513,15.469167308954816,15.261997019128472,-0.4171589043778532,-0.02420614603191543,4371670500
2016-05-11,13.93066692352295,14.36533260345459,13.736666679382324,13.839332580566406,77428500,30.847673806463746,15.32264346272321,15.209787995771393,-0.48037876748984765,-0.11544067032350189,4449099000
2016-05-12,13.8186674118042,14.111332893371582,13.577333450317383,14.095999717712402,54757500,29.980127216197076,15.17940764834997,15.155234247380523,-0.5333700313472942,-0.19902654252826035,4394341500
2016-05-13,13.840666770935059,14.079999923706055,13.779999732971191,13.85200023651123,42342000,30.394216789731345,15.051908517167599,15.103682581637564,-0.567054177728334,-0.27263206956827507,4436683500
2016-05-16,13.88599967956543,14.210000038146973,13.861332893371582,13.876667022705078,44241000,31.295879279304984,14.940869580253107,15.055930310968069,-0.58336643442982,-0.33477894254058405,4480924500
2016-05-17,13.644000053405762,13.98799991607666,13.601332664489746,13.936667442321777,42654000,29.126791541005375,14.817358196743836,15.000560496946019,-0.6088034554772843,-0.3895838451279241,4438270500
2016-05-18,14.07800006866455,14.354000091552734,13.850000381469727,13.94333267211914,84262500,37.49384390040534,14.746943136926761,14.964381656621256,-0.5871737305168789,-0.4291018222057151,4522533000
2016-05-19,14.347332954406738,14.452667236328125,13.819999694824219,14.2413330078125,102994500,42.06489927166856,14.708885024305808,14.940183668299118,-0.5420506818360806,-0.4516915941317882,4625527500
2016-05-20,14.685333251953125,14.703332901000977,14.423333168029785,14.465999603271484,135106500,47.27583571457314,14.706641998367457,14.930189534324766,-0.47355766347179973,-0.45606480799979054,4760634000
2016-05-23,14.414667129516602,14.84000015258789,14.390666961669922,14.657999992370605,76537500,43.87276831558288,14.67883486800071,14.90997296943033,-0.4360899732272365,-0.45206984104527975,4684096500
2016-05-24,14.52733325958252,14.582667350769043,14.345333099365234,14.4399995803833,45207000,45.62728113230898,14.664406143389453,14.89496749061277,-0.3927776474380362,-0.44021140232383105,4729303500
2016-05-25,14.638667106628418,14.757332801818848,14.434000015258789,14.52733325958252,46902000,47.377814237338555,14.661954806555068,14.884916495162402,-0.3454860579820025,-0.4212663334554654,4776205500
2016-05-26,15.008000373840332,15.017333030700684,14.603333473205566,14.699999809265137,61086000,52.80596928650612,14.694911527248902,14.889743313934087,-0.2750345969726844,-0.3920199861589092,4837291500
2016-05-27,14.869333267211914,15.062000274658203,14.716667175292969,14.999333381652832,54754500,50.69170175128583,14.711523121531094,14.888942919944983,-0.2277650494517225,-0.3591689988174719,4782537000
2016-05-31,14.881999969482422,14.983332633972168,14.766667366027832,14.869333267211914,41835000,50.88514988207087,14.727759011812173,14.888670647377824,-0.18712444139005413,-0.32476008733198836,4824372000
2016-06-01,14.637332916259766,14.826666831970215,14.459333419799805,14.76533317565918,44740500,47.04576483697704,14.719147002711944,14.878814265765351,-0.17266863656873,-0.29434179717933673,4779631500
2016-06-02,14.597332954406738,14.660667419433594,14.473999977111816,14.63933277130127,30492000,46.428987240133914,14.707545664778115,14.867775782966975,-0.1625660099583186,-0.2679866397351331,4749139500
2016-06-03,14.599332809448242,14.795999526977539,14.534000396728516,14.666666984558105,33435000,46.46677534266742,14.697239678556222,14.857248607534869,-0.15263870996157003,-0.2449170537804205,4782574500
2016-06-06,14.711999893188477,14.726667404174805,14.363332748413086,14.533332824707031,33742500,48.66378658603891,14.698645413283105,14.851552579521286,-0.13413375074881095,-0.2227603931740986,4816317000
2016-06-07,15.489333152770996,15.629332542419434,14.767999649047852,14.815999984741211,93204000,60.65987145966559,14.773949007520047,14.876563582393825,-0.056097482786377384,-0.18942781109655438,4909521000
2016-06-08,15.701333045959473,16.05666732788086,15.507332801818848,15.58666706085205,89580000,63.1864699773226,14.86227129689523,14.90890748292581,0.0225930033392423,-0.14702364820939504,4999101000
2016-06-09,15.290666580200195,15.688667297363281,15.137332916259766,15.665332794189453,67381500,55.720992527617746,14.903070847686179,14.923878427916963,0.05122790541880917,-0.1073733374837542,4931719500
2016-06-10,14.586000442504883,15.197999954223633,14.561332702636719,15.159333229064941,90399000,45.73557020693807,14.872873666240341,14.910628310841979,0.01686618061749101,-0.08252543386350517,4841320500
2016-06-13,14.524666786193848,15.0513334274292,14.510666847229004,14.633333206176758,62895000,44.98001307806701,14.839711106235914,14.895492564777348,-0.015140319153280402,-0.06904841092146022,4778425500
2016-06-14,14.330666542053223,14.813332557678223,14.16866683959961,14.592000007629395,53703000,42.583693993570066,14.791230671551848,14.87334252467052,-0.05551990033928256,-0.06634270880502469,4724722500
2016-06-15,14.513333320617676,14.793333053588867,14.342000007629395,14.463333129882812,43627500,45.52644016344203,14.764764257177164,14.859224516668448,-0.07195191009708601,-0.06746454906343696,4768350000
2016-06-16,14.528667449951172,14.53600025177002,14.233332633972168,14.494667053222656,36604500,45.77767503883174,14.742278846965165,14.846261494444242,-0.08278279164030522,-0.07052819757881063,4804954500
2016-06-17,14.364666938781738,14.666000366210938,14.300000190734863,14.52066707611084,46689000,43.468587183702994,14.706315808090553,14.82737543343787,-0.10340779326585547,-0.0771041167162196,4758265500
2016-06-20,14.646666526794434,14.916666984558105,14.548666954040527,14.633333206176758,53332500,48.29787484453129,14.700634924157589,14.820288809647932,-0.09589285255248647,-0.08086186388347298,4811598000
2016-06-21,14.640666961669922,14.838000297546387,14.587332725524902,14.711999893188477,67935000,48.20352785623368,14.694923689634953,14.813244815609579,-0.08939088023653241,-0.08256766715408487,4743663000
2016-06-22,13.11066722869873,13.729999542236328,13.050000190734863,13.29800033569336,356136000,31.37263178282292,14.544042121926742,14.746477067103271,-0.20532930364211488,-0.10711999445169088,4387527000
2016-06-23,13.09333324432373,13.170000076293945,12.808667182922363,13.045999526977539,151960500,31.239548076875835,14.405879371678836,14.681647897582504,-0.29520708365484083,-0.14473741229232087,4235566500
2016-06-24,12.876667022705078,13.008000373840332,12.648667335510254,12.670000076293945,105397500,29.55206561221057,14.260240100348001,14.610864333861821,-0.37954387959273994,-0.1916987057524047,4130169000
2016-06-27,13.236666679382324,13.253999710083008,12.524666786193848,12.723999977111816,108081000,35.76115366799186,14.16275691739889,14.556974229764586,-0.4125765091585194,-0.23587426643362766,4238250000
2016-06-28,13.452667236328125,13.603333473205566,13.293999671936035,13.459333419799805,93186000,39.222460784341514,14.095129328725482,14.513668073159236,-0.4165242342282429,-0.27200425999255073,4331436000
2016-06-29,14.012666702270508,14.118666648864746,13.533332824707031,13.675333023071289,89923500,47.17012341994489,14.08727574525358,14.494020960575364,-0.3701981442307325,-0.2916430368401871,4421359500
2016-06-30,14.152000427246094,14.233332633972168,13.934666633605957,14.197999954223633,72646500,48.958556037535246,14.093440000681438,14.480608390640883,-0.3185690512804342,-0.29702823972823655,4494006000
2016-07-01,14.433333396911621,14.549332618713379,13.733332633972168,13.742667198181152,81000000,52.458153533792384,14.125810800322409,14.478754469318167,-0.2520459745935728,-0.2880317867013038,4575006000
2016-07-05,14.26533317565918,14.302666664123535,13.866666793823242,13.982000350952148,77629500,50.242800763769836,14.139098645592577,14.470385006821736,-0.21045616321980454,-0.27251666200500396,4497376500
2016-07-06,14.295999526977539,14.34866714477539,13.933333396911621,14.0,73798500,50.65246896779163,14.15404158667686,14.463546360553337,-0.17302687371102898,-0.252618704346209,4571175000
2016-07-07,14.395999908447266,14.541333198547363,14.200667381286621,14.206666946411133,54180000,52.03918370485102,14.17708523636928,14.46089748007859,-0.1337528771557306,-0.22884553890811332,4625355000
2016-07-08,14.45199966430664,14.654000282287598,14.300000190734863,14.520000457763672,61122000,52.838427258153395,14.203267562839505,14.460548546126748,-0.09699118563039733,-0.20247466825257013,4686477000
2016-07-11,14.985333442687988,15.118666648864746,14.633999824523926,14.663999557495117,81447000,59.7225984365983,14.277750027586979,14.481128345991895,-0.024538833189753362,-0.16688750124000679,4767924000
2016-07-12,14.976667404174805,15.166666984558105,14.881333351135254,14.9399995803833,68569500,59.570438476450065,14.34431358726201,14.500561250234362,0.03181416731043818,-0.1271471675299178,4699354500
2016-07-13,14.835332870483398,15.03933334350586,14.685999870300293,15.033332824707031,53506500,57.01895194459091,14.39107732852119,14.513689549067658,0.06432827421913245,-0.08885207918010776,4645848000
2016-07-14,14.768667221069336,14.996000289916992,14.736666679382324,14.874667167663574,40137000,55.80480134957011,14.427038270668632,14.523688673459882,0.08375114635423309,-0.05433143407323959,4605711000
2016-07-15,14.69333267211914,14.850000381469727,14.642666816711426,14.834667205810547,33513000,54.395217845405575,14.452399642235347,14.530341379289657,0.09200447365090092,-0.02506425252841149,4572198000
2016-07-18,15.083333015441895,15.13933277130127,14.553333282470703,14.642666816711426,51181500,60.02467736009939,14.512488534921685,14.552027325805431,0.12853341018941045,0.005655280015152898,4623379500
2016-07-19,15.017333030700684,15.273332595825195,14.983332633972168,15.0,46726500,58.704027345429544,14.560568963091113,14.570274608350344,0.15042322310843836,0.03460886863380999,4576653000
2016-07-20,15.223999977111816,15.319999694824219,15.0,15.097999572753906,38527500,61.55632395658872,14.623752869188323,14.595910897321382,0.18234538880590456,0.06415617266822891,4615180500
2016-07-21,14.699999809265137,15.1899995803833,14.606666564941406,15.066666603088379,66430500,51.7891134144669,14.631014482528972,14.599992815436824,0.1634770392670788,0.08402034598799889,4548750000
2016-07-22,14.817999839782715,14.966667175292969,14.592000007629395,14.799332618713379,38695500,53.57551994706389,14.648822611791234,14.608542110509212,0.15624426597433505,0.09846512998526613,4587445500
2016-07-25,15.333999633789062,15.425999641418457,14.758000373840332,14.817999839782715,67360500,60.472873872662106,14.714077566267218,14.636991425147638,0.18995937854634626,0.11676397969748216,4654806000
2016-07-26,15.300666809082031,15.333333015441895,15.020000457763672,15.179332733154297,51450000,59.85423441429134,14.769943208440058,14.663017910792124,0.21155054478942503,0.13572129271587074,4603356000
2016-07-27,15.232666969299316,15.557332992553711,15.128000259399414,15.28933334350586,43335000,58.538586461215274,14.814012138045701,14.685357089557113,0.22063137961498924,0.15270331009569446,4560021000
2016-07-28,15.37399959564209,15.383999824523926,15.106666564941406,15.196666717529297,36286500,60.48282662248586,14.867344276864404,14.712362678031035,0.2365060736211646,0.1694638628007885,4596307500
2016-07-29,15.652667045593262,15.685333251953125,15.349332809448242,15.380000114440918,46062000,64.06129157602707,14.942136921505249,14.749237359111907,0.2684781680822663,0.1892667238570841,4642369500
2016-08-01,15.333999633789062,15.775333404541016,15.291999816894531,15.699999809265137,60244500,57.63402997459166,14.979457179817993,14.772169213020815,0.2650471873812883,0.20442281656192496,4582125000
2016-08-02,15.146666526794434,15.324666976928711,14.760000228881836,15.291333198547363,59016000,54.191907709616466,14.995381879530035,14.786855382188408,0.24439466476549399,0.21241718620263877,4523109000
2016-08-03,15.052666664123535,15.313332557678223,14.947333335876465,15.157999992370605,58317000,52.49763086427474,15.000837573300844,14.797279354029001,0.21793022449999455,0.21351979386210995,4464792000
2016-08-04,15.37399959564209,15.390666961669922,14.803333282470703,15.045999526977539,62205000,57.40067045712518,15.03637681352382,14.81989583409226,0.22034583735329072,0.21488500256034612,4526997000
2016-08-05,15.335332870483398,15.466667175292969,15.15999984741211,15.333333015441895,48078000,56.643029503626856,15.064848818948542,14.840109051205639,0.21664282276867475,0.21523656660201185,4478919000
2016-08-08,15.077333450317383,15.30666732788086,15.072667121887207,15.199999809265137,33954000,51.736137487682655,15.06603783145986,14.849411968817865,0.19069158611200088,0.21032757050400966,4444965000
2016-08-09,15.272000312805176,15.435999870300293,15.109999656677246,15.121333122253418,33117000,54.91006920322655,15.0856533058737,14.865984060738937,0.18371527763514806,0.20500511193023735,4478082000
2016-08-10,15.043333053588867,15.324666976928711,14.974666595458984,15.215999603271484,35074500,50.69291564530485,15.081622805656098,14.872938923203641,0.1579146246444605,0.195587014473082,4443007500
2016-08-11,14.994000434875488,15.171333312988281,14.894000053405762,15.07800006866455,28213500,49.80422928512699,15.073277817962706,14.877686433465282,0.13196547537097914,0.18286270665266144,4414794000
2016-08-12,15.040666580200195,15.109999656677246,14.935999870300293,15.02733325958252,27202500,50.68493994512768,15.070171985794849,14.884077811768613,0.11385372071969968,0.1690609094660691,4441996500
2016-08-15,15.03933334350586,15.300000190734863,14.995332717895508,15.067999839782715,30514500,50.657593511673745,15.067234972243517,14.890166263993603,0.09825976619143084,0.15490068081114147,4411482000
2016-08-16,14.907333374023438,15.145999908447266,14.894000053405762,15.03266716003418,34006500,47.90193096492745,15.05200624860351,14.890839483994773,0.07439259893915917,0.13879906443674503,4377475500
2016-08-17,14.88266658782959,14.988666534423828,14.853333473205566,14.95533275604248,26806500,47.38321522359393,15.035878661863137,14.890518978262806,0.05287775163557207,0.12161480187651044,4350669000
2016-08-18,14.900667190551758,15.043999671936035,14.81933307647705,14.921333312988281,25717500,47.82721179334308,15.023001378881101,14.890916947372178,0.03685473984409526,0.10466278947002741,4376386500
2016-08-19,15.0,15.011333465576172,14.835332870483398,14.902667045593262,24892500,50.3185895385738,15.020810771368616,14.895194714141898,0.031805085891155827,0.0900912487542531,4401279000
2016-08-22,14.862000465393066,15.007332801818848,14.845333099365234,14.944666862487793,30982500,46.96334525715992,15.005685980323326,14.893892978896845,0.01647784329965596,0.07536856766333368,4370296500
2016-08-23,14.989333152770996,15.232666969299316,14.853333473205566,14.954667091369629,71766000,50.25911000457707,15.004128568175485,14.897635730813478,0.01443913150683862,0.06318268043203466,4442062500
2016-08-24,14.841333389282227,15.143333435058594,14.814666748046875,15.136667251586914,38560500,46.63192874373251,14.988624265423747,14.895427795851468,0.0008710527412034708,0.050720354893868426,4403502000
2016-08-25,14.730667114257812,14.920000076293945,14.718000411987305,14.87399959564209,26437500,44.07072786219787,14.964056917693657,14.888966592651718,-0.01859721384625601,0.03685684114584354,4377064500
2016-08-26,14.666000366210938,14.857333183288574,14.588000297546387,14.809332847595215,33585000,42.59840185610036,14.935670579457208,14.880222819065805,-0.03879679618665044,0.021726113679344745,4343479500
2016-08-29,14.346667289733887,14.69333267211914,14.333333015441895,14.676667213439941,48994500,36.17192499444537,14.879575028054987,14.859299072817494,-0.07965441470579648,0.0014500080023165005,4294485000
2016-08-30,14.089332580566406,14.407333374023438,14.034667015075684,14.407333374023438,47533500,31.984403548434997,14.804313842579884,14.829104308415491,-0.1312857517161401,-0.02509714394137482,4246951500
2016-08-31,14.133999824523926,14.173333168029785,13.90999984741211,14.028667449951172,49147500,33.4250965299037,14.74047441228884,14.801845309047195,-0.16667832106135272,-0.0534133793653704,4296099000
2016-09-01,13.38466739654541,14.073332786560059,13.366666793823242,13.934000015258789,119146500,24.174180417077295,14.611349934598989,14.746269704635361,-0.2522838802325378,-0.09318747953880388,4176952500
2016-09-02,13.185333251953125,13.546667098999023,13.079999923706055,13.488666534423828,89661000,22.398280054744234,14.47553882196605,14.68505651041253,-0.33238003208362166,-0.14102599004776745,4087291500
2016-09-06,13.522000312805176,13.550000190734863,13.266667366027832,13.267999649047852,65859000,31.545190316672006,14.384725630617394,14.639446463447536,-0.3644889891401899,-0.18571858986625195,4153150500
2016-09-07,13.447333335876465,13.766667366027832,13.380666732788086,13.699999809265137,54613500,30.68143378140563,14.295450173975402,14.592696929032984,-0.3914481987926113,-0.22686451165152383,4098537000
2016-09-08,13.157333374023438,13.326000213623047,13.090666770935059,13.303333282470703,50668500,27.52863061072898,14.1870580977895,14.536408162169865,-0.43124303865337943,-0.26774021705189494,4047868500
2016-09-09,12.964667320251465,13.32800006866455,12.91333293914795,13.272666931152344,56355000,25.643301832731012,14.070639928500164,14.474771266408359,-0.4728762532195141,-0.30876742428541876,3991513500
2016-09-12,13.220000267028809,13.424667358398438,12.9399995803833,13.0,55728000,32.26406366887457,13.989626627407654,14.425564560550338,-0.479737525250977,-0.34296144447853044,4047241500
2016-09-13,13.069999694824219,13.232666969299316,12.896666526794434,13.137332916259766,53841000,30.543475005718506,13.902043110018756,14.372405154051275,-0.4916119290383758,-0.37269154139049954,3993400500
2016-09-14,13.093999862670898,13.194666862487793,12.990667343139648,13.050000190734863,33817500,31.175893583269485,13.82508661027134,14.32227161321283,-0.49339827839927075,-0.3968328887922538,4027218000
2016-09-15,13.361332893371582,13.501333236694336,13.09333324432373,13.099332809448242,46158000,37.95287447033665,13.78091958961422,14.284587741846508,-0.46784935561018237,-0.41103618215583954,4073376000
2016-09-16,13.69333267211914,13.713333129882812,13.266667366027832,13.361332893371582,46617000,45.173224322580324,13.772577978424213,14.261401268523867,-0.41601646388832414,-0.4120322385023365,4119993000
2016-09-19,13.755999565124512,13.961999893188477,13.666666984558105,13.800000190734863,34492500,46.4401780438387,13.770999081919479,14.241581593880756,-0.36566665168543366,-0.40275912113895596,4154485500
2016-09-20,13.642666816711426,13.850000381469727,13.593999862670898,13.789999961853027,36157500,44.44010849803805,13.758776961423473,14.218094739874116,-0.33109244083936495,-0.3884257850790378,4118328000
2016-09-21,13.6813325881958,13.800000190734863,13.437333106994629,13.758000373840332,39502500,45.30557492404355,13.751401306830362,14.19704524372987,-0.29714680167244545,-0.37016998839771936,4157830500
2016-09-22,13.76200008392334,13.8186674118042,13.533332824707031,13.760000228881836,35743500,47.15505173843528,13.75241071417255,14.179984649227652,-0.2607299131882197,-0.34828197335581945,4193574000
2016-09-23,13.829999923706055,14.01200008392334,13.711333274841309,13.732666969299316,43578000,48.72893376860553,13.75980016269955,14.166259758030726,-0.22380239324568052,-0.32338605733379167,4237152000
2016-09-26,13.932666778564453,14.066666603088379,13.766667366027832,13.766667366027832,35916000,51.09709054244116,13.776263649924779,14.157099249032049,-0.18413017246728636,-0.29553488036049064,4273068000
2016-09-27,13.720666885375977,13.998666763305664,13.640666961669922,13.976667404174805,50598000,46.33758771353759,13.77096871996775,14.13998425437887,-0.16786127105802606,-0.27000015849999776,4222470000
2016-09-28,13.751333236694336,13.883333206176758,13.684000015258789,13.833999633789062,31326000,47.10510876050067,13.76909867394171,14.124743037999085,-0.15075571319850312,-0.24615126943969884,4253796000
2016-09-29,13.380000114440918,13.821999549865723,13.371999740600586,13.706666946411133,40905000,39.70049672737929,13.732041668274967,14.095537433153668,-0.16525792447751542,-0.22997260044726217,4212891000
2016-09-30,13.60200023651123,13.665332794189453,13.303333282470703,13.480667114257812,38794500,45.24233010801663,13.719656770011754,14.076183033285337,-0.1570273631836372,-0.21538355299453718,4251685500
2016-10-03,14.24666690826416,14.378000259399414,13.883333206176758,14.153332710266113,89998500,57.46689710341178,13.769848211750078,14.08286867544137,-0.09736303093966825,-0.1917794485835634,4341684000
2016-10-04,14.093999862670898,14.221332550048828,13.921333312988281,14.206666946411133,53122500,54.37124215560311,13.80071979755206,14.083305192587627,-0.06168648901876139,-0.16576085667060303,4288561500
2016-10-05,13.897333145141602,14.210000038146973,13.874667167663574,14.149333000183105,28162500,50.59052460936413,13.809921068751065,14.076012171119157,-0.04872031553299472,-0.14235274844308138,4260399000
2016-10-06,13.399999618530273,13.61400032043457,13.347332954406738,13.497332572937012,70551000,42.53563723000684,13.7708809306348,14.049501874939201,-0.07767974508968756,-0.12941814777240263,4189848000
2016-10-07,13.107333183288574,13.421333312988281,13.053333282470703,13.399999618530273,52395000,38.63707562262157,13.707685907078016,14.012554083109766,-0.12283012780905977,-0.12810054377973407,4137453000
2016-10-10,13.396666526794434,13.609333038330078,13.310667037963867,13.423333168029785,49744500,44.0925371040942,13.678065013717674,13.98840162992093,-0.1337238631891946,-0.12922520766162618,4187197500
2016-10-11,13.34000015258789,13.479999542236328,13.220666885375977,13.456666946411133,34926000,43.28095235674803,13.645868360276742,13.962974121005908,-0.14525531690589943,-0.13243122951048084,4152271500
2016-10-12,13.434000015258789,13.592000007629395,13.361332893371582,13.396666526794434,29560500,45.08660238887049,13.625690422655984,13.94223003842759,-0.14513603585086976,-0.13497219077855863,4181832000
2016-10-13,13.349332809448242,13.393333435058594,13.136667251586914,13.366666793823242,37419000,43.73603351877471,13.599370649969533,13.918979166702911,-0.15014268921029839,-0.1380062904649066,4144413000
2016-10-14,13.100666999816895,13.428667068481445,13.08666706085205,13.37733268737793,64048500,39.950899031209886,13.55187506424071,13.886888493491695,-0.17219084187889955,-0.14484320074770518,4080364500
2016-10-17,12.93066692352295,13.22599983215332,12.800000190734863,13.136667251586914,68311500,37.55780456500583,13.492712384172352,13.849389608394882,-0.20106400641616418,-0.156087361881397,4012053000
2016-10-18,13.273332595825195,13.29800033569336,12.883999824523926,13.065999984741211,85207500,44.74282679764193,13.471819070996432,13.826799137313717,-0.19405895056892852,-0.16368167961890331,4097260500
2016-10-19,13.570667266845703,13.77733325958252,13.204000473022461,13.315999984741211,104868000,50.10751766608549,13.481233184886838,13.81675475023654,-0.16264015584289027,-0.1634733748637007,4202128500
2016-10-20,13.273332595825195,13.533332824707031,13.136667251586914,13.474666595458984,76093500,45.36447916460263,13.461433128785728,13.795444077514528,-0.15988984705526121,-0.1627566693020128,4126035000
2016-10-21,13.339332580566406,13.437999725341797,13.160667419433594,13.239999771118164,44151000,46.573390204201445,13.449804505145792,13.777557352144013,-0.1506479841561923,-0.1603349322728487,4170186000
2016-10-24,13.517333030700684,13.596667289733887,13.350000381469727,13.399999618530273,41274000,49.79957052289193,13.456235793293876,13.767352476793295,-0.12749095612876005,-0.15376613704403097,4211460000
2016-10-25,13.489333152770996,13.645999908447266,13.41333293914795,13.526666641235352,36675000,49.29530842111163,13.459387922767888,13.756449758204186,-0.11012870555888021,-0.14503865074700084,4174785000
2016-10-26,13.482666969299316,13.545999526977539,13.34000015258789,13.399999618530273,84492000,49.16765981457643,13.461604974818501,13.745713178247133,-0.09580255002684268,-0.1351914306029692,4090293000
2016-10-27,13.600666999816895,14.24666690826416,13.44333267211914,14.089332580566406,196405500,51.55885186746223,13.4748489771993,13.740025092818497,-0.07407347929775554,-0.12296784034192648,4286698500
2016-10-28,13.33133316040039,13.687999725341797,13.321999549865723,13.600000381469727,64201500,46.21503984841348,13.461180804170834,13.723997958213866,-0.0776904568931176,-0.11391236365216471,4222497000
2016-10-31,13.182000160217285,13.499333381652832,13.053999900817871,13.499333381652832,70384500,43.52162886093096,13.434592171413353,13.702743142606158,-0.09155151391955307,-0.1094401937056424,4152112500
2016-11-01,12.719332695007324,13.233332633972168,12.540666580200195,13.202667236328125,105900000,36.43641737806391,13.366472221279446,13.664178027014048,-0.13827594027986834,-0.11520734302048759,4046212500
2016-11-02,12.534667015075684,12.846667289733887,12.500666618347168,12.670000076293945,63801000,34.05348790226792,13.28725267783147,13.619883477526269,-0.1880387679894202,-0.1297736280142741,3982411500
2016-11-03,12.494667053222656,12.764666557312012,12.469332695007324,12.600000381469727,39795000,33.54178281494862,13.21176833263063,13.575757343239854,-0.2280747266220544,-0.14943384773583018,3942616500
2016-11-04,12.704000473022461,12.897333145141602,12.397333145141602,12.600000381469727,77190000,38.730567684943,13.163409488858424,13.54157079930976,-0.24014382623199992,-0.16757584343506413,4019806500
2016-11-07,12.880666732788086,12.952667236328125,12.670000076293945,12.906000137329102,58051500,42.79020381001306,13.136481607327916,13.515652992779499,-0.23276995675727008,-0.18061466609950533,4077858000
2016-11-08,12.996000289916992,13.166000366210938,12.750666618347168,12.919333457946777,49014000,45.33660376798691,13.123102434241162,13.495274455412343,-0.21513966179376887,-0.18751966523835806,4126872000
2016-11-09,12.670666694641113,12.800000190734863,12.263333320617676,12.458666801452637,122596500,39.93669690381656,13.080013316184013,13.462936896166413,-0.22482755611167882,-0.19498124341302223,4004275500
2016-11-10,12.356666564941406,12.77400016784668,12.027999877929688,12.736666679382324,101254500,35.53717228805628,13.011123149399003,13.419553745922295,-0.2549040927058961,-0.20696581327159702,3903021000
2016-11-11,12.570667266845703,12.592000007629395,12.199999809265137,12.28266716003418,59827500,40.35937896968575,12.969174970108213,13.386264080076154,-0.2584921597693324,-0.2172710825711441,3962848500
2016-11-14,12.096667289733887,12.550000190734863,11.879332542419434,12.533332824707031,98283000,34.24823554788654,12.886079000548753,13.335691656925478,-0.2961695078106388,-0.23305076761904306,3864565500
2016-11-15,12.251333236694336,12.428667068481445,12.136667251586914,12.185333251953125,58530000,37.570025931404395,12.825627023038809,13.293167797308572,-0.3099756222414758,-0.24843573854352963,3923095500
2016-11-16,12.26200008392334,12.315333366394043,12.080666542053223,12.176667213439941,51516000,37.80340262980706,12.771948266932574,13.252729847764053,-0.3164089762503153,-0.26203038608488677,3974611500
2016-11-17,12.577333450317383,12.63266658782959,12.140666961669922,12.232666969299316,73306500,44.418185497841264,12.753413522493032,13.22624371453085,-0.2926887545648338,-0.2681620597808762,4047918000
2016-11-18,12.334667205810547,12.866666793823242,12.333333015441895,12.710000038146973,78154500,40.82028518193685,12.713532920904225,13.191279929875153,-0.29012704192786565,-0.2725550562102741,3969763500
2016-11-21,12.3013334274292,12.592666625976562,12.293999671936035,12.336000442504883,65415000,40.3369468994734,12.674275826287555,13.156380067034135,-0.2874728158646196,-0.2755386081411432,3904348500
2016-11-22,12.744667053222656,12.764666557312012,12.247332572937012,12.38933277130127,84051000,48.988159171684,12.680979752662328,13.140234458649372,-0.24675160517211836,-0.26978120754733825,3988399500
2016-11-23,12.87600040435791,13.042667388916016,12.600000381469727,12.707332611083984,73378500,51.24360359849194,12.699553148061907,13.129872338873236,-0.20155880405270743,-0.2561367268484121,4061778000
2016-11-25,13.109999656677246,13.149333000183105,12.909333229064941,12.909333229064941,35491500,55.05647691005178,12.738643291739558,13.129093018002806,-0.145187765337635,-0.2339469345462567,4097269500
2016-11-28,13.074666976928711,13.289999961853027,12.970000267028809,13.031999588012695,67938000,54.36514261981333,12.770645547471858,13.12695866345088,-0.10218642153411217,-0.2075948319438278,4029331500
2016-11-29,12.637999534606934,13.11533260345459,12.633333206176758,13.037332534790039,66589500,46.580437548872936,12.758012593865676,13.107783795653079,-0.10216526242557755,-0.18650891804017777,3962742000
2016-11-30,12.626667022705078,12.792667388916016,12.5,12.733332633972168,53206500,46.394763736696184,12.74550349185038,13.088916471223746,-0.10188842632501505,-0.16958481969714523,3909535500
2016-12-01,12.125332832336426,12.5686674118042,12.066666603088379,12.550000190734863,76896000,38.99035902874465,12.686439619515719,13.05112887754189,-0.14050288130327004,-0.1637684320183702,3832639500
2016-12-02,12.097999572753906,12.325332641601562,12.0,12.192000389099121,60634500,38.62838573830776,12.630397710300308,13.013751257746284,-0.17133563019819142,-0.16528187165433447,3772005000
2016-12-05,12.453332901000977,12.592666625976562,12.167332649230957,12.167332649230957,61083000,45.687472307645855,12.613534395128942,12.991774067285684,-0.1651941208944674,-0.16526432150236106,3833088000
2016-12-06,12.390000343322754,12.438667297363281,12.178667068481445,12.368000030517578,50874000,44.700579727638896,12.592245437814068,12.968175097718511,-0.16355201284001808,-0.16492185976989246,3782214000
2016-12-07,12.876667022705078,12.893333435058594,12.333333015441895,12.40999984741211,81928500,53.086649509686346,12.619333207803688,12.9645865457572,-0.12157920717324089,-0.15625332925056215,3864142500
2016-12-08,12.81933307647705,12.833333015441895,12.63599967956543,12.803333282470703,47911500,52.08454803972769,12.638380814344009,12.958890331275626,-0.09188266047047122,-0.14337919549454398,3816231000
2016-12-09,12.812000274658203,12.922666549682617,12.720666885375977,12.724666595458984,40837500,51.94948068648784,12.654916001040599,12.953129936898472,-0.0681539922818235,-0.1283341548519999,3775393500
2016-12-12,12.828666687011719,12.961333274841309,12.745332717895508,12.853333473205566,36583500,52.2525545528194,12.6714636854188,12.948249025138209,-0.04745695733337918,-0.11215871534827576,3811977000
2016-12-13,13.210000038146973,13.41866683959961,12.866666793823242,12.878666877746582,102358500,58.67513045505024,12.722752861869102,12.958513770746396,-0.00028075712841335587,-0.08978312370430329,3914335500
2016-12-14,13.246000289916992,13.533332824707031,13.11733341217041,13.249333381652832,62263500,59.23264610016686,12.772585950254616,12.969787751890342,0.03955566775603003,-0.06391536541223662,3976599000
2016-12-15,13.17199993133545,13.38266658782959,13.159333229064941,13.227333068847656,48294000,57.51497705824206,12.81062537702422,12.977717641280346,0.06441260260478998,-0.0382497718088313,3928305000
2016-12-16,13.499333381652832,13.505999565124512,13.173333168029785,13.20533275604248,56953500,62.671533235507056,12.876216615560278,12.99817316051064,0.10926543246768716,-0.00874673095352761,3985258500
2016-12-19,13.51533317565918,13.630000114440918,13.322667121887207,13.499333381652832,52321500,62.9085105946556,12.93708485937922,13.018453945418427,0.14443768521584488,0.021890152280346888,4037580000
2016-12-20,13.919333457946777,13.933333396911621,13.5,13.536666870117188,70336500,68.36900018724361,13.030632344957084,13.053782553752873,0.20257622273417297,0.05802736637111211,4107916500
2016-12-21,13.846667289733887,14.148667335510254,13.827333450317383,13.896666526794434,78114000,66.47342658507026,13.10834995874535,13.084876072810951,0.24002106665623124,0.09442610642813594,4029802500
2016-12-22,13.896666526794434,13.999333381652832,13.766667366027832,13.881333351135254,46666500,67.1483498722542,13.183427727130978,13.11671099257501,0.27061145540163345,0.12966317622283544,4076469000
2016-12-23,14.22266674041748,14.229999542236328,13.847332954406738,13.866666793823242,70057500,71.21691912729128,13.282402871253502,13.160081806215892,0.3175001080079696,0.16723056257986227,4146526500
2016-12-27,14.635333061218262,14.816666603088379,14.29466724395752,14.325332641601562,88735500,75.37445659233282,13.411253365535861,13.217934796608143,0.3835372476579213,0.21049189959547407,4235262000
2016-12-28,14.649333000183105,14.920000076293945,14.479999542236328,14.768667221069336,56737500,75.50373043125126,13.529165711692741,13.274068059493436,0.4320217567864688,0.254797871033673,4291999500
2016-12-29,14.312000274658203,14.613332748413086,14.274666786193848,14.570667266845703,60675000,66.45166459865102,13.603721384356119,13.314771283617544,0.4381751376084271,0.29147332434862383,4231324500
2016-12-30,14.246000289916992,14.5,14.112000465393066,14.420000076293945,69639000,64.81439275218223,13.664890803933345,13.351290068178306,0.43273775755956834,0.3197262109908128,4161685500
2017-01-03,14.465999603271484,14.688667297363281,14.064000129699707,14.324000358581543,88849500,67.67353231493837,13.741186880060786,13.395004167593726,0.441096020323819,0.344000172857414,4250535000
2017-01-04,15.13266658782959,15.199999809265137,14.287332534790039,14.316666603088379,168202500,74.44913853075045,13.873708756991148,13.4631477919167,0.4957991933907717,0.3743599769640856,4418737500
2017-01-05,15.116666793823242,15.165332794189453,14.796667098999023,15.094667434692383,88675500,74.04800093155298,13.992085712879918,13.527991674344408,0.5317313346661887,0.4058342485045062,4330062000
2017-01-06,15.267333030700684,15.354000091552734,15.029999732971191,15.128666877746582,82918500,75.39257901130208,14.113537838386657,13.596201139299556,0.5658426399215823,0.4378359267879215,4412980500
2017-01-09,15.41866683959961,15.461333274841309,15.199999809265137,15.264666557312012,59692500,76.69846267667363,14.237835838502177,13.667670382448577,0.5981918850347352,0.4699071184372843,4472673000
2017-01-10,15.324666976928711,15.466667175292969,15.12600040435791,15.466667175292969,54900000,74.06909471712675,14.34134356597137,13.732650641055642,0.6092211691122085,0.49776992857226915,4417773000
2017-01-11,15.315333366394043,15.331999778747559,15.112000465393066,15.271332740783691,54762000,73.79856202999682,14.434104499344958,13.794716630284599,0.6101750931859566,0.5202509614950067,4363011000
2017-01-12,15.305999755859375,15.380000114440918,15.038666725158691,15.27066707611084,56853000,73.50942055486237,14.517142142822522,13.8539826352091,0.6032243457573703,0.5368456383474794,4306158000
2017-01-13,15.850000381469727,15.856666564941406,15.305999755859375,15.333333015441895,91395000,78.73816719857824,14.644081022693683,13.93225784094481,0.6343003132536644,0.5563365733287164,4397553000
2017-01-17,15.70533275604248,15.997332572937012,15.624667167663574,15.779999732971191,69262500,74.52540336503125,14.74515261634595,14.001790190556484,0.639878650280739,0.573044988719121,4328290500
2017-01-18,15.890666961669922,15.980667114257812,15.70533275604248,15.776666641235352,56535000,76.2765727409896,14.854249220662519,14.075863789423678,0.6517415728986631,0.5887843055550295,4384825500
2017-01-19,16.250667572021484,16.57866668701172,16.049999237060547,16.483333587646484,115984500,79.25907810407463,14.987241444601468,14.161150212270652,0.6823266285060079,0.6074927701452252,4500810000
2017-01-20,16.315332412719727,16.399999618530273,16.200666427612305,16.36400032043457,63064500,79.7515099197981,15.113726298707968,14.245627945621596,0.7036719257069954,0.6267286012575792,4563874500
2017-01-23,16.594667434692383,16.72599983215332,16.366666793823242,16.389999389648438,93943500,81.76548513866443,15.254768311658864,14.33774714127143,0.7346595315265905,0.6483147873113815,4657818000
2017-01-24,16.974000930786133,16.98666763305664,16.643333435058594,16.666667938232422,74482500,84.08104736852536,15.418504751575748,14.441129642821027,0.7808256037912837,0.674816950607362,4732300500
2017-01-25,16.96466636657715,17.230667114257812,16.786666870117188,17.15399932861328,77139000,83.79904105603808,15.565758238718738,14.540091867282051,0.8073526683490453,0.7013240941556987,4655161500
2017-01-26,16.833999633789062,17.049333572387695,16.71666717529297,16.952667236328125,47281500,79.76598624616369,15.68654313348734,14.630049034596052,0.8085118237961133,0.7227616400837817,4607880000
2017-01-27,16.863332748413086,16.866666793823242,16.56800079345703,16.7586669921875,47494500,79.99870480855841,15.79861833490884,14.717628788079073,0.8025461476201379,0.738718541591053,4655374500
2017-01-30,16.708667755126953,17.019332885742188,16.47333335876465,16.8353328704834,57016500,75.09442530244084,15.885289708262945,14.795708747571148,0.7763884115777273,0.7462525155883879,4598358000
2017-01-31,16.795333862304688,17.05933380126953,16.51333236694336,16.615999221801758,61741500,75.98291914806012,15.971960580076445,14.874125418737169,0.753960263267194,0.7477940651241491,4660099500
2017-02-01,16.615999221801758,16.8799991607666,16.60333251953125,16.8700008392334,59382000,70.3872570874931,16.033297593574094,14.942434195327937,0.7134903151972605,0.7409333151387715,4600717500
2017-02-02,16.770000457763672,16.827999114990234,16.513999938964844,16.555999755859375,37497000,72.27544328205836,16.103459771115958,15.014103460521497,0.6859371460431625,0.7299340813196498,4638214500
2017-02-03,16.755332946777344,16.812000274658203,16.64533233642578,16.79400062561035,32800500,71.80582740456062,16.165542930702756,15.082386969786432,0.6553628998631993,0.7150198450283597,4605414000
2017-02-06,17.184667587280273,17.187999725341797,16.708667755126953,16.733333587646484,53437500,76.59888594111395,16.262602421805376,15.164829346943053,0.6581891124989241,0.7036536985224726,4658851500
2017-02-07,17.165332794189453,17.333332061767578,17.094667434692383,17.21266746520996,63672000,75.9725056122042,16.34857674298481,15.243280462521344,0.6513602743743832,0.6931950136928547,4595179500
2017-02-08,17.472000122070312,17.55733299255371,17.079999923706055,17.156667709350586,58995000,78.91729745908029,16.455569445754858,15.33068123348405,0.6630506265080527,0.6871661362558944,4654174500
2017-02-09,17.946666717529297,18.07866668701172,17.74333381652832,17.75,117303000,82.49369954272291,16.597578709733376,15.433268899525041,0.7025187433273672,0.6902366576701889,4771477500
2017-02-10,17.948667526245117,18.06333351135254,17.74066734313965,17.986000061035156,54295500,82.50716998076037,16.726253835115447,15.531911982925829,0.7255947541423104,0.6973082769646133,4825773000
2017-02-13,18.706666946411133,18.71933364868164,18.034000396728516,18.049333572387695,105444000,86.68665309801608,16.914864607619798,15.656412177572312,0.7958725539206206,0.7170211323558148,4931217000
2017-02-14,18.73200035095215,19.159332275390625,18.573999404907227,18.601999282836914,110178000,86.80016473289157,17.08792515460383,15.777023478489168,0.8438846338365806,0.742393832651968,5041395000
2017-02-15,18.650667190551758,18.81599998474121,18.429332733154297,18.666667938232422,74218500,84.31465776413782,17.236757729456013,15.889715388766133,0.8653959015013442,0.7669942464218433,4967176500
2017-02-16,17.93000030517578,18.666667938232422,17.899999618530273,18.50666618347168,106159500,66.2204960557851,17.302780831905515,15.96972656195867,0.814898300963673,0.7765750573302093,4861017000
2017-02-17,18.148666381835938,18.19266700744629,17.610000610351562,17.719999313354492,93856500,68.43402937372619,17.383341360470318,16.055175182346012,0.7834915112051846,0.7779583481052044,4954873500
2017-02-21,18.492666244506836,18.760000228881836,18.267332077026367,18.363332748413086,85150500,71.58825165158225,17.488991349426176,16.150763067136634,0.777397958288887,0.777846270141941,5040024000
2017-02-22,18.233999252319336,18.89666748046875,18.17333221435547,18.687332153320312,131325000,66.22917556726753,17.559944483035046,16.232458603810464,0.7431301672165596,0.7709030495568647,4908699000
2017-02-23,17.06599998474121,17.643999099731445,17.03733253479004,17.600000381469727,223728000,48.554128740670144,17.512902149864203,16.265146501101867,0.6146397321568884,0.7396503860768695,4684971000
2017-02-24,17.133333206176758,17.21666717529297,16.68000030517578,16.8439998626709,122574000,49.39261628567932,17.476752726655874,16.299193038555785,0.5123374575989352,0.6941878003812827,4807545000
2017-02-27,16.415332794189453,16.55733299255371,16.134000778198242,16.544666290283203,171912000,41.60549760424585,17.375665114040025,16.303747538776715,0.3690711132414499,0.6291644629533162,4635633000
2017-02-28,16.666000366210938,16.733333587646484,16.260000228881836,16.279333114624023,91171500,44.87315165561319,17.30807799519916,16.31795353200943,0.27261573678939044,0.5578547177205311,4726804500
2017-03-01,16.667999267578125,16.989999771118164,16.607332229614258,16.94533348083496,72142500,44.899630346864875,17.247118116378108,16.33168081575722,0.1940980096292968,0.48510337610228427,4798947000
2017-03-02,16.698667526245117,16.885332107543945,16.551332473754883,16.6473331451416,50277000,45.333477979146096,17.194884726841632,16.34607245146263,0.13281579947298283,0.414645860776424,4849224000
2017-03-03,16.771333694458008,16.793333053588867,16.600000381469727,16.715999603271484,43791000,46.41017347443755,17.154546533281287,16.362749362952645,0.0890858328606825,0.34953385519327573,4893015000
2017-03-06,16.747333526611328,16.780000686645508,16.500667572021484,16.527332305908203,50332500,46.087309558154466,17.115764342169864,16.377831094860827,0.051894696537225116,0.2900060234620656,4842682500
2017-03-07,16.57266616821289,16.926000595092773,16.55466651916504,16.794666290283203,51892500,43.704368373531295,17.064040706554916,16.385471685972675,0.008231370866980114,0.23365109294304853,4790790000
2017-03-08,16.45800018310547,16.67133331298828,16.35466766357422,16.46666717529297,55878000,42.16312132130972,17.006322561464494,16.388315940762197,-0.03521873632900707,0.17987712708863743,4734912000
2017-03-09,16.32666778564453,16.577333450317383,16.200000762939453,16.5086669921875,58189500,40.405559984943515,16.941593535195924,16.385898366051702,-0.07933614847284431,0.12803447197634107,4676722500
2017-03-10,16.246000289916992,16.433332443237305,16.200000762939453,16.413999557495117,45994500,39.321339943806585,16.875346559455075,16.380412166987597,-0.1194319707692415,0.07854118342722456,4630728000
2017-03-13,16.411333084106445,16.456666946411133,16.185333251953125,16.321332931518555,45339000,42.71421807262147,16.831154799898062,16.38162475197265,-0.1362960876100594,0.03557372921976777,4676067000
2017-03-14,17.200000762939453,17.20800018310547,16.40133285522461,16.407333374023438,113976000,55.49736373647263,16.866282986854387,16.41371792887331,-0.08504182200738342,0.011450618974337535,4790043000
2017-03-15,17.048667907714844,17.399999618530273,16.951332092285156,17.133333206176758,79962000,53.05106836746612,16.883652979317286,16.438617928043566,-0.055988345134231565,-0.0020371738473762852,4710081000
2017-03-16,17.469999313354492,17.71666717529297,17.270666122436523,17.49333381652832,106983000,58.53167155344425,16.93949548732083,16.47906425687929,0.0010228767420166207,-0.0014251637294977041,4817064000
2017-03-17,17.433332443237305,17.68866729736328,17.413333892822266,17.600000381469727,97462500,57.89823566439282,16.986527578360494,16.51648653869725,0.04275313926543234,0.007410496869488304,4719601500
2017-03-20,17.461332321166992,17.636667251586914,17.254667282104492,17.373332977294922,54214500,58.26962633808826,17.031747077675398,16.55353931448038,0.07719418262414734,0.021367234020420112,4773816000
2017-03-21,16.711999893188477,17.65333366394043,16.682666778564453,17.52199935913086,103629000,46.45833435414687,17.00129496486712,16.559753454821873,0.04352239404794034,0.02579826602592416,4670187000
2017-03-22,17.000667572021484,17.004667282104492,16.700666427612305,16.770666122436523,60889500,50.61158884691736,17.001235213167536,16.577044204515975,0.03967300251710171,0.02857321332415967,4731076500
2017-03-23,16.985332489013672,17.17799949645996,16.886667251586914,17.025999069213867,49803000,50.38797626488376,16.999720668010024,16.593055509790396,0.034981672017764254,0.02985490506288059,4681273500
2017-03-24,17.54400062561035,17.592666625976562,17.000667572021484,17.046667098999023,84709500,57.71726442382782,17.05155685444815,16.630347475116668,0.07547359580499702,0.03897864321130388,4765983000
2017-03-27,18.014667510986328,18.038000106811523,17.316667556762695,17.373332977294922,93462000,62.7147985944494,17.14328167888036,16.684634535346852,0.14388401588703914,0.05995971774645093,4859445000
2017-03-28,18.496667861938477,18.711999893188477,18.333332061767578,18.468000411987305,119814000,67.01446377245351,17.27217560107637,16.755694665801425,0.2342923899202951,0.09482625218121978,4979259000
2017-03-29,18.492000579833984,18.639999389648438,18.369333267211914,18.555999755859375,55143000,66.93397299372883,17.388349408577096,16.8237850938027,0.3020828440528831,0.13627757055555245,4924116000
2017-03-30,18.527999877929688,18.799999237060547,18.480667114257812,18.535999298095703,62226000,67.26060809648928,17.49688754851544,16.890617046121406,0.35462422256265214,0.1799469009569724,4986342000
2017-03-31,18.553333282470703,18.64533233642578,18.42133331298828,18.582000732421875,49419000,67.50388256007716,17.59750142793975,16.955821604409614,0.3937687169418105,0.22271126415394005,5035761000
2017-04-03,19.90133285522461,19.933332443237305,18.972000122070312,19.126667022705078,208329000,77.20852011426788,17.816913944824023,17.071331849539614,0.5274828170090764,0.28366557472496734,5244090000
2017-04-04,20.246667861938477,20.320667266845703,19.635332107543945,19.792667388916016,152019000,78.94340817052992,18.048319079787305,17.195854830418,0.6537814678308713,0.35768875334614814,5396109000
2017-04-05,19.666667938232422,20.325332641601562,19.613332748413086,20.13599967956543,118213500,69.38981630400092,18.202447542496365,17.292749462096996,0.6990151009958332,0.4259540228760852,5277895500
2017-04-06,19.913333892822266,20.12933349609375,19.606666564941406,19.79199981689453,82809000,70.99733024431637,18.36538909967026,17.395517478988182,0.7461656293288712,0.48999634416664245,5360704500
2017-04-07,20.16933250427246,20.179332733154297,19.809999465942383,19.833332061767578,68694000,72.60526701000815,18.537193233441897,17.504294538803254,0.7950251560948978,0.5510021065522935,5429398500
2017-04-10,20.826000213623047,20.915332794189453,20.58066749572754,20.610000610351562,114967500,76.24361385854401,18.755174850602007,17.634557506443247,0.8766290452632575,0.6161274942944863,5544366000
2017-04-11,20.58066749572754,20.898000717163086,20.366666793823242,20.892000198364258,85869000,72.37614380589838,18.929031292994914,17.75009123151322,0.911002940531553,0.6751025835418997,5458497000
2017-04-12,19.78933334350586,20.56333351135254,19.754667282104492,20.422666549682617,90760500,61.53373271478188,19.010964821615005,17.830061510414893,0.8644258840484973,0.7129672436432193,5367736500
2017-04-13,20.266666412353516,20.492666244506836,19.68666648864746,19.780000686645508,139269000,64.94507836962,19.13055544930439,17.92561464382425,0.8561607326487852,0.7416059414443325,5507005500
2017-04-17,20.09600067138672,20.266666412353516,19.91200065612793,20.18000030517578,62080500,62.80061281598493,19.22250261331223,18.01072782137572,0.826314008111499,0.7585475547777658,5444925000
2017-04-18,20.016666412353516,20.055999755859375,19.860000610351562,19.979999542236328,45535500,61.77940147657548,19.298137260839972,18.08939207984544,0.7871844795270881,0.7642749397276304,5399389500
2017-04-19,20.368000030517578,20.441333770751953,20.140666961669922,20.163999557495117,58470000,64.53017252434724,19.40002895319022,18.1787492543816,0.7755832915777212,0.7665366100976486,5457859500
2017-04-20,20.167333602905273,20.610000610351562,20.01533317565918,20.43400001525879,92241000,61.79460634823228,19.473105586496416,18.256732954323706,0.7416479074593987,0.7615588695699986,5365618500
2017-04-21,20.373332977294922,20.426666259765625,20.027999877929688,20.133333206176758,67647000,63.50499080839548,19.558841528477227,18.339736876793165,0.7230415263213175,0.7538554009202625,5433265500
2017-04-24,20.53533363342285,20.703332901000977,20.40133285522461,20.614667892456055,76252500,64.83813321370823,19.651840776567287,18.425838710386486,0.7131472170715298,0.745713764150516,5509518000
2017-04-25,20.91933250427246,20.93199920654297,20.390666961669922,20.53333282470703,101065500,67.83725454872877,19.77255427444397,18.523622780734957,0.7279006201251228,0.7421511353454374,5610583500
2017-04-26,20.67799949645996,20.96666717529297,20.600000381469727,20.82466697692871,70425000,64.13481948302865,19.858787152731207,18.60810814213594,0.7119127544285035,0.7361034591620507,5540158500
2017-04-27,20.575332641601562,20.87266731262207,20.5,20.779333114624023,52029000,62.57028360704283,19.92702958024267,18.685254200938513,0.6830837344275977,0.7254995142151601,5488129500
2017-04-28,20.937999725341797,20.98666763305664,20.53333282470703,20.655332565307617,67582500,65.74883717898629,20.023312451204493,18.773597162679817,0.6816431729084158,0.7167282459538113,5555712000
2017-05-01,21.52199935913086,21.816667556762695,20.987333297729492,20.992000579833984,132444000,70.1454008016699,20.16604453767367,18.881377640972016,0.7193333798505392,0.717249272733157,5688156000
2017-05-02,21.25933265686035,21.8439998626709,21.104000091552734,21.600000381469727,80742000,66.03940657648472,20.27016721569145,18.97463077884999,0.7197117437425824,0.7177417669350421,5607414000
2017-05-03,20.73466682434082,21.435333251953125,20.696666717529297,21.17799949645996,107001000,58.65392744468851,20.314405273658057,19.043651800241786,0.6699526548103698,0.7081839445101077,5500413000
2017-05-04,19.69733238220215,20.51799964904785,19.384000778198242,20.496000289916992,212280000,47.373371460056845,20.255636426852732,19.069286332867684,0.5405824996665451,0.6746636555413952,5288133000
2017-05-05,20.55666732788086,20.56999969482422,19.786666870117188,19.866666793823242,122659500,55.08056176474766,20.284306036474458,19.12761499933879,0.5016145675177874,0.6400538379366737,5410792500
2017-05-08,20.479333877563477,20.91933250427246,20.38800048828125,20.726667404174805,105097500,54.30973319839585,20.302880116578173,19.18062358279858,0.45919868085150384,0.6038828065196398,5305695000
2017-05-09,21.417333602905273,21.465999603271484,20.606666564941406,20.625333786010742,145147500,61.371141477199714,20.40901854384742,19.268337701234138,0.4955600163299536,0.5822182484817026,5450842500
2017-05-10,21.681333541870117,21.700000762939453,21.20800018310547,21.437332153320312,86124000,63.099697095892715,20.530191400801964,19.362964989102217,0.5394606587295812,0.5736667305312783,5536966500
2017-05-11,21.540000915527344,21.733333587646484,21.30666732788086,21.559999465942383,71307000,61.51275903492913,20.626363735537716,19.448338947001243,0.5564336515711226,0.5702201147392472,5465659500
2017-05-12,21.65399932861328,21.799999237060547,21.435333251953125,21.698667526245117,61824000,62.33557943805836,20.724233792021103,19.534835432554658,0.5724843467037317,0.570672961132144,5527483500
2017-05-15,21.058666229248047,21.34666633605957,20.8353328704834,21.225332260131836,114330000,55.64504682276318,20.75608450032843,19.594593503013222,0.5310446800154871,0.5627473049088128,5413153500
2017-05-16,21.134000778198242,21.33733367919922,21.00933265686035,21.172666549682617,62287500,56.28445681235047,20.792076526792222,19.654962415765578,0.49853550711313943,0.5499049453496782,5475441000
2017-05-17,20.407333374023438,20.975332260131836,20.366666793823242,20.959333419799805,100678500,48.95369747486432,20.755434321766625,19.68446715922667,0.4094162709493432,0.5218072104696112,5374762500
2017-05-18,20.87066650390625,20.929332733154297,20.354000091552734,20.46666717529297,84807000,53.14420081645579,20.76640881530373,19.730984780586656,0.37188884248175924,0.49182353687204083,5459569500
2017-05-19,20.722000122070312,21.100000381469727,20.68000030517578,21.03333282470703,70314000,51.67826837904643,20.762179415948168,19.769848127311505,0.3263895351030719,0.4587367365182471,5389255500
2017-05-22,20.690000534057617,20.95800018310547,20.453332901000977,20.85333251953125,64938000,51.349935574980115,20.755305236720496,19.805932535419196,0.28446971705775326,0.42388333262614836,5324317500
2017-05-23,20.257333755493164,20.715333938598633,20.23200035095215,20.69733238220215,64776000,47.001693855290036,20.70787938136551,19.823634544049547,0.21387000585975358,0.3818806672728694,5259541500
2017-05-24,20.681333541870117,20.733333587646484,20.360000610351562,20.43400001525879,75499500,51.34938680640314,20.705351206175475,19.85726979886604,0.1899429215739019,0.3434931181330759,5335041000
2017-05-25,21.121999740600586,21.131332397460938,20.520666122436523,20.73466682434082,75210000,55.44071116321579,20.745032018977867,19.90686705148308,0.20418489792589156,0.31563147409163905,5410251000
2017-05-26,21.676000595092773,21.69933319091797,21.08733367919922,21.152000427246094,117033000,59.995514789338195,20.83369569289357,19.97624483750699,0.25721004844120543,0.3039471889615523,5527284000
2017-05-30,22.34000015258789,22.41866683959961,21.71733283996582,21.733333587646484,116743500,64.6584467477239,20.977153260483504,20.06894112437291,0.3487914268110295,0.3129160365314478,5644027500
2017-05-31,22.733999252319336,22.859333038330078,22.3439998626709,22.512666702270508,149451000,67.10834601562235,21.14447192637263,20.17345320782179,0.44799851552025416,0.33993253232920906,5793478500
2017-06-01,22.691333770751953,22.992000579833984,22.486000061035156,22.933332443237305,114120000,66.5701896334576,21.291792102027806,20.272193622054345,0.5172159566856926,0.3753892172005058,5679358500
2017-06-02,22.656667709350586,22.858667373657227,22.39533233642578,22.65133285522461,83853000,66.10632898164293,21.421780255106167,20.365702409791453,0.5627865628808948,0.4128686863365836,5595505500
2017-06-05,23.154666900634766,23.229333877563477,22.28066635131836,22.566667556762695,101766000,69.40450646176322,21.586817078489844,20.475073566295112,0.6318029384025863,0.45665553674978415,5697271500
2017-06-06,23.523332595825195,23.965999603271484,22.6646671295166,22.979999542236328,166302000,71.60719214662743,21.771247127759878,20.594613136080607,0.7080847930469929,0.506941388009226,5863573500
2017-06-07,23.976667404174805,24.03333282470703,23.676000595092773,23.756000518798828,140970000,74.07849671849175,21.98128715408511,20.727242715221557,0.7959438970037276,0.5647418898081263,6004543500
2017-06-08,24.666667938232422,24.793333053588867,24.014667510986328,24.25,135922500,77.31497198664007,22.237037704956283,20.881729978869043,0.910751569236492,0.6339438256937995,6140466000
2017-06-09,23.821332931518555,25.124666213989258,23.65333366394043,24.961332321166992,258921000,66.38009095786911,22.38792296462888,20.99700852603177,0.9228875333364215,0.6917325672223239,5881545000
2017-06-12,23.93400001525879,24.299999237060547,23.374666213989258,23.865999221801758,157765500,67.04900735817793,22.535168398022204,21.112184662864202,0.9308662180625227,0.7395592973903636,6039310500
2017-06-13,25.06333351135254,25.066667556762695,24.44066619873047,24.507999420166016,177118500,72.87483396599733,22.77594602786319,21.26713167653041,1.0165984440398823,0.7949671267202674,6216429000
2017-06-14,25.37733268737793,25.616666793823242,25.08733367919922,25.4060001373291,192276000,74.23862870842896,23.023697138293162,21.42831602989698,1.0972307668214327,0.8554198547405005,6408705000
2017-06-15,25.022666931152344,25.03066635131836,24.432666778564453,24.833332061767578,156397500,69.96002562437354,23.21407521380356,21.569270967201113,1.1196077597653797,0.9082574357454765,6252307500
2017-06-16,24.760000228881836,25.200666427612305,24.67333221435547,25.198667526245117,100965000,66.88552459420373,23.36130616762054,21.694397604914084,1.103427059927629,0.947291360581907,6151342500
2017-06-19,24.65333366394043,25.113332748413086,24.520000457763672,25.0,98239500,65.62428601809025,23.484356405365293,21.810434313111195,1.06966619236794,0.9717663269391137,6053103000
2017-06-20,24.81599998474121,25.2586669921875,24.648666381835938,25.1113338470459,111580500,66.65687024834317,23.611179603401094,21.928299633567274,1.044001672806786,0.9862133961126482,6164683500
2017-06-21,25.093332290649414,25.132667541503906,24.534666061401367,24.956666946411133,73848000,68.3996905057219,23.75233700218665,22.052418561295987,1.034120063105604,0.9957947295112395,6238531500
2017-06-22,25.507333755493164,25.666667938232422,24.904666900634766,25.19933319091797,112947000,70.84921917827177,23.919479550120602,22.18790543165666,1.0476189750582492,1.0061595786206414,6351478500
2017-06-23,25.56333351135254,25.799333572387695,25.290000915527344,25.496667861938477,96687000,71.17470634565211,24.07603707023793,22.320275160272185,1.0507235848896066,1.0150723798744345,6448165500
2017-06-26,25.166000366210938,25.796667098999023,24.873332977294922,25.779333114624023,99061500,65.579630373156,24.179843098425835,22.431872227171745,1.009485822211829,1.0139550683419136,6349104000
2017-06-27,24.158000946044922,25.093332290649414,24.134666442871094,25.093332290649414,104946000,53.985292910501954,24.177762893437176,22.4995635494805,0.8852627116993368,0.9882165970133983,6244158000
2017-06-28,24.749332427978516,24.78266716003418,24.167999267578125,24.44533348083496,94537500,58.60850183961003,24.232198087203017,22.58778978000983,0.8250201910623254,0.9555773158231837,6338695500
2017-06-29,24.049999237060547,24.733333587646484,23.606666564941406,24.707332611083984,123315000,51.95959241029331,24.214845815760878,22.645131327345155,0.7126324324152264,0.9069883391415924,6215380500
2017-06-30,24.107332229614258,24.451332092285156,23.974666595458984,24.247333526611328,87727500,52.435994188718055,24.204606426604055,22.702472539198844,0.6210317498906974,0.8497970212914134,6303108000
2017-07-03,23.507999420166016,24.75666618347168,23.433332443237305,24.682666778564453,94581000,47.169996542542215,24.138262902181385,22.73406182864854,0.49437752379850863,0.7787131217928325,6208527000
2017-07-05,21.805999755859375,23.14933204650879,21.755332946777344,23.14666748046875,255700500,36.086593198247854,23.916142602531668,22.69766723755877,0.2537410198921499,0.673718701412696,5952826500
2017-07-06,20.588666915893555,21.38599967956543,20.420000076293945,21.150667190551758,289867500,30.556359802592624,23.599240156185182,22.614961342591506,-0.03479266151200733,0.5320164288277553,5662959000
2017-07-07,20.881332397460938,21.133333206176758,20.492000579833984,20.899999618530273,212653500,33.20655737962977,23.340391798211446,22.546975893762855,-0.23710878190006923,0.37819138668219043,5875612500
2017-07-10,21.06999969482422,21.195999145507812,20.208667755126953,20.860000610351562,207313500,34.93053962360622,23.124163978841235,22.489055258510362,-0.37786608575461145,0.22697989219483006,6082926000
2017-07-11,21.814666748046875,21.818666458129883,20.953332901000977,21.066667556762695,173391000,41.36358433422704,22.99944995686082,22.462608650256893,-0.42443621887924365,0.09669666998001532,6256317000
2017-07-12,21.968000411987305,22.206666946411133,21.633333206176758,22.02666664123535,155191500,42.62149174312624,22.901216666872866,22.443212248756126,-0.4438541651568073,-0.011413497047349204,6411508500
2017-07-13,21.560667037963867,22.106666564941406,21.33133316040039,22.007333755493164,128917500,40.1569341402789,22.77354527364344,22.408602632646627,-0.48650331911224853,-0.10643146146032909,6282591000
2017-07-14,21.851999282836914,21.89466667175293,21.4146671295166,21.54599952697754,84378000,42.70859551953848,22.68577898880472,22.38677505030115,-0.49113352197507254,-0.1833718735632778,6366969000
2017-07-17,21.30466651916504,21.80666732788086,20.89666748046875,21.702667236328125,148153500,39.31676203417547,22.554244467886654,22.344339421629147,-0.5328260834627905,-0.25326271554318036,6218815500
2017-07-18,21.882667541503906,21.941999435424805,21.04400062561035,21.166667938232422,95605500,44.34361382826303,22.490284760612106,22.326234642016395,-0.5133107599578999,-0.3052723244261243,6314421000
2017-07-19,21.68400001525879,22.110000610351562,21.54800033569336,21.881999969482422,95355000,43.02437075260634,22.413495737245125,22.301048970378844,-0.5080194030666938,-0.3458217401542382,6219066000
2017-07-20,21.994667053222656,22.014667510986328,21.613332748413086,21.793333053588867,77493000,45.74271690526568,22.373607291147746,22.289033993235464,-0.4733018024389537,-0.37131775261118133,6296559000
2017-07-21,21.893333435058594,22.083999633789062,21.719999313354492,21.964000701904297,73524000,44.98873236514449,22.32786692390116,22.273516324287353,-0.44879124382416435,-0.38681245085377797,6223035000
2017-07-24,22.834667205810547,22.893333435058594,22.000667572021484,22.016000747680664,129556500,52.77589113658984,22.37613361741634,22.29552224120983,-0.3493812319283869,-0.3793262070686998,6352591500
2017-07-25,22.639999389648438,23.040000915527344,22.27666664123535,23.0,104838000,51.16295130737982,22.401263690962253,22.30903114899174,-0.2830433990323371,-0.3600696454614273,6247753500
2017-07-26,22.92333221435547,23.03333282470703,22.541332244873047,22.69066619873047,72312000,53.39548490129513,22.450984502713986,22.33312138684914,-0.2052416989345005,-0.32910405615604194,6320065500
2017-07-27,22.297332763671875,23.166667938232422,21.752666473388672,23.066667556762695,124536000,48.15739092840075,22.436351003757594,22.331717911430424,-0.19188429237181737,-0.301660103399197,6195529500
2017-07-28,22.33799934387207,22.639999389648438,22.167333602905273,22.459333419799805,73206000,48.51076410568837,22.426984179006592,22.33196424211441,-0.1759883145375447,-0.27652574562686655,6268735500
2017-07-31,21.564666748046875,22.766000747680664,21.402666091918945,22.366666793823242,128026500,42.56854232305698,22.34485870939138,22.301874144307842,-0.223218985536203,-0.2658643936087339,6140709000
2017-08-01,21.30466651916504,21.6299991607666,21.075332641601562,21.53333282470703,124546500,40.76076407795499,22.24579278651268,22.262767962929694,-0.27842002539711075,-0.26837551996640924,6016162500
2017-08-02,21.72599983215332,21.808000564575195,20.74799919128418,21.262666702270508,196372500,44.8482163157003,22.196288695621313,22.241718232311012,-0.28488519091417075,-0.27167745415596156,6212535000
2017-08-03,23.139333724975586,23.333332061767578,22.876667022705078,23.02199935913086,203025000,55.85232230621705,22.286102507940768,22.276918839866486,-0.1739593526079375,-0.25213383384635674,6415560000
2017-08-04,23.79400062561035,23.81800079345703,22.886667251586914,23.133333206176758,139033500,59.84860443230854,22.42971185248073,22.33641224322899,-0.03284506154691158,-0.20827607938646772,6554593500
2017-08-07,23.67799949645996,23.965333938598633,23.516666412353516,23.823333740234375,94867500,58.832376368080986,22.54859639000256,22.38902350806158,0.06883521956920902,-0.1528538195953324,6459726000
2017-08-08,24.347999572753906,24.57200050354004,23.82666778564453,23.8353328704834,111747000,62.76502824638673,22.719968121693167,22.46584609883383,0.201162110067461,-0.08205063366277372,6571473000
2017-08-09,24.235332489013672,24.666667938232422,23.93000030517578,24.066667556762695,103381500,61.69768173258874,22.864288537628454,22.535237721978138,0.293556890984906,-0.006929128733237778,6468091500
2017-08-10,23.69333267211914,24.44333267211914,23.643999099731445,24.106666564941406,106393500,56.702231591191314,22.94324512186566,22.580653210218962,0.3193641340484703,0.05832952382310384,6361698000
2017-08-11,23.857999801635742,24.083999633789062,23.57466697692871,23.79800033569336,65487000,57.81963144806311,23.0303646151771,22.630745233411776,0.3490798461075926,0.1164795882800016,6427185000
2017-08-14,24.253332138061523,24.51066780090332,24.17333221435547,24.308666229248047,67788000,60.4580363112074,23.146837712594664,22.69437609241765,0.39991975166813276,0.17316762095762783,6494973000
2017-08-15,24.155332565307617,24.365999221801758,23.95800018310547,24.34666633605957,46276500,59.46505872098466,23.24288484142447,22.751668503119216,0.4273764667261588,0.22400939011133403,6448696500
2017-08-16,24.194000244140625,24.433332443237305,24.167999267578125,24.200000762939453,51207000,59.74599197069144,23.33346726073077,22.80823053217888,0.44710235214318317,0.26862798251770387,6499903500
2017-08-17,23.461332321166992,24.219999313354492,23.439332962036133,24.08066749572754,75415500,52.343467637064705,23.34564488553422,22.833842367041157,0.39901547817693483,0.29470548164955007,6424488000
2017-08-18,23.163999557495117,23.600000381469727,23.053333282470703,23.527332305908203,81123000,49.654709217302624,23.32834533048288,22.846789707843275,0.33307453904235373,0.3023792931281108,6343365000
2017-08-21,22.52400016784668,23.05466651916504,22.123332977294922,23.05466651916504,97431000,44.37131443546219,23.25174102927943,22.834131294510076,0.22656160648299561,0.28721575579908776,6245934000
2017-08-22,22.75666618347168,22.81599998474121,22.4913330078125,22.742000579833984,64830000,46.595979575247696,23.204591043964406,22.831093447018375,0.1590896565050599,0.2615905359402822,6310764000
2017-08-23,23.51799964904785,23.56599998474121,22.553333282470703,22.599332809448242,74317500,53.192407299994926,23.23443948254378,22.85803094513718,0.1651471840440344,0.24230186556103264,6385081500
2017-08-24,23.528667449951172,23.777332305908203,23.31599998474121,23.501333236694336,68770500,53.279489041081035,23.262461193725436,22.8843304159142,0.16886208365182398,0.22761390917919092,6453852000
2017-08-25,23.203332901000977,23.71266746520996,23.15333366394043,23.615999221801758,52260000,50.211498958460126,23.256829927751678,22.896840317290152,0.1438956497114532,0.21087025728564338,6401592000
2017-08-28,23.04400062561035,23.156667709350586,22.648000717163086,23.152000427246094,56460000,48.731498260618345,23.236560470404886,22.9026113097733,0.10998494987275009,0.19069319580306474,6345132000
2017-08-29,23.157333374023438,23.270000457763672,22.583332061767578,22.631999969482422,61105500,49.863505093733316,23.22901503265427,22.91260041033213,0.09120413705346664,0.17079538405314512,6406237500
2017-08-30,23.545333862304688,23.564666748046875,23.133333206176758,23.31133270263672,51193500,53.63770486835708,23.25914063547812,22.93741348688007,0.10640206753312142,0.1579167207491404,6457431000
2017-08-31,23.726667404174805,23.895999908447266,23.521333694458008,23.56999969482422,61092000,55.33015513460214,23.303666994401613,22.96836462089163,0.13156207261613062,0.15264579112253845,6518523000
2017-09-01,23.69333267211914,23.839332580566406,23.57933235168457,23.7413330078125,45742500,54.93315646609861,23.340778011327092,22.996794740547614,0.14711586352725092,0.15153980560348096,6472780500
2017-09-05,23.305999755859375,23.69933319091797,23.05933380126953,23.586666107177734,57526500,50.407377056095676,23.337465796520643,23.008920427422584,0.12672699569584367,0.1465772436219535,6415254000
2017-09-06,22.968666076660156,23.398666381835938,22.770666122436523,23.299999237060547,61371000,46.79171546226213,23.30234201367679,23.0073418254319,0.08239882004342647,0.13374155890624811,6353883000
2017-09-07,23.374000549316406,23.498666763305664,22.89666748046875,23.065332412719727,63588000,51.31093683944814,23.309166636118658,23.021720598917568,0.07906412388897266,0.12280607190279304,6417471000
2017-09-08,22.893333435058594,23.318666458129883,22.81999969482422,23.266000747680664,48952500,46.289975658276305,23.26956347411294,23.016685808178,0.037206639167461475,0.10568618535572673,6368518500
2017-09-11,24.246000289916992,24.247333526611328,23.333332061767578,23.42333221435547,115006500,58.57488081404331,23.362557456570467,23.064894219226588,0.11189335449780202,0.10692761918414179,6483525000
2017-09-12,24.183332443237305,24.583999633789062,24.02666664123535,24.299333572387695,89593500,57.91397670351188,23.44072650291969,23.10875454173681,0.1641343048990045,0.11836895632711433,6393931500
2017-09-13,24.415332794189453,24.538000106811523,23.972667694091797,24.254667282104492,62778000,59.7256669632907,23.533546149707288,23.159992904578093,0.22170049853830776,0.13903526476935302,6456709500
2017-09-14,25.176000595092773,25.19733238220215,24.17533302307129,24.288667678833008,108037500,65.03957289698145,23.689970382601143,23.239052029696317,0.3249557682874453,0.17621936547297148,6564747000
2017-09-15,25.320667266845703,25.333332061767578,24.84666633605957,24.96733283996582,81307500,65.95947145998706,23.845274847767293,23.32068399978061,0.4136909332929868,0.22371367903697456,6646054500
2017-09-18,25.666667938232422,25.974000930786133,25.178667068481445,25.350000381469727,107820000,68.12006825946152,24.01874085638302,23.412683369915975,0.5060995527863774,0.28019085378685515,6753874500
2017-09-19,25.00666618347168,25.492666244506836,24.904666900634766,25.333332061767578,96778500,60.26267209426018,24.112828982772417,23.475192499859336,0.5200822394423206,0.32816913091794825,6657096000
2017-09-20,24.92733383178711,25.21666717529297,24.738000869750977,24.866666793823242,73786500,59.37611788331489,24.19040087315477,23.532139218758466,0.5187819660105433,0.36629169793646726,6583309500
2017-09-21,24.43199920654297,25.121999740600586,24.30066680908203,24.99333381652832,69273000,54.031272455392646,24.21341023823936,23.567427845730407,0.47233731482929997,0.3875008213150338,6514036500
2017-09-22,23.4060001373291,24.65999984741211,23.392000198364258,24.432666778564453,122391000,44.99619112427056,24.13651403815267,23.56109734736173,0.34872021433885436,0.379744699919798,6391645500
2017-09-25,22.999332427978516,23.83133316040039,22.858667373657227,23.543333053588867,114088500,41.998428006539285,24.028211027659893,23.539067350523172,0.2154544611934277,0.34688665217452397,6277557000
2017-09-26,23.016666412353516,23.416000366210938,22.726667404174805,23.39533233642578,107344500,42.175267225597224,23.93187344524976,23.5185810392224,0.10997141732657312,0.2995036052049338,6384901500
2017-09-27,22.731332778930664,23.432666778564453,22.700000762939453,23.32666778564453,90904500,40.01267016879787,23.817536238933656,23.487708558426647,0.0033131139974251766,0.24026550696343207,6293997000
2017-09-28,22.639999389648438,22.850000381469727,22.360000610351562,22.658666610717773,79794000,39.31769843246642,23.705389872335065,23.454465061611817,-0.08757469446812394,0.17469746667712088,6214203000
2017-09-29,22.739999771118164,22.978666305541992,22.573333740234375,22.790666580200195,76606500,40.53552093105835,23.613447957933456,23.426446814925793,-0.1498078507900651,0.1097964031836837,6290809500
2017-10-02,22.768667221069336,22.913333892822266,22.367332458496094,22.834667205810547,79302000,40.90167947926627,23.53299264966068,23.400651536735346,-0.19457194761838537,0.04892273302326989,6370111500
2017-10-03,23.209333419799805,23.23666763305664,22.0853328704834,22.393333435058594,152304000,46.36852337557096,23.5021679611025,23.39314886548297,-0.19227333016214843,0.000683520386186224,6522415500
2017-10-04,23.667333602905273,23.908000946044922,23.30666732788086,23.416667938232422,122452500,51.40045081881899,23.517898022226575,23.40390120812698,-0.15174564284572156,-0.029802312260195335,6644868000
2017-10-05,23.68866729736328,23.82933235168457,23.42333221435547,23.733333587646484,62575500,51.62811396817508,23.534161762715787,23.41506850574409,-0.1165620530217204,-0.04715426041250035,6707443500
2017-10-06,23.79199981689453,24.00666618347168,23.483333587646484,23.540000915527344,64462500,52.78189834208075,23.558717767875667,23.42985012578921,-0.07942516994319249,-0.05360844231863878,6771906000
2017-10-09,22.862667083740234,23.450000762939453,22.844667434692383,23.309999465942383,112405500,42.87653868169619,23.492427226529436,23.407607653551995,-0.12355899615958066,-0.06759855308682716,6659500500
2017-10-10,23.70599937438965,23.708667755126953,23.03533363342285,23.1200008392334,104677500,51.729338990109134,23.512767431087553,23.419309289663275,-0.08945432973988332,-0.0719697084174384,6764178000
2017-10-11,23.639999389648438,23.84000015258789,23.40999984741211,23.592666625976562,67512000,51.06238323752888,23.524884760474304,23.427963803388185,-0.06697968298312418,-0.07097170333057556,6696666000
2017-10-12,23.711999893188477,23.985332489013672,23.50933265686035,23.530000686645508,61305000,51.79259732780455,23.542705249304227,23.439102473576433,-0.042864410364426675,-0.06535024473734578,6757971000
2017-10-13,23.704666137695312,23.89933204650879,23.57866668701172,23.798667907714844,53107500,51.707964196609694,23.558130095817663,23.44951673491443,-0.024067223874993715,-0.05709364056487537,6704863500
2017-10-16,23.373332977294922,23.631999969482422,23.143999099731445,23.583999633789062,80632500,47.899686990468425,23.54053037024407,23.44652913657641,-0.03549694840808826,-0.05277430213351795,6624231000
2017-10-17,23.71666717529297,23.74799919128418,23.33799934387207,23.393999099731445,49399500,51.856500766890576,23.55730530405825,23.45712278515353,-0.01665885413180135,-0.04555121253317463,6673630500
2017-10-18,23.976667404174805,24.200000762939453,23.608667373657227,23.731332778930664,74086500,54.66442726461797,23.597244551688398,23.47749708393868,0.01903094003115058,-0.03263478202030959,6747717000
2017-10-19,23.45400047302246,23.809999465942383,23.213333129882812,23.70400047302246,75927000,48.53601247272522,23.583602258482117,23.476575648216475,0.005081924539478422,-0.025091440708351988,6671790000
2017-10-20,23.00666618347168,23.636667251586914,22.95599937438965,23.512666702270508,73956000,43.99039333779509,23.52865596562398,23.45814782606962,-0.04158949160237313,-0.028391050887156218,6597834000
2017-10-23,22.468000411987305,23.329999923706055,22.416667938232422,23.325332641601562,86209500,39.226320455300915,23.427641150991917,23.419318515713453,-0.12065195050312383,-0.046843230810349745,6511624500
2017-10-24,22.48933219909668,22.85333251953125,22.410667419433594,22.586666107177734,67375500,39.505721097546235,23.33827839366856,23.382848464081423,-0.1795188404080541,-0.07337835272989063,6579000000
2017-10-25,21.722667694091797,22.5,21.570667266845703,22.446666717529297,128911500,33.53796138500665,23.184410707994584,23.317743335846536,-0.2847522463976837,-0.11565313146344924,6450088500
2017-10-26,21.744667053222656,22.01533317565918,21.546667098999023,21.851999282836914,75352500,33.84677165423359,23.047292264682973,23.256054069861285,-0.3622000971267241,-0.16496252459610422,6525441000
2017-10-27,21.391332626342773,21.639333724975586,21.110666275024414,21.316667556762695,104695500,31.328952364194436,22.889581822936286,23.18292773874291,-0.4469371983079675,-0.2213574593384769,6420745500
2017-10-30,21.338666915893555,21.5853328704834,21.149999618530273,21.278667449951172,63816000,30.959273398611188,22.741875641313168,23.11060378490568,-0.5124346168953977,-0.2795728908498611,6356929500
2017-10-31,22.101999282836914,22.1299991607666,21.345333099365234,21.34866714477539,85084500,41.69758133328284,22.680935035744,23.071050667177495,-0.49701793703655994,-0.32306190008720087,6442014000
2017-11-01,21.405332565307617,22.173999786376953,21.35066795349121,22.149999618530273,126859500,36.16845485137641,22.55944908617863,23.005728388672793,-0.5348498725963715,-0.365419494589035,6315154500
2017-11-02,19.950666427612305,20.57933235168457,19.5086669921875,20.0086669921875,296871000,27.86103948333124,22.3109935948866,22.885922037258656,-0.6744368658842106,-0.42722296884807015,6018283500
2017-11-03,20.4060001373291,20.416667938232422,19.67533302307129,19.96666717529297,133410000,33.04509369237324,22.129565646547793,22.788670198045732,-0.7397910875894773,-0.4897365925963516,6151693500
2017-11-06,20.185333251953125,20.5,19.93400001525879,20.46666717529297,97290000,31.85053251346551,21.944400656586396,22.686578553100926,-0.8001669263618929,-0.5518226593494598,6054403500
2017-11-07,20.40333366394043,20.433332443237305,20.00200080871582,20.06800079345703,79414500,34.374472639807166,21.797632371572494,22.59703953783973,-0.8209608762801892,-0.6056503027356057,6133818000
2017-11-08,20.292667388916016,20.459333419799805,20.086666107177734,20.366666793823242,70879500,33.69230676691994,21.654302373224258,22.50667200258782,-0.8367248319015417,-0.6518652085687929,6062938500
2017-11-09,20.19933319091797,20.297332763671875,19.753332138061523,20.166667938232422,81706500,33.09577079633908,21.515733879671277,22.416188127620376,-0.8469856467511434,-0.6908892962052631,5981232000
2017-11-10,20.19933319091797,20.55733299255371,20.123332977294922,20.166667938232422,69381000,33.09577079633908,21.390362385504297,22.329252639906557,-0.8453724886219014,-0.7217859346885908,6050613000
2017-11-13,21.02666664123535,21.1200008392334,19.94066619873047,20.0086669921875,113773500,43.398313277608054,21.355724695573922,22.2781708360371,-0.7684766337816846,-0.7311240745072096,6164386500
2017-11-14,20.579999923706055,21.09000015258789,20.459999084472656,21.0,85141500,39.83206664278867,21.28184614587222,22.211575898298626,-0.7351045582108426,-0.7319201712479363,6079245000
2017-11-15,20.753332138061523,20.832666397094727,20.100000381469727,20.400667190551758,89680500,41.82971966491532,21.231511478461677,22.154389868485406,-0.6867540140034976,-0.7228869397990486,6168925500
2017-11-16,20.833332061767578,21.209333419799805,20.753332138061523,20.932666778564453,87331500,42.77409065037173,21.193589629252713,22.10258367998667,-0.6346645166336877,-0.7052424551659765,6256257000
2017-11-17,21.003332138061523,21.777999877929688,20.876667022705078,21.711332321166992,206026500,44.82400574468975,21.175469868186884,22.059475776381763,-0.5730597531594341,-0.6788059147646681,6462283500
2017-11-20,20.582666397094727,21.03333282470703,20.316667556762695,20.91933250427246,123715500,40.91802132444114,21.119012394749536,22.00156168307639,-0.5518206983987888,-0.6534088714914923,6338568000
2017-11-21,21.187332153320312,21.215333938598633,20.58066749572754,20.724000930786133,108919500,47.94039054965231,21.125519038422944,21.969631113282034,-0.48065641342132537,-0.618858379877459,6447487500
2017-11-22,20.84000015258789,21.161333084106445,20.78933334350586,21.118000030517578,73764000,44.656931430156384,21.09832676358151,21.92533185992148,-0.44713074959802057,-0.5845128538215714,6373723500
2017-11-24,21.036666870117188,21.0939998626709,20.733333587646484,20.91933250427246,48661500,46.87561180535513,21.092454392775384,21.890482252478176,-0.40008018367032605,-0.5476263197913224,6422385000
2017-11-27,21.12066650390625,21.1560001373291,20.634000778198242,20.883333206176758,68338500,47.83749242402742,21.095141260502132,21.860293399593004,-0.3519570608472762,-0.5084924680025131,6490723500
2017-11-28,21.170000076293945,21.333332061767578,20.92799949645996,21.090667724609375,74242500,48.42808817722232,21.102270671529922,21.83322307318912,-0.3063074111419084,-0.4680554566303922,6564966000
2017-11-29,20.502666473388672,21.200000762939453,20.082000732421875,21.15333366394043,131511000,41.571437647896396,21.045165509802185,21.781044383000868,-0.32028592273109524,-0.43850154985053286,6433455000
2017-11-30,20.59000015258789,20.713333129882812,20.30266761779785,20.570667266845703,65274000,42.71453334938424,21.00181642816273,21.734336766121928,-0.3206209768009636,-0.41492543524061903,6498729000
2017-12-01,20.435333251953125,20.687999725341797,20.336666107177734,20.362667083740234,64393500,41.17806494148224,20.9478656494761,21.6833954518408,-0.3295677835809734,-0.39785390490868994,6434335500
2017-12-04,20.34666633605957,20.551332473754883,20.040666580200195,20.433332443237305,87526500,40.283475426039566,20.89060857200786,21.63097470220232,-0.33989477610290564,-0.3862620791475331,6346809000
2017-12-05,20.246667861938477,20.53333282470703,20.066667556762695,20.133333206176758,69697500,39.247879063629256,20.829280885334587,21.576688159446874,-0.35208936617273423,-0.37942753655257333,6277111500
2017-12-06,20.884000778198242,20.892667770385742,20.0,20.00666618347168,107929500,48.35978602636648,20.834492303702554,21.549523948417516,-0.30678974551529237,-0.36489997834511717,6385041000
2017-12-07,20.749332427978516,21.242000579833984,20.73666763305664,20.799999237060547,71709000,46.76375587641123,20.826381839347885,21.51814388879246,-0.27854518466998357,-0.34762901961009046,6313332000
2017-12-08,21.0086669921875,21.131999969482422,20.750667572021484,20.97333335876465,52027500,50.17405013915642,20.843742330094514,21.49816440265109,-0.23255429359023339,-0.32461407440611906,6365359500
2017-12-11,21.92733383178711,21.93400001525879,20.916667938232422,20.975332260131836,119070000,59.95923677722797,20.946941520731905,21.514994576342698,-0.12058738837632532,-0.2838087372001603,6484429500
2017-12-12,22.735332489013672,22.762666702270508,22.00200080871582,22.030000686645508,130998000,66.23927849234272,21.117264470092074,21.562850965074894,0.03296591900166135,-0.220453805959796,6615427500
2017-12-13,22.601999282836914,22.947999954223633,22.433332443237305,22.728666305541992,93322500,64.44310209141213,21.258667785591584,21.603601879496935,0.14225926965690405,-0.14791119083645599,6522105000
2017-12-14,22.525999069213867,23.16266632080078,22.459999084472656,22.733999252319336,86998500,63.38798295628077,21.379366003079422,21.639774318309364,0.22020407982818568,-0.07428813670352766,6435106500
2017-12-15,22.89666748046875,22.926666259765625,22.384000778198242,22.80266761779785,103998000,66.28716682691324,21.52387090568793,21.689064246237184,0.3083314929134424,0.0022357892198663597,6539104500
2017-12-18,22.591333389282227,23.115333557128906,22.505332946777344,22.99333381652832,82143000,61.93633767857016,21.625533999363576,21.72444734988601,0.3495063022398526,0.07168989182386361,6456961500
2017-12-19,22.073333740234375,22.766000747680664,22.020000457763672,22.68400001525879,102375000,55.304390827196286,21.668181593732225,21.738129169115357,0.33646088110727135,0.12464408968054516,6354586500
2017-12-20,21.93199920654297,22.206666946411133,21.66933250427246,22.179332733154297,89307000,53.617429928243176,21.69330708066658,21.745731915681148,0.3111312478330568,0.1619415213110475,6265279500
2017-12-21,22.110666275024414,22.249332427978516,21.81399917602539,21.972667694091797,65778000,55.46674433986818,21.733055575367327,21.760043067027944,0.3019930819519736,0.18995183343923272,6331057500
2017-12-22,21.68000030517578,22.06133270263672,21.654666900634766,21.96733283996582,63237000,50.26442083115886,21.72800269249194,21.756904135190606,0.25703691357343317,0.2033688494660728,6267820500
2017-12-26,21.152666091918945,21.59600067138672,21.10533332824707,21.588666915893555,65676000,44.73202420786022,21.673208730532608,21.733208525650543,0.17681910180823834,0.19805889993450593,6202144500
2017-12-27,20.775999069213867,21.178667068481445,20.71666717529297,21.066667556762695,70681500,41.240367894458025,21.587760191359394,21.695670899907928,0.08190784460480671,0.1748286888685661,6131463000
2017-12-28,21.02400016784668,21.05466651916504,20.63599967956543,20.78333282470703,64744500,44.32197622085617,21.53406876054866,21.669330871199644,0.026397313699838776,0.14514241383482063,6196207500
2017-12-29,20.75666618347168,21.0939998626709,20.666667938232422,21.07866668701172,56658000,41.77845151772999,21.460030419874663,21.63354009913188,-0.03872045500718713,0.10836984006641909,6139549500
2018-01-02,21.368667602539062,21.474000930786133,20.733333587646484,20.799999237060547,65283000,48.99475257843519,21.451329199176033,21.62315294240275,-0.04047676509413023,0.07860051903430923,6204832500
2018-01-03,21.149999618530273,21.683332443237305,21.036666870117188,21.399999618530273,67822500,46.76444808212124,21.422631143876437,21.604597910094025,-0.058835117703182505,0.05111339168681089,6137010000
2018-01-04,20.974666595458984,21.23666763305664,20.3786678314209,20.857999801635742,149194500,44.99576730186065,21.379967853550966,21.57989472128481,-0.08653463662817629,0.023583786023813454,5987815500
2018-01-05,21.10533332824707,21.14933204650879,20.799999237060547,21.107999801635742,68868000,46.61619320862518,21.353812184474403,21.561284470577448,-0.09682683218314736,-0.0004983376175787101,6056683500
2018-01-08,22.42733383178711,22.468000411987305,21.03333282470703,21.066667556762695,147891000,59.587869127468394,21.456052341361328,21.595247190624885,0.001671651150857656,-6.43398638914369e-05,6204574500
2018-01-09,22.246000289916992,22.586666107177734,21.82666778564453,22.3439998626709,107199000,57.523152587633064,21.53128547931901,21.62076692000889,0.06435842362916233,0.012820212834719317,6097375500
2018-01-10,22.31999969482422,22.46666717529297,22.0,22.14666748046875,64648500,58.160279748856624,21.606401118890936,21.648187813138904,0.11864164891240847,0.03398450005025715,6162024000
2018-01-11,22.530000686645508,22.987333297729492,22.21733283996582,22.349332809448242,99682500,59.99417641476888,21.69436298248661,21.682768710139165,0.17657141565953083,0.06250188317211189,6261706500
2018-01-12,22.4146671295166,22.694000244140625,22.244667053222656,22.575332641601562,72376500,58.47817732341729,21.762963377441846,21.71147060893828,0.2107453774635495,0.09215058203039941,6189330000
2018-01-16,22.67066764831543,23.0,22.31999969482422,22.502666473388672,97114500,60.843362136699895,21.84941140323933,21.749086179109934,0.2555398860465061,0.12482844283362077,6286444500
2018-01-17,23.143999099731445,23.266666412353516,22.649999618530273,22.697999954223633,106552500,64.83217270004744,21.972705469571913,21.80378864658529,0.32548179760142304,0.16495911378718123,6392997000
2018-01-18,22.971332550048828,23.48666763305664,22.916000366210938,23.044666290283203,85287000,62.337492517847444,22.067812810569716,21.849574682015234,0.3627964275047937,0.20452657653070372,6307710000
2018-01-19,23.334667205810547,23.37266731262207,22.84000015258789,23.0,73324500,65.35819600804268,22.188465610116463,21.907813604517013,0.41688106532455294,0.24699747428947358,6381034500
2018-01-22,23.437332153320312,23.85533332824707,23.280000686645508,23.293333053588867,93156000,66.18352527692119,22.307405280897783,21.967794724077926,0.46269408432572234,0.29013679629672334,6474190500
2018-01-23,23.519332885742188,24.03333282470703,23.399999618530273,24.0,81981000,66.8626120084379,22.42282695754963,22.02863935786868,0.4998559771913378,0.33208063247564623,6556171500
2018-01-24,23.05933380126953,23.649999618530273,22.90133285522461,23.6386661529541,79312500,59.62865614972989,22.483446656951525,22.06905874780597,0.48657997224559324,0.36298050042963564,6476859000
2018-01-25,22.50933265686035,23.280000686645508,22.426666259765625,23.218000411987305,101104500,52.33749410966318,22.485911990276175,22.086324391298298,0.4267587377939712,0.37573614790250276,6375754500
2018-01-26,22.856666564941406,22.933332443237305,22.380666732788086,22.766666412353516,68091000,55.99676536176415,22.5212219497681,22.11653388830391,0.4027344500472445,0.3811358083314511,6443845500
2018-01-29,23.302000045776367,23.389999389648438,22.552000045776367,22.656667709350586,71206500,60.214378366443974,22.595581768435554,22.163022757224397,0.41484761395846803,0.38787816945685455,6515052000
2018-01-30,23.05466651916504,23.218000411987305,22.81133270263672,23.00933265686035,70765500,56.949589864626425,22.639304125647886,22.197989179261285,0.39988006659275754,0.3902785488840352,6444286500
2018-01-31,23.62066650390625,23.746000289916992,23.012666702270508,23.167333602905273,93211500,62.02396506789902,22.732767209291538,22.25378044689442,0.42874731383153986,0.39797230187353616,6537498000
2018-02-01,23.28333282470703,23.977333068847656,23.242000579833984,23.399999618530273,62965500,57.66161931272508,22.785202029807298,22.294155049945896,0.41956828453741224,0.4022914984063114,6474532500
2018-02-02,22.916667938232422,23.463333129882812,22.700666427612305,23.229333877563477,55572000,53.27548177423236,22.797722592514454,22.31856732007478,0.37834571184417953,0.39750234109388505,6418960500
2018-02-05,22.208667755126953,22.96466636657715,22.200000762939453,22.531333923339844,66961500,45.99941824854174,22.74162213181088,22.314257533214082,0.28525854527731553,0.37505358193057114,6351999000
2018-02-06,22.264667510986328,22.4146671295166,21.566667556762695,21.680667877197266,76326000,46.62040426927619,22.696197882208544,22.312312826460055,0.21354341187864279,0.3427515479201855,6428325000
2018-02-07,23.0,23.066667556762695,22.37733268737793,22.599332809448242,104538000,54.08668536780528,22.7251314172363,22.339280950912602,0.2135818003693366,0.3169175984100157,6532863000
2018-02-08,21.01533317565918,23.2413330078125,20.97333335876465,22.887332916259766,154719000,38.453346635666364,22.562293489467052,22.28736143031443,0.05285689595885401,0.2641054579197834,6378144000
2018-02-09,20.69466781616211,21.398666381835938,19.650667190551758,21.32866668701172,194005500,36.61200649056147,22.384424377723725,22.224902857210417,-0.09924967487486569,0.19143443136085359,6184138500
2018-02-12,21.048667907714844,21.205333709716797,20.416667938232422,21.075332641601562,93417000,40.02626935533267,22.25720947581812,22.178775996445886,-0.18905111566203914,0.11533732195627505,6277555500
2018-02-13,21.577333450317383,21.612667083740234,20.833999633789062,21.001333236694336,68403000,44.80742538702323,22.192459378151383,22.15519001424477,-0.21508119133427073,0.0492536192981659,6345958500
2018-02-14,21.487333297729492,21.744667053222656,21.23466682434082,21.389333724975586,59260500,44.161968557107826,22.1253045133493,22.128999554773582,-0.2402035569097336,-0.008637815943414002,6286698000
2018-02-15,22.271333694458008,22.274667739868164,21.49333381652832,21.633333206176758,88693500,50.80944292431306,22.13921205440727,22.1345812857416,-0.19460761730066167,-0.045831776214863534,6375391500
2018-02-16,22.365999221801758,22.874666213989258,22.109333038330078,22.166667938232422,84639000,51.559331878325104,22.160810832254363,22.143656498920432,-0.14911488616868596,-0.06648839820562802,6460030500
2018-02-20,22.31800079345703,22.722667694091797,22.100000381469727,22.29800033569336,60141000,51.133692098866455,22.175781304749854,22.15049353007873,-0.1156020525153636,-0.07631112906757513,6399889500
2018-02-21,22.219999313354492,22.645999908447266,22.211332321166992,22.402000427246094,48294000,50.22205970370947,22.179992543664582,22.153219247069938,-0.09584593849298884,-0.08021809095265788,6351595500
2018-02-22,23.077999114990234,23.16266632080078,22.316667556762695,22.368667602539062,104547000,57.385324694471024,22.26551697902893,22.189485124243284,-0.010830811553031339,-0.06634063507273256,6456142500
2018-02-23,23.469999313354492,23.666000366210938,23.139999389648438,23.18866729736328,87261000,60.20310462086968,22.380229582298032,22.23970136695353,0.08717058078001827,-0.035638391902182404,6543403500
2018-02-26,23.827999114990234,23.933332443237305,23.49066734313965,23.566667556762695,65100000,62.633156171270365,22.518112394935386,22.301987553151047,0.19151729022237873,0.009792744522729824,6608503500
2018-02-27,23.39933204650879,23.999332427978516,23.333999633789062,23.75,71961000,58.06147069627128,22.602038076037616,22.345020670537625,0.236892213351382,0.055212638288460264,6536542500
2018-02-28,22.87066650390625,23.682666778564453,22.814666748046875,23.504667282104492,91045500,52.93024068047347,22.62762173583463,22.365634232630512,0.22756999059981098,0.0896841087507304,6445497000
2018-03-01,22.062000274658203,23.244667053222656,22.004667282104492,23.000667572021484,103284000,46.20381602285756,22.5737530252464,22.353727018592384,0.15316387767095918,0.10238006253477616,6342213000
2018-03-02,22.341333389282227,22.347999572753906,21.531333923339844,21.798667907714844,76392000,48.632156331039425,22.551617821821242,22.353240993913555,0.1154060162560171,0.10498525327902436,6418605000
2018-03-05,22.22333335876465,22.516666412353516,21.952667236328125,22.159332275390625,57357000,47.6535727506014,22.52035263486347,22.348146576848894,0.07509537007759803,0.0990072766387391,6361248000
2018-03-06,21.8799991607666,22.424667358398438,21.802000045776367,22.25,64285500,44.827162037751954,22.459366589711387,22.329787854649588,0.015268684256170673,0.08225955816222541,6296962500
2018-03-07,22.15333366394043,22.166667938232422,21.44933319091797,21.695999145507812,75109500,47.49700640805484,22.43022059678082,22.322868082464915,-0.009973615598674712,0.0638129234100454,6372072000
2018-03-08,21.940000534057617,22.219999313354492,21.751333236694336,22.19066619873047,53493000,45.6406515849193,22.383532971759564,22.307853668801883,-0.04665471427219714,0.04171939587359689,6318579000
2018-03-09,21.81133270263672,21.89933204650879,21.4913330078125,21.606666564941406,82602000,44.51071090865678,22.329037708033578,22.288382258364035,-0.08512588965087176,0.01635033876870316,6235977000
2018-03-12,23.034000396728516,23.1473331451416,21.766666412353516,21.907333374023438,123960000,55.727344189989296,22.39617701171881,22.317622185358722,-0.016762283485523,0.009727814317857929,6359937000
2018-03-13,22.78933334350586,23.1473331451416,21.766666412353516,21.907333374023438,89487000,53.401100002548,22.433620471889004,22.336120662148808,0.017472369902453266,0.011276725434776997,6270450000
2018-03-14,21.775333404541016,22.65399932861328,21.595333099365234,22.450666427612305,119511000,45.014490620162626,22.37092646547491,22.31412900498772,-0.036793607558891495,0.0016626588360432993,6150939000
2018-03-15,21.706666946411133,22.190000534057617,21.406667709350586,21.958667755126953,98472000,44.50476771183452,22.307663654135503,22.29030696347491,-0.08436805257106172,-0.015543483445377707,6052467000
2018-03-16,21.42333221435547,21.82666778564453,21.271333694458008,21.528667449951172,91759500,42.372668174186124,22.22344161225169,22.256307953705523,-0.1432822197095831,-0.04109123069821879,5960707500
2018-03-19,20.90399932861328,21.383333206176758,20.64466667175293,21.100000381469727,112264500,38.7118700415843,22.097780442381367,22.203276242917592,-0.2292354615472938,-0.0787200768680338,5848443000
2018-03-20,20.703332901000977,21.083332061767578,20.583999633789062,20.9913330078125,71464500,37.36845952934157,21.964975914630855,22.14445493539145,-0.3099729533772795,-0.12497065216988294,5776978500
2018-03-21,21.101999282836914,21.496000289916992,20.679332733154297,20.683332443237305,89376000,41.697311656536534,21.882787663983812,22.103574321565784,-0.33789392132124263,-0.1675553060001549,5866354500
2018-03-22,20.606666564941406,21.254667282104492,20.545333862304688,20.926000595092773,74097000,38.16754521682459,21.76125232121787,22.044872056600123,-0.3954324016642019,-0.2131307251329643,5792257500
2018-03-23,20.1026668548584,20.75,20.030000686645508,20.75,99823500,34.92768911382943,21.603291800612208,21.9687071467279,-0.4762111605530386,-0.26574681221697916,5692434000
2018-03-26,20.278667449951172,20.506000518798828,19.423999786376953,20.48933219909668,125628000,36.940713689966216,21.477137100549253,21.90243108018764,-0.5200325206374252,-0.3166039539010684,5818062000
2018-03-27,18.61199951171875,20.284666061401367,18.478666305541992,20.266666412353516,208080000,28.081537212949044,21.204266853993968,21.77339454809082,-0.6813927662532784,-0.3895617163715104,5609982000
2018-03-28,17.185333251953125,17.91200065612793,16.80666732788086,17.6386661529541,315021000,22.997327709591346,20.82151127284722,21.593470575693264,-0.9138575860617806,-0.49442089030956443,5294961000
2018-03-29,17.742000579833984,18.06399917602539,16.547332763671875,17.099332809448242,227560500,28.44138296061152,20.528224540179295,21.44243253663996,-1.04116730094049,-0.6037701724357496,5522521500
2018-04-02,16.832000732421875,17.35533332824707,16.305999755859375,17.083999633789062,241710000,25.293259232339324,20.17620322515478,21.26163128941572,-1.201638805542835,-0.7233438990571667,5280811500
2018-04-03,17.8353328704834,18.22333335876465,16.965999603271484,17.988000869750977,282666000,33.97130407582347,19.953263191376553,21.12726664553602,-1.2336325624595013,-0.8254016317376336,5563477500
2018-04-04,19.12933349609375,19.224666595458984,16.799999237060547,16.851999282836914,298450500,43.14428829948729,19.874793696587716,21.04891632595005,-1.1414152843545295,-0.8886043622610128,5861928000
2018-04-05,20.381332397460938,20.417333602905273,19.213333129882812,19.28933334350586,286816500,50.3337075890906,19.923035477623262,21.022736564048515,-0.9562831423187284,-0.902140118272556,6148744500
2018-04-06,19.953332901000977,20.618667602539062,19.700000762939453,20.066667556762695,202804500,48.09477211589673,19.925920946516378,20.980799165497633,-0.8344811886770138,-0.8886083323534476,5945940000
2018-04-09,19.310667037963867,20.633333206176758,19.28066635131836,20.024667739868164,153747000,44.8674611891162,19.867325336178045,20.91530378794729,-0.7808093429757612,-0.8670485344779104,5792193000
2018-04-10,20.31333351135254,20.47333335876465,19.57866668701172,19.931333541870117,164847000,50.45359148434405,19.90980230524228,20.89169711043377,-0.6498758495437649,-0.8236139974910813,5957040000
2018-04-11,20.062000274658203,20.59866714477539,19.977333068847656,20.049333572387695,112243500,49.11034964842166,19.92429734994856,20.859159979619044,-0.5599360106134696,-0.7708784001155591,5844796500
2018-04-12,19.60533332824707,20.26333236694336,19.57866668701172,20.154666900634766,114132000,46.6786243685559,19.893919824072228,20.80999030701622,-0.5195185597622647,-0.7206064320449003,5730664500
2018-04-13,20.022666931152344,20.26333236694336,19.73200035095215,20.239999771118164,109908000,49.15631436781522,19.906181453317952,20.779114880511756,-0.44864045690050247,-0.6662132370160208,5840572500
2018-04-16,19.413999557495117,19.977333068847656,19.267332077026367,19.933332443237305,95077500,45.8127238254947,19.85930698704911,20.72558094627581,-0.43655113025610603,-0.6202808156640378,5745495000
2018-04-17,19.179332733154297,19.47800064086914,18.833999633789062,19.257999420166016,105000000,44.55443293538551,19.794547534297223,20.664943761447514,-0.44082435456752833,-0.5843895234447359,5640495000
2018-04-18,19.55666732788086,20.016000747680664,19.21066665649414,19.405332565307617,98365500,47.07177304393422,19.771892276543284,20.62148194052333,-0.4090479175733037,-0.5493212022704496,5738860500
2018-04-19,20.005332946777344,20.067333221435547,19.23666763305664,19.405332565307617,91359000,49.97981842901769,19.79412472132748,20.597319234886236,-0.34369934443140693,-0.5081968307026411,5830219500
2018-04-20,19.349332809448242,19.998666763305664,19.316667556762695,19.67799949645996,84418500,46.00021734293197,19.751763586862793,20.548378590751412,-0.34091401352960204,-0.4747402672680333,5745801000
2018-04-23,18.891332626342773,19.441333770751953,18.82200050354004,19.41933250427246,73401000,43.40185584936,19.66981778109898,20.48339639606872,-0.3713823413781441,-0.4540686820900555,5672400000
2018-04-24,18.8973331451416,19.139333724975586,18.56399917602539,19.0,85279500,43.446927527158444,19.596247815769708,20.421197837208833,-0.39054258715156465,-0.44136346310235736,5757679500
2018-04-25,18.71266746520996,19.01066780090332,18.483333587646484,18.899999618530273,60204000,42.32973215838848,19.51209730619259,20.354196646150054,-0.4158347132973468,-0.43625771314135525,5697475500
2018-04-26,19.031999588012695,19.05266761779785,18.433332443237305,18.583332061767578,65340000,44.96514689920619,19.466373713984982,20.30234578112506,-0.4054378369395799,-0.4300937379010002,5762815500
2018-04-27,19.60533332824707,19.631332397460938,18.922000885009766,19.024667739868164,65469000,49.43314066900367,19.479607962962323,20.27501195944357,-0.3469357370173398,-0.41346213772426815,5828284500
2018-04-30,19.593332290649414,19.915332794189453,19.5,19.573999404907227,63423000,49.34283919035305,19.490438851313474,20.248279423412427,-0.2981044225616394,-0.3903905946917424,5764861500
2018-05-01,19.994667053222656,20.05466651916504,19.54800033569336,19.567333221435547,69384000,52.469776540887395,19.538460584828634,20.23833384026773,-0.2244337601182913,-0.3571992277770522,5834245500
2018-05-02,20.07666778564453,20.456666946411133,19.851999282836914,19.904666900634766,134556000,53.1066964146348,19.58971841347777,20.23199399498839,-0.15761556148522615,-0.317282494518687,5968801500
2018-05-03,18.963333129882812,19.202667236328125,18.34866714477539,18.586000442504883,260281500,44.40607934964162,19.53006267218301,20.182242588513663,-0.19228195319831087,-0.2922823862546118,5708520000
2018-05-04,19.606000900268555,19.790666580200195,18.634666442871094,18.866666793823242,128541000,49.544769580246296,19.537294884381634,20.15964487524915,-0.16598403962995079,-0.2670227169296796,5837061000
2018-05-07,20.184667587280273,20.3973331451416,19.67799949645996,19.833332061767578,130173000,53.69506541608776,19.59894942751484,20.1606261580739,-0.09732726006827619,-0.23308362555739892,5967234000
2018-05-08,20.131332397460938,20.516666412353516,19.933332443237305,20.053333282470703,88950000,53.2602091073663,19.649652567509705,20.1594773831479,-0.04668185236231537,-0.19580327091838223,5878284000
2018-05-09,20.456666946411133,20.46733283996582,20.003332138061523,20.027332305908203,85911000,55.62116730630376,19.726511079786032,20.17113187582489,0.019482198632537973,-0.1527461770081982,5964195000
2018-05-10,20.334667205810547,20.865999221801758,20.27400016784668,20.5,84774000,54.50921824810874,19.784430710835988,20.177545026020407,0.06136593792666645,-0.10992375402122528,5879421000
2018-05-11,20.070667266845703,20.591999053955078,19.93866729736328,20.51333236694336,70194000,52.08278368871269,19.811691335217866,20.17335374134689,0.0724216822661603,-0.07345466676374816,5809227000
2018-05-14,19.46466636657715,20.32933235168457,19.441333770751953,20.221332550048828,109302000,46.91971266297796,19.778641338204466,20.145562079591215,0.03191631974985398,-0.052380469461027736,5699925000
2018-05-15,18.94533348083496,19.130666732788086,18.700000762939453,19.000667572021484,142788000,42.98686667039464,19.699278685121655,20.098494291404695,-0.041610634015860626,-0.05022650237199432,5557137000
2018-05-16,19.09866714477539,19.253999710083008,18.770666122436523,18.922000885009766,85110000,44.46692785248187,19.642077586041058,20.05928538369374,-0.08651128119299756,-0.057483458136194966,5642247000
2018-05-17,18.96933364868164,19.279333114624023,18.931333541870117,19.059999465942383,66309000,43.44250834608926,19.57800673486397,20.01654217839915,-0.1310211693399097,-0.07219100037693792,5575938000
2018-05-18,18.454666137695312,18.976667404174805,18.266666412353516,18.976667404174805,108778500,39.53890426815336,19.471021916086002,19.955292137587236,-0.20545656783181343,-0.09884411386791303,5467159500
2018-05-21,18.965999603271484,19.432666778564453,18.753332138061523,18.755332946777344,137739000,44.84191155091735,19.42292455296081,19.916496351927794,-0.2206433805891166,-0.12320396721215375,5604898500
2018-05-22,18.333999633789062,19.200000762939453,18.22800064086914,19.18400001525879,134187000,40.15406631664825,19.319217417801596,19.854437657098824,-0.2804433781145015,-0.1546518493926233,5470711500
2018-05-23,18.60466766357422,18.660667419433594,18.266666412353516,18.517332077026367,89776500,42.9068841954764,19.25116506025613,19.805427069117467,-0.3025075404308488,-0.18422298760026842,5560488000
2018-05-24,18.523332595825195,18.74066734313965,18.326000213623047,18.559999465942383,62650500,42.27755447007354,19.18184768269128,19.755148854478556,-0.32283516542300106,-0.21194542316481496,5497837500
2018-05-25,18.59000015258789,18.642667770385742,18.374000549316406,18.5086669921875,58126500,43.01534081413119,19.12548125125286,19.709456748522058,-0.3297641244594516,-0.23550916342374228,5555964000
2018-05-29,18.917333602905273,19.100000381469727,18.40999984741211,18.567333221435547,84999000,46.622806101715824,19.105657665695947,19.678393095752774,-0.3053227302380819,-0.24947187678661023,5640963000
2018-05-30,19.447999954223633,19.667333602905273,18.773332595825195,18.88599967956543,112345500,51.935166092884394,19.138261693174773,19.669358070594768,-0.2403616699282729,-0.2476498354149428,5753308500
2018-05-31,18.98200035095215,19.357999801635742,18.86199951171875,19.1473331451416,88795500,47.467536760149244,19.123379660582142,19.642402865902902,-0.22390084550289302,-0.24290003743253286,5664513000
2018-06-01,19.454666137695312,19.463333129882812,18.922666549682617,19.05733299255371,81366000,51.97978527405824,19.15493075364054,19.63504064126731,-0.17074707875702444,-0.2284694456974312,5745879000
2018-06-04,19.78266716003418,19.933332443237305,19.56999969482422,19.62266731262207,71967000,54.876299503514026,19.214715173297076,19.64082991651307,-0.10099123033642599,-0.20297380262523015,5817846000
2018-06-05,19.408666610717773,19.85333251953125,19.115999221801758,19.84666633605957,89928000,51.091994341486945,19.233186738765713,19.63172547314855,-0.07502311678613793,-0.17738366545741172,5727918000
2018-06-06,21.299999237060547,21.47800064086914,19.832000732421875,20.03333282470703,281509500,64.44507465693792,19.430026024317602,19.69714797369412,0.09705277276107793,-0.1224963778137138,6009427500
2018-06-07,21.07266616821289,22.0,20.905332565307617,21.07666778564453,215179500,62.24525469158912,19.58646794278382,19.751089863675247,0.21262921893402265,-0.055471258464166506,5794248000
2018-06-08,21.17733383178711,21.631999969482422,21.143333435058594,21.266666412353516,123078000,62.87362343214825,19.73797897983175,19.807020999679633,0.30910699785682283,0.017444392800031357,5917326000
2018-06-11,22.139999389648438,22.310667037963867,21.5,21.500667572021484,197752500,68.12777915952516,19.966742828385723,19.898510348305862,0.45796624809175057,0.10554876385837521,6115078500
2018-06-12,22.851333618164062,23.6646671295166,22.53333282470703,22.979999542236328,335211000,71.35382124878186,20.241465760745566,20.014307339280695,0.6261194880366965,0.20966290869403947,6450289500
2018-06-13,22.985332489013672,23.14666748046875,22.65333366394043,23.11400032043457,142047000,71.93020152805025,20.502786401533005,20.130818129466302,0.7614175832404086,0.3200138436033133,6592336500
2018-06-14,23.847999572753906,23.916667938232422,23.106666564941406,23.17533302307129,164715000,75.36653076390166,20.82137813212547,20.276589950771697,0.9275599883480581,0.4415230725522623,6757051500
2018-06-15,23.878000259399414,24.31133270263672,23.416667938232422,23.589332580566406,162724500,75.47895684308422,21.112485001389654,20.417821727580627,1.0495512723289266,0.5631287125075952,6919776000
2018-06-18,24.722000122070312,24.915332794189453,23.633333206176758,23.69333267211914,181098000,78.45767807809766,21.456248346216384,20.58661303716846,1.2004954152355047,0.6906020530531771,7100874000
2018-06-19,23.503332138061523,24.666667938232422,23.083332061767578,24.3439998626709,191428500,65.99214455680092,21.65120870734449,20.70099417837995,1.2078599567914026,0.7940536338008223,6909445500
2018-06-20,24.148000717163086,24.29199981689453,23.46666717529297,23.869333267211914,125755500,68.8148111482224,21.888998422565308,20.836170905391054,1.2512916642431158,0.885501239889281,7035201000
2018-06-21,23.167333602905273,24.413999557495117,23.084667205810547,24.133333206176758,119506500,60.57790063921502,22.010744630216735,20.92758905039161,1.1928297659326574,0.9469669450979563,6915694500
2018-06-22,22.242000579833984,23.483333587646484,22.133333206176758,23.43600082397461,153991500,54.00877072595591,22.03276900637076,20.97913460056582,1.0596170430121354,0.9694969646807922,6761703000
2018-06-25,22.200666427612305,22.564666748046875,21.833332061767578,22.007999420166016,103969500,53.72848955692375,22.048759236965193,21.027037809469604,0.9398753813671235,0.9635726480180584,6657733500
2018-06-26,22.799999237060547,22.90333366394043,21.719999313354492,22.40333366394043,111787500,57.197033484151234,22.12030590364094,21.09656570859082,0.8831598833235468,0.9474900950791562,6769521000
2018-06-27,22.96666717529297,23.38599967956543,22.633333206176758,23.0,125005500,58.13683105090478,22.20091173903637,21.169903021010512,0.8419556120279061,0.9263831984689062,6894526500
2018-06-28,23.32866668701172,23.801332473754883,23.073999404907227,23.243999481201172,125970000,60.18178189516756,22.30831697217688,21.254560419677226,0.82895558146868,0.906897675068861,7020496500
2018-06-29,22.863332748413086,23.590667724609375,22.827333450317383,23.55533218383789,97386000,56.36989977074363,22.36117561753271,21.317649530608044,0.7722029290173289,0.8799587258585546,6923110500
2018-07-02,22.33799934387207,24.318666458129883,21.989999771118164,24.004667282104492,281397000,52.3394066252473,22.358968353374554,21.35766324877526,0.6770316285405791,0.8393733063949596,6641713500
2018-07-03,20.724000930786133,22.166000366210938,20.645999908447266,22.116666793823242,184239000,42.32620381425571,22.203257170270895,21.33281374610902,0.46599974902014196,0.764698594919996,6457474500
2018-07-05,20.610666275024414,20.959333419799805,19.74799919128418,20.917333602905273,262146000,41.72258915406087,22.051581846914086,21.304494237439037,0.2863099022237634,0.6690208563807496,6195328500
2018-07-06,20.593332290649414,20.80466651916504,20.133333206176758,20.329999923706055,132982500,41.62481521030738,21.91270093679364,21.276605533643366,0.14088169982946042,0.5633930250704918,6062346000
2018-07-09,21.233999252319336,21.23466682434082,20.53333282470703,20.799333572387695,113952000,46.605268798886684,21.84806268112942,21.27493469908164,0.07644407153603439,0.46600323436360036,6176298000
2018-07-10,21.49799919128418,21.845333099365234,21.280000686645508,21.637332916259766,142072500,48.55312032350741,21.81472330114416,21.283682326226838,0.04614741690406632,0.38203207087169355,6318370500
2018-07-11,21.263999938964844,21.46266746520996,21.004667282104492,21.053333282470703,73261500,46.919299993350734,21.762273457127083,21.282910467902838,0.003218218168029807,0.30626930033096084,6245109000
2018-07-12,21.11400032043457,21.548667907714844,20.851333618164062,21.428667068481445,85818000,45.85411309451651,21.700533158394464,21.27628654055114,-0.042418225831770684,0.23653179509841454,6159291000
2018-07-13,21.257999420166016,21.30533218383789,20.616666793823242,21.038667678833008,88047000,47.095818572035824,21.658387088086993,21.275569398575254,-0.06620276829369942,0.17598488241999177,6247338000
2018-07-16,20.67333221435547,21.01066780090332,20.416667938232422,20.78066635131836,117280500,42.80373263433331,21.5645723382078,21.251952254096047,-0.1307230528137886,0.1146432953732357,6130057500
2018-07-17,21.512666702270508,21.64933204650879,20.566667556762695,20.58733367919922,104943000,49.86721560462441,21.55962894430901,21.262176350102887,-0.11282795415323932,0.06914904546794069,6235000500
2018-07-18,21.59000015258789,21.700000762939453,21.083332061767578,21.666667938232422,84363000,50.47409257651256,21.562521440335573,21.275032185494457,-0.09135273889070206,0.037048688596212145,6319363500
2018-07-19,21.34866714477539,21.569332122802734,20.93400001525879,21.088666915893555,88729500,48.50092977988688,21.542154364567935,21.277919830956456,-0.09273800688497502,0.011091349499974713,6230634000
2018-07-20,20.905332565307617,21.549333572387695,20.78066635131836,21.415332794189453,77433000,45.01922474853937,21.481504669400287,21.263308565636894,-0.12813220886783228,-0.016753362173586688,6153201000
2018-07-23,20.213333129882812,20.366666793823242,19.52400016784668,20.12266731262207,164893500,40.17169100514505,21.36072642754148,21.22213305835242,-0.2096047470493403,-0.05532363914873741,5988307500
2018-07-24,19.82866668701172,20.514667510986328,19.503332138061523,20.294666290283203,143862000,37.739055188255065,21.214815976062454,21.167487318299845,-0.3017334918131809,-0.1046056096816261,5844445500
2018-07-25,20.582666397094727,20.641332626342773,19.633333206176758,19.78266716003418,106131000,44.79574600377639,21.154611254256004,21.144553164527096,-0.3103274489655412,-0.14574997753840913,5950576500
2018-07-26,20.44333267211914,20.713333129882812,20.242666244506836,20.323333740234375,69457500,43.80763676392452,21.086870436909635,21.11705432168757,-0.3246390521574334,-0.18152779246221398,5881119000
2018-07-27,19.812000274658203,20.512666702270508,19.689332962036133,20.483333587646484,85549500,39.55059668822266,20.965454230980928,21.065875731607985,-0.3825149547159725,-0.2217252249129657,5795569500
2018-07-30,19.344667434692383,19.739999771118164,19.075332641601562,19.726667404174805,102211500,36.707050359414225,20.81109358371535,20.99837736702306,-0.46078029062416803,-0.2695362380552062,5693358000
2018-07-31,19.875999450683594,19.88800048828125,19.271333694458008,19.483333587646484,76153500,41.827947194635634,20.72203699961709,20.954362546774455,-0.4744627685857168,-0.31052154416130834,5769511500
2018-08-01,20.055999755859375,20.200000762939453,19.53333282470703,19.865999221801758,151941000,43.49582104257371,20.658604881163974,20.919132633405237,-0.46541667690526367,-0.3415005707100994,5921452500
2018-08-02,23.30266761779785,23.332666397094727,21.54400062561035,21.895999908447266,348225000,63.70787686728252,20.91042037989101,21.012604593577496,-0.19403194170861937,-0.3120068449098034,6269677500
2018-08-03,23.211332321166992,23.666667938232422,22.8353328704834,23.187332153320312,204847500,63.02486646286963,21.129554850488724,21.098829210345713,0.013516609972999305,-0.24690215393324288,6064830000
2018-08-06,22.799333572387695,23.665332794189453,22.788000106811523,23.03066635131836,128464500,59.904978210243044,21.288581395431482,21.165515655915986,0.14310584161611573,-0.16890055482337119,5936365500
2018-08-07,25.30466651916504,25.83066749572754,22.610000610351562,22.922666549682617,463137000,69.7207841643849,21.671065692929915,21.327835297612026,0.44286065029177735,-0.04654831380034148,6399502500
2018-08-08,24.689332962036133,25.50933265686035,24.474666595458984,24.606000900268555,368568000,65.48066166916216,21.958519718559078,21.45965873543258,0.6235780012462797,0.08747694920898276,6030934500
2018-08-09,23.496667861938477,24.46733283996582,23.048667907714844,24.3700008392334,257757000,58.10467970167292,22.105010017928546,21.539541446275948,0.6629179918581585,0.20256515773881792,5773177500
2018-08-10,23.69933319091797,24.0,23.066667556762695,23.600000381469727,173280000,58.950847726536765,22.256850320118016,21.624239161752104,0.7023523356252817,0.3025225933161107,5946457500
2018-08-13,23.76066780090332,24.21266746520996,23.26799964904785,24.075332641601562,156958500,59.2192935633897,22.40007103257376,21.708020677012936,0.7301369631838206,0.38804546728965267,6103416000
2018-08-14,23.176000595092773,23.946666717529297,23.139999389648438,23.89666748046875,104796000,55.49379246118138,22.473969086146997,21.765588516937637,0.6969447778936981,0.44982532941046177,5998620000
2018-08-15,22.57933235168457,22.965999603271484,22.142667770385742,22.79400062561035,136519500,51.90506803208824,22.484003682864863,21.79750003986889,0.6153996471763499,0.48294019296363944,5862100500
2018-08-16,22.363332748413086,22.818666458129883,22.254667282104492,22.660667419433594,90960000,50.628639006927855,22.472511212917073,21.819689557851017,0.5272671730237093,0.49180558897565346,5771140500
2018-08-17,20.366666793823242,21.784666061401367,20.235332489013672,21.566667556762695,284379000,40.67187445292763,22.271954601574805,21.762708272987183,0.29293057526705013,0.45203058623393283,5486761500
2018-08-20,20.562667846679688,20.566667556762695,19.213333129882812,19.446666717529297,261034500,41.880199490277775,22.109165386822887,21.71564786411238,0.1216306971924972,0.3859506084256457,5747796000
2018-08-21,21.459999084472656,21.652666091918945,20.600000381469727,20.707332611083984,197583000,47.183784029524325,22.047340024694293,21.70562242177357,0.05761726528061928,0.32028393979664044,5945379000
2018-08-22,21.44266700744629,21.591999053955078,20.97800064086914,21.391332626342773,89190000,47.09439235231296,21.989752118289722,21.69531044474113,0.005425068717581638,0.2573121655808287,5856189000
2018-08-23,21.34000015258789,21.821332931518555,21.206666946411133,21.275999069213867,77209500,46.53202435798464,21.927870978699072,21.681376707793945,-0.04371802605661301,0.19710612725334037,5778979500
2018-08-24,21.521333694458008,21.59000015258789,21.293333053588867,21.3799991607666,54039000,47.71949730171189,21.889153142104686,21.675100511192536,-0.06725688584667822,0.14423352463333666,5833018500
2018-08-27,21.284666061401367,21.496000289916992,20.58733367919922,21.200000762939453,196189500,46.27498361362104,21.831582943942465,21.659789356298766,-0.10381202152892044,0.09462441540088525,5636829000
2018-08-28,20.790666580200195,21.2586669921875,20.746000289916992,21.227333068847656,114736500,43.32679874912569,21.732448052157487,21.625706110177255,-0.17067640813899132,0.041564250692909935,5522092500
2018-08-29,20.333999633789062,20.790000915527344,20.246000289916992,20.684667587280273,111711000,40.74266134827549,21.599262488503353,21.575050954240464,-0.25754727761113827,-0.01825805496789971,5410381500
2018-08-30,20.209999084472656,20.30666732788086,19.847999572753906,20.150667190551758,108250500,40.04425538909368,21.466951688119476,21.521519508367216,-0.33256527013323733,-0.08111949800096724,5302131000
2018-08-31,20.110666275024414,20.354000091552734,19.906667709350586,20.133333206176758,80626500,39.46070657237452,21.33778164877709,21.46619193058907,-0.3954741177902008,-0.14399042195881395,5221504500
2018-09-04,19.26333236694336,19.87933349609375,19.200000762939453,19.79599952697754,125257500,34.8017883977373,21.14021505050721,21.379805281034336,-0.5078484370516634,-0.21676202497738384,5096247000
2018-09-05,18.715999603271484,19.118667602539062,18.478666305541992,19.003332138061523,115812000,32.16045089364292,20.909337388865712,21.27534231327893,-0.6337654211870145,-0.30016270421931,4980435000
2018-09-06,18.729999542236328,19.411333084106445,18.591999053955078,18.98666763305664,112212000,32.3019838757623,20.701781403472438,21.17552494970863,-0.7240791267752122,-0.38494598873049046,5092647000
2018-09-07,17.549333572387695,17.889999389648438,16.816667556762695,17.34000015258789,337378500,27.156421647450784,20.401548276702464,21.03332136628428,-0.8807702939701301,-0.4841108497784184,4755268500
2018-09-10,19.03333282470703,19.068666458129883,18.066667556762695,18.21733283996582,214252500,40.07716035864475,20.27124204317909,20.954890443085173,-0.8751150539068284,-0.5623116906041005,4969521000
2018-09-11,18.62933349609375,18.799999237060547,18.23666763305664,18.631332397460938,137550000,38.096054352928235,20.114869800599532,20.86369213143845,-0.8929393558103484,-0.6284372236453502,4831971000
2018-09-12,19.369333267211914,19.5,18.57666778564453,18.762666702270508,150231000,43.595975813757754,20.04386632122928,20.805089823037413,-0.8376969968613999,-0.6702891782885602,4982202000
2018-09-13,19.297332763671875,19.666667938232422,19.011999130249023,19.201332092285156,95104500,43.193862153918516,19.972767887176193,20.745962095219156,-0.7906131717922094,-0.69435397698929,4887097500
2018-09-14,19.68000030517578,19.82200050354004,19.101333618164062,19.250667572021484,101484000,46.04242385909513,19.944885260319012,20.704159672080202,-0.7141881126944725,-0.6983208041303266,4988581500
2018-09-17,19.6560001373291,20.058000564575195,19.208667755126953,19.336000442504883,103314000,45.887007246766274,19.91737239146283,20.663055376599768,-0.6480865770735349,-0.6882739587189682,4885267500
2018-09-18,18.997333526611328,20.176000595092773,18.366666793823242,19.779333114624023,248212500,41.724400200860856,19.829749642429356,20.597732951110025,-0.6414552280594208,-0.6789102125870587,4637055000
2018-09-19,19.934667587280273,20.0,18.700000762939453,18.700666427612305,124423500,48.83724074519957,19.839741827653253,20.571730387822583,-0.554176608145319,-0.6539634916987108,4761478500
2018-09-20,19.8886661529541,20.398666381835938,19.55533218383789,20.237333297729492,110241000,48.52421755035096,19.844401287205713,20.544943555082643,-0.48315015017430696,-0.6198008233938301,4651237500
2018-09-21,19.940000534057617,20.038667678833008,19.691333770751953,19.84666633605957,75757500,48.917692913736786,19.853505977382085,20.521220299356173,-0.41790160540614707,-0.5794209797962936,4726995000
2018-09-24,19.978666305541992,20.200000762939453,19.57200050354004,19.898666381835938,72645000,49.23247039209365,19.86542600863541,20.499943672147776,-0.35893409020833644,-0.5353236018787022,4799640000
2018-09-25,20.06599998474121,20.30666732788086,19.766666412353516,20.0,67225500,49.98218780853093,19.88452829207406,20.482926272641638,-0.30167726383281135,-0.48859433426952403,4866865500
2018-09-26,20.6386661529541,20.926000595092773,20.073999404907227,20.12733268737793,117648000,54.70564616844023,19.956350945491206,20.4890337189284,-0.2076972381389055,-0.43241491504340035,4984513500
2018-09-27,20.501333236694336,20.997333526611328,20.46066665649414,20.860000610351562,127636500,53.40319795786768,20.008254020843886,20.489516052958436,-0.1426545761357545,-0.3744628472618712,4856877000
2018-09-28,17.65133285522461,18.53333282470703,17.37066650390625,18.017332077026367,504745500,34.85648751923486,19.783785338403955,20.37821475108652,-0.3174199901692063,-0.3630542758433382,4352131500
2018-10-01,20.713333129882812,20.762666702270508,20.06999969482422,20.384666442871094,326664000,53.529732343222136,19.87231369949718,20.39135664829422,-0.20646500785607813,-0.33173642224588623,4678795500
2018-10-02,20.06800079345703,21.12266731262207,19.94333267211914,20.93000030517578,176152500,50.25984599193804,19.890950565588593,20.3786760265359,-0.16866109119621697,-0.2991213560359524,4502643000
2018-10-03,19.65333366394043,20.30666732788086,19.437999725341797,20.222000122070312,119925000,48.221494303767926,19.868320384479244,20.350231228002745,-0.17019943358999967,-0.2733369715467619,4382718000
2018-10-04,18.788667678833008,19.600000381469727,18.511333465576172,19.59666633605957,147213000,44.19638091110033,19.76549631727484,20.288993441760795,-0.23844129685762994,-0.2663578366089355,4235505000
2018-10-05,17.463333129882812,18.325332641601562,17.333332061767578,18.309999465942383,269167500,38.84425762297961,19.546242680380363,20.178183233451854,-0.3949145577743636,-0.29206918084202116,3966337500
2018-10-08,16.70400047302246,17.85066795349121,16.600000381469727,17.634666442871094,202090500,36.14364327608706,19.275552946346277,20.041940772258545,-0.5735806629398716,-0.3483714772615913,3764247000
2018-10-09,17.520000457763672,17.784666061401367,16.886667251586914,17.016666412353516,180909000,40.89890097673296,19.10835747124317,19.943041152082277,-0.6419306820167989,-0.4070833182126328,3945156000
2018-10-10,17.125333786010742,17.700666427612305,16.51799964904785,17.640666961669922,192229500,39.37175794988932,18.919498072649606,19.83254282400104,-0.7196491986184235,-0.46959649429379097,3752926500
2018-10-11,16.815332412719727,17.483333587646484,16.601999282836914,17.16866683959961,122515500,38.166262551522834,18.719101343132476,19.71422084708805,-0.7970680981144938,-0.5350908150579315,3630411000
2018-10-12,17.25200080871582,17.465999603271484,16.80066680908203,17.399999618530273,108021000,40.91075486532552,18.57937748271184,19.617663198524433,-0.8138065878041552,-0.5908339696071763,3738432000
2018-10-15,17.305999755859375,17.552000045776367,16.96933364868164,17.270666122436523,93000000,41.25797400530106,18.458103413487798,19.527009730184627,-0.8133390316600533,-0.6353349820177517,3831432000
2018-10-16,18.439332962036133,18.492000579833984,17.482667922973633,17.713333129882812,142896000,48.14515589646844,18.456315751444784,19.484355739276843,-0.7132955449386351,-0.6509270946019284,3974328000
2018-10-17,18.118667602539062,18.84666633605957,17.719999313354492,18.82666778564453,129832500,46.48449903805683,18.424158784882334,19.430799341757716,-0.6523653142770236,-0.6512147385369474,3844495500
2018-10-18,17.5939998626709,18.066667556762695,17.53333282470703,17.952667236328125,81318000,43.82115006181683,18.345096030386006,19.358767989636664,-0.6390474283147931,-0.6487812764925166,3763177500
2018-10-19,17.333332061767578,17.977333068847656,16.899999618530273,17.826000213623047,140632500,42.51774951375441,18.248737557184253,19.27933912972023,-0.6421246080082987,-0.647449942795673,3622545000
2018-10-22,17.39666748046875,17.457332611083984,16.839332580566406,17.3786678314209,84004500,42.96166967881427,18.16758802606849,19.20550886896527,-0.6321654463560122,-0.6443930435077408,3706549500
2018-10-23,19.609333038330078,19.86199951171875,17.47333335876465,17.591333389282227,285417000,55.803176357473184,18.304897074855308,19.221345110901147,-0.4406495863562405,-0.6036443520774408,3991966500
2018-10-24,19.233333587646484,20.29599952697754,19.048667907714844,20.06999969482422,300874500,53.59502043311418,18.39331959988304,19.221815247244102,-0.31557415836130787,-0.5460303133342143,3691092000
2018-10-25,20.99066734313965,21.399999618530273,20.067333221435547,21.148000717163086,312610500,61.30239740951284,18.640686051621763,19.29118199610275,-0.07379813418506842,-0.4515838775043851,4003702500
2018-10-26,22.059999465942383,22.65999984741211,20.44333267211914,20.549999237060547,411382500,65.1007963653055,18.96633494822373,19.399763073351362,0.20177137756331476,-0.3209128264908451,4415085000
2018-10-29,22.323333740234375,23.143999099731445,21.766666412353516,22.49799919128418,217290000,65.98621953120704,19.28604911889141,19.514412903425207,0.43638075049986114,-0.1694541110927039,4632375000
2018-10-30,21.99333381652832,22.52666664123535,21.483999252319336,21.892667770385742,136900500,63.80168630064651,19.54388575676159,19.61162548825278,0.5888937325277297,-0.01778454236861718,4495474500
2018-10-31,22.488000869750977,22.799999237060547,21.940000534057617,22.16933250427246,114364500,65.63808347512055,19.82427767228439,19.724424522821337,0.7411335405556159,0.13399907421622945,4609839000
2018-11-01,22.95199966430664,23.189332962036133,22.315332412719727,22.55066680908203,120001500,67.31317875390423,20.12215595723889,19.850996096997232,0.8889779260057722,0.28499484457413804,4729840500
2018-11-02,23.0939998626709,23.280000686645508,22.727333068847656,22.916000366210938,117120000,67.83003469273415,20.405188710137175,19.978172715258946,1.0060072703048277,0.429197329720276,4846960500
2018-11-05,22.760000228881836,22.930667877197266,22.00933265686035,22.700000762939453,117465000,65.21784338918177,20.629456473827144,20.087263990302983,1.0595886117718543,0.5552755861305917,4729495500
2018-11-06,22.737333297729492,23.253332138061523,22.4060001373291,22.60466766357422,101443500,65.03479742827733,20.83020664753213,20.19118827686873,1.0876850231225106,0.6617574735289755,4628052000
2018-11-07,23.21066665649414,23.41200065612793,22.719999313354492,22.889333724975586,110617500,67.11070202698329,21.05691712457613,20.309599193716785,1.1350613965537093,0.7564182581339223,4738669500
2018-11-08,23.426666259765625,23.838666915893555,23.229333877563477,23.233333587646484,106360500,68.04311082485441,21.2826075184037,20.431837117875563,1.176475202818569,0.8404296470708517,4845030000
2018-11-09,23.367332458496094,23.600000381469727,23.01533317565918,23.266666412353516,76482000,67.47720683126704,21.481152750793452,20.546954582213623,1.1907816115821461,0.9105000399731106,4768548000
2018-11-12,22.0853328704834,23.318666458129883,22.022666931152344,23.224666595458984,104122500,56.536235463550156,21.538693714573448,20.607283142537927,1.086152402178442,0.9456305124141768,4664425500
2018-11-13,22.582000732421875,22.979999542236328,22.14666748046875,22.21066665649414,81729000,59.29021346154785,21.63805628770187,20.68472304802357,1.0314203735161733,0.9627884846345762,4746154500
2018-11-14,22.933332443237305,23.140666961669922,22.476667404174805,22.84666633605957,75604500,61.16475534121833,21.761415921562385,20.77290380862019,1.004811537409747,0.9711930951896105,4821759000
2018-11-15,23.229333877563477,23.238666534423828,22.6026668548584,22.82200050354004,69385500,62.722183205184685,21.901217631657726,20.869234399559144,0.9961259649944374,0.976179669150576,4891144500
2018-11-16,23.62066650390625,23.713333129882812,23.007999420166016,23.012666702270508,108093000,64.73569487457816,22.064974667109965,20.977133697768835,1.0091865839785115,0.9827810521161631,4999237500
2018-11-19,23.564666748046875,24.450000762939453,23.525333404541016,23.756000518798828,145633500,64.20128782255708,22.20780248434205,21.078605582093466,1.003451343866388,0.9869151104662081,4853604000
2018-11-20,23.166000366210938,23.31999969482422,22.23666763305664,22.78333282470703,120070500,60.379835411875526,22.29905942547242,21.160464201078465,0.9557201327618081,0.9806761149253281,4733533500
2018-11-21,22.54599952697754,23.540000915527344,22.49333381652832,23.46666717529297,70302000,54.90622769985624,22.32257753037767,21.214798919741174,0.8579737308149653,0.9561356381032556,4663231500
2018-11-23,21.722000122070312,22.5,21.703332901000977,22.290000915527344,63039000,48.60041552922324,22.265379681967445,21.23468916296977,0.7058821672934741,0.9060849439412993,4600192500
2018-11-26,23.066667556762695,23.08133316040039,21.666667938232422,21.666667938232422,119881500,57.23233922838229,22.341692812900327,21.30653145292243,0.6859447870478981,0.8620569125626192,4720074000
2018-11-27,22.92799949645996,23.130666732788086,22.366666793823242,22.670000076293945,95374500,56.18446189237977,22.39753154466791,21.370118435021944,0.6514454582610014,0.8199346217022957,4624699500
2018-11-28,23.191333770751953,23.218666076660156,22.81399917602539,23.06599998474121,61914000,57.765884646347004,22.473131756675915,21.44153864426626,0.6379989124796168,0.78354747985776,4686613500
2018-11-29,22.744667053222656,23.166667938232422,22.636667251586914,23.133333206176758,46210500,54.19296202742253,22.49899226110894,21.492641719127295,0.5845616935889666,0.7437503226040013,4640403000
2018-11-30,23.365333557128906,23.440000534057617,22.55066680908203,22.788667678833008,84436500,58.07356748711267,22.581500955967982,21.566080614735203,0.5855451127915003,0.7121092806415011,4724839500
2018-12-03,23.89933204650879,24.399999618530273,23.46666717529297,24.0,124597500,61.12500206548455,22.70700867887663,21.65758067088319,0.6222408892364193,0.6941356023604848,4849437000
2018-12-04,23.979999542236328,24.57866668701172,23.46666717529297,23.73666763305664,126928500,61.579904046293194,22.828245903958507,21.748655920740173,0.6503350910762471,0.6853755001036372,4976365500
2018-12-06,24.20400047302246,24.492000579833984,23.384000778198242,23.733999252319336,117637500,62.87888965217243,22.959270148631266,21.844943942398302,0.682804011884393,0.6848612024597884,5094003000
2018-12-07,23.864667892456055,25.299333572387695,23.843332290649414,24.600000381469727,172668000,59.591934362632024,23.045498505186007,21.92414880318488,0.6733921170662818,0.6825673853810872,4921335000
2018-12-10,24.343332290649414,24.398666381835938,23.541332244873047,24.0,99202500,62.56469891342529,23.169101722849188,22.019018743869765,0.6965281957163363,0.6853595474481371,5020537500
2018-12-11,24.450666427612305,24.81133270263672,24.01533317565918,24.660667419433594,94632000,63.2181564487762,23.291155504255197,22.11437747656555,0.7152793771432897,0.6913435133871676,5115169500
2018-12-12,24.440000534057617,24.79400062561035,24.3439998626709,24.628000259399414,75405000,63.10028424172192,23.400569316617332,22.205578380780928,0.7209683012581252,0.6972684709613591,5039764500
2018-12-13,25.119333267211914,25.16266632080078,24.450000762939453,24.676666259765625,110488500,67.28432112820545,23.564261121435862,22.319843278288026,0.7714010575397978,0.7120949882770469,5150253000
2018-12-14,24.380666732788086,25.191333770751953,24.288667678833008,25.0,95064000,59.397672744115354,23.642014036802742,22.40065988434685,0.7431980398287834,0.7183155985873942,5055189000
2018-12-17,23.22800064086914,24.3799991607666,22.92533302307129,24.133333206176758,115110000,49.623015576984926,23.60258418957097,22.433104619896746,0.6206815936647558,0.6987887976028666,4940079000
2018-12-18,22.468666076660156,23.43666648864746,22.246000289916992,23.369333267211914,106500000,44.43531712717591,23.49459198834137,22.434499186828646,0.45704593307324615,0.6504402246969425,4833579000
2018-12-19,22.197999954223633,23.134000778198242,21.982667922973633,22.50666618347168,124113000,42.720896648209816,23.37110703271111,22.425224707118645,0.3020412555143288,0.5807604308604198,4709466000
2018-12-20,21.025333404541016,22.019332885742188,20.791332244873047,21.803333282470703,136078500,36.203617173815054,23.147700020504434,22.370327008978347,0.08361072918420831,0.48133049052517757,4573387500
2018-12-21,21.31800079345703,21.564666748046875,20.82933235168457,21.15999984741211,120252000,38.716398770822174,22.973442951261823,22.32905931425202,-0.06513044109463095,0.37203830420121586,4693639500
2018-12-24,19.69266700744629,20.96666717529297,19.68000030517578,20.899999618530273,83398500,31.334963798108078,22.66098809946987,22.225671380651796,-0.31057957519891133,0.23551472832119044,4610241000
2018-12-26,21.73933219909668,21.79800033569336,19.606000900268555,20.0,122446500,45.44090128446889,22.573211347053373,22.206599255884928,-0.3360769205313048,0.1211963985506914,4732687500
2018-12-27,21.075332641601562,21.47800064086914,20.100000381469727,21.32266616821289,128626500,42.39780728391468,22.43055623224844,22.162235859246366,-0.4051921623949717,0.01591868636155879,4604061000
2018-12-28,22.257999420166016,22.416000366210938,21.227333068847656,21.540000915527344,149085000,48.95477231342792,22.41412225014535,22.16599129300792,-0.36038091756056545,-0.059341234422866054,4753146000
2018-12-31,22.18666648864746,22.61400032043457,21.68400001525879,22.519332885742188,94534500,48.59546015873974,22.39245979666936,22.166802084993787,-0.32685586366545394,-0.11284416027138364,4658611500
2019-01-02,20.674667358398438,21.0086669921875,19.920000076293945,20.406667709350586,174879000,41.62203236149031,22.228860516834036,22.108286997676323,-0.4174802578852663,-0.17377137979416019,4483732500
2019-01-03,20.02400016784668,20.626667022705078,19.825332641601562,20.46666717529297,104478000,39.0266355162741,22.01887381693048,22.026550259251632,-0.5356297414019515,-0.24614305211571846,4379254500
2019-01-04,21.179332733154297,21.200000762939453,20.18199920654297,20.399999618530273,110911500,45.52241304438622,21.93891752323751,21.993326042541934,-0.529929676367388,-0.3029003769660524,4490166000
2019-01-07,22.33066749572754,22.44933319091797,21.183332443237305,21.447999954223633,113268000,51.111917102370086,21.976227044427038,22.00655511913745,-0.4275803602932413,-0.32783637363149015,4603434000
2019-01-08,22.356666564941406,22.93400001525879,21.801332473754883,22.797332763671875,105127500,51.2335964876444,22.01245937971412,22.020284979757214,-0.34044543921189785,-0.3303581867475717,4708561500
2019-01-09,22.568666458129883,22.899999618530273,22.097999572753906,22.366666793823242,81493500,52.276652014792475,22.065431482420383,22.04179013577183,-0.2513859461535084,-0.3145637386287591,4790055000
2019-01-10,22.99799919128418,23.025999069213867,22.119333267211914,22.293333053588867,90846000,54.40361604470294,22.154247454693127,22.079288530105647,-0.1444964279085177,-0.2805502764847108,4880901000
2019-01-11,23.150667190551758,23.227333068847656,22.584667205810547,22.805999755859375,75586500,55.16876959293786,22.24914457239395,22.121303379534908,-0.0469257521008295,-0.23382537160793457,4956487500
2019-01-14,22.293333053588867,22.833332061767578,22.266666412353516,22.825332641601562,78709500,50.0857778606508,22.253352999174417,22.128049641262514,-0.038338051187565725,-0.19472790752386082,4877778000
2019-01-15,22.961999893188477,23.253332138061523,22.299999237060547,22.333332061767578,90849000,53.671056048233254,22.320843179556707,22.160753572710593,0.022168049851430283,-0.1513487160488026,4968627000
2019-01-16,23.06999969482422,23.46666717529297,22.899999618530273,22.985332489013672,70375500,54.242740540724164,22.392191419105995,22.196410283381717,0.07793585621074328,-0.10549180159689342,5039002500
2019-01-17,23.15399932861328,23.433332443237305,22.94333267211914,23.08066749572754,55150500,54.71083920567218,22.464744553344783,22.233962794959425,0.12744124957274394,-0.05890519136296595,5094153000
2019-01-18,20.150667190551758,21.808666229248047,19.98200035095215,21.53333282470703,362262000,39.2501366664189,22.24435623307878,22.15226492811991,-0.074806846408638,-0.06208552237210036,4731891000
2019-01-22,19.92799949645996,20.53333282470703,19.700000762939453,20.321332931518555,181000500,38.38408154751857,22.023750829591272,22.065038832760695,-0.2501734972457186,-0.09970311734682401,4550890500
2019-01-23,19.172666549682617,19.633333206176758,18.779333114624023,19.5,187950000,35.520867454064074,21.752218993409496,21.95161246871842,-0.44497252146503286,-0.1687569981704658,4362940500
2019-01-24,19.43400001525879,19.57866668701172,18.618667602539062,18.868667602539062,120183000,37.264509176796125,21.53143623358562,21.85288256858275,-0.5716748135969958,-0.2493405612557718,4483123500
2019-01-25,19.80266761779785,19.90133285522461,19.303333282470703,19.625999450683594,108744000,39.740167014344536,21.366791603510595,21.772481982277462,-0.6350187971035695,-0.32647620842533137,4591867500
2019-01-28,19.7586669921875,19.83066749572754,19.183332443237305,19.527332305908203,96349500,39.539619002691566,21.213636878622683,21.69350884541119,-0.6809206141775981,-0.3973650895757847,4495518000
2019-01-29,19.83066749572754,19.90399932861328,19.453332901000977,19.684667587280273,69325500,40.07255590543241,21.081925508823147,21.620456243462815,-0.7033801672816615,-0.4585681051169601,4564843500
2019-01-30,20.584667205810547,20.600000381469727,19.89933204650879,20.030000686645508,168754500,45.49121403855082,21.0345675752029,21.57983706551567,-0.6528128298234464,-0.49741705005825737,4733598000
2019-01-31,20.468000411987305,20.770666122436523,19.600000381469727,20.066667556762695,188538000,44.81597182878913,20.980608797753796,21.5362356281224,-0.6150618358255748,-0.5209460072117209,4545060000
2019-02-01,20.81399917602539,21.073333740234375,20.233333587646484,20.3613338470459,109251000,47.31368106423147,20.964741214732044,21.507912630000952,-0.5508745535298978,-0.5269317164753563,4654311000
2019-02-04,20.859333038330078,21.020000457763672,20.125333786010742,20.865333557128906,110281500,47.648025732714814,20.954702340788998,21.482478136209938,-0.49069122307416535,-0.5196836177951182,4764592500
2019-02-05,21.42333221435547,21.496000289916992,20.816667556762695,20.832666397094727,101142000,51.75036008702335,20.99933375731914,21.480158688294075,-0.39295573106181436,-0.49433804044845747,4865734500
2019-02-06,21.148000717163086,21.615999221801758,21.041332244873047,21.305999755859375,75577500,49.702780528565015,21.013492515399516,21.467132885504626,-0.3338679780525382,-0.46224402796927366,4790157000
2019-02-07,20.500667572021484,20.979999542236328,20.200000762939453,20.886667251586914,97809000,45.17692479882369,20.964652044601607,21.429232284975875,-0.33540850248046894,-0.43687692287151275,4692348000
2019-02-08,20.386667251586914,20.496667861938477,19.899999618530273,20.455333709716797,87663000,44.40998103714124,20.909605873838302,21.38834738170572,-0.34188718960276887,-0.417878976217764,4604685000
2019-02-11,20.856000900268555,21.239999771118164,20.700000762939453,20.773332595825195,106945500,48.30121625139067,20.90450063826023,21.36747104910034,-0.30562721250059255,-0.3954286234743297,4711630500
2019-02-12,20.78733253479004,21.21266746520996,20.641332626342773,21.079999923706055,82764000,47.77429627792411,20.89334177126307,21.34472051912739,-0.27921328566382897,-0.37218555591222957,4628866500
2019-02-13,20.544666290283203,20.850000381469727,20.3713321685791,20.823333740234375,77124000,45.86992355004118,20.86013458259832,21.31334584348644,-0.2746946868701734,-0.35268738210381834,4551742500
2019-02-14,20.251333236694336,20.451332092285156,20.066667556762695,20.225332260131836,78012000,43.60709758160853,20.802153502036035,21.27169829027891,-0.29142383810878414,-0.34043467330481153,4473730500
2019-02-15,20.525333404541016,20.53333282470703,20.260000228881836,20.299999237060547,58573500,46.27326897128348,20.775789683226986,21.242429079073503,-0.2793520903551503,-0.3282181567148793,4532304000
2019-02-19,20.375999450683594,20.769332885742188,20.364667892456055,20.437332153320312,62526000,45.023876402839775,20.73771442298476,21.208451446587624,-0.2786233488005614,-0.31829919513201577,4469778000
2019-02-20,20.17066764831543,20.420000076293945,19.933332443237305,20.29400062561035,107131500,43.292989652405076,20.683709968254345,21.16775404273381,-0.291256947500262,-0.31289074560566504,4362646500
2019-02-21,19.415332794189453,20.215999603271484,19.366666793823242,20.12066650390625,133638000,37.571006338639336,20.562912142152925,21.099031640830113,-0.35809053088471643,-0.32193070266147533,4229008500
2019-02-22,19.6473331451416,19.766666412353516,19.47333335876465,19.632667541503906,86109000,40.185971243226625,20.47571414243756,21.042102288058015,-0.3878650707152751,-0.3351175762722353,4315117500
2019-02-25,19.917999267578125,20.19333267211914,19.799999237060547,19.860666275024414,99397500,43.176431119758256,20.422598440069994,20.99801981666665,-0.3851809873600587,-0.3451302584898,4414515000
2019-02-26,19.857332229614258,20.134000778198242,19.251333236694336,19.481332778930664,128737500,42.66158729498352,20.368763562883732,20.953286970115574,-0.38352808192092525,-0.35280982317602505,4285777500
2019-02-27,20.982667922973633,21.086666107177734,20.036666870117188,20.118667602539062,167758500,53.692143901388924,20.427230644797056,20.954439164345303,-0.2880920114436947,-0.339866260829559,4453536000
2019-02-28,21.325332641601562,21.333332061767578,20.720666885375977,21.261333465576172,157810500,56.440104914556834,20.512764168302247,20.968984006590645,-0.18270198423972062,-0.3084334055115914,4611346500
2019-03-01,19.652666091918945,20.475332260131836,19.459999084472656,20.46266746520996,343671000,43.020116563726205,20.430850065789553,20.917363696211364,-0.23148146564445327,-0.29304301753816375,4267675500
2019-03-04,19.02400016784668,19.933332443237305,18.851999282836914,19.874666213989258,256452000,39.24330644978988,20.296864361223566,20.843114146079415,-0.31721103088020186,-0.2978766202065714,4011223500
2019-03-05,18.43600082397461,18.933332443237305,18.00666618347168,18.799999237060547,281470500,36.05499585885091,20.11963926243795,20.74871754521256,-0.4276690592127572,-0.32383510800780857,3729753000
2019-03-06,18.416000366210938,18.767332077026367,18.292667388916016,18.43199920654297,155032500,35.94801214071559,19.957387938987758,20.657238440153673,-0.5109320061414877,-0.36125448763454443,3574720500
2019-03-07,18.439332962036133,18.979999542236328,18.28333282470703,18.589332580566406,141637500,36.185902408543534,19.812811274516175,20.5702617547373,-0.5684826320609453,-0.4027001165198246,3716358000
2019-03-08,18.94266700744629,19.03933334350586,18.392667770385742,18.46066665649414,132294000,41.25459440223159,19.72994039193809,20.506434509745496,-0.5669417156168493,-0.43554843633922957,3848652000
2019-03-11,19.39466667175293,19.41866683959961,18.700000762939453,18.90133285522461,110884500,45.445217358951304,19.698009561444266,20.46283577100069,-0.523216617368476,-0.4530820725450789,3959536500
2019-03-12,18.890666961669922,19.204666137695312,18.737333297729492,19.099332809448242,112561500,41.85950363775354,19.621119790037184,20.401182092203406,-0.523201584304509,-0.4671059748969649,3846975000
2019-03-13,19.263999938964844,19.465999603271484,18.84666633605957,18.926666259765625,102670500,45.3022694838718,19.587108375649343,20.356586713645033,-0.48744584699947424,-0.4711739493174668,3949645500
2019-03-14,19.33066749572754,19.69266700744629,19.21933364868164,19.496667861938477,106551000,45.91813134319045,19.56268543470441,20.316354587452192,-0.44855894461703016,-0.4666509483773795,4056196500
2019-03-15,18.36199951171875,18.9146671295166,18.293333053588867,18.900667190551758,221782500,39.040021063591055,19.448334394420062,20.239713211933235,-0.49025287515436844,-0.47137133373277734,3834414000
2019-03-18,17.965999603271484,18.536666870117188,17.81999969482422,18.399999618530273,154215000,36.62475760454926,19.30715965240591,20.150547972377872,-0.5489218689825002,-0.48688144078272194,3680199000
2019-03-19,17.83133316040039,18.219999313354492,17.56399917602539,17.833332061767578,177009000,35.81333295896965,19.166604748405387,20.059598371908166,-0.5993747072366205,-0.5093800940735017,3503190000
2019-03-20,18.239999771118164,18.33133316040039,17.753332138061523,17.979333877563477,103623000,40.14698388770208,19.078356655330413,19.98824156403405,-0.5994726177518324,-0.5273985988091678,3606813000
2019-03-21,18.26799964904785,18.43000030517578,17.89666748046875,18.17333221435547,89206500,40.443677801418644,19.001179797589216,19.920781096779688,-0.5904841229901372,-0.5400157036453618,3696019500
2019-03-22,17.635332107543945,18.18666648864746,17.600000381469727,18.172000885009766,131184000,36.090382023177845,18.871099065203953,19.831155646221426,-0.6271818968097449,-0.5574489422782384,3564835500
2019-03-25,17.3613338470459,17.545333862304688,16.964000701904297,17.31399917602539,153225000,34.36516814867581,18.727311901569852,19.734299889391014,-0.6706437529553249,-0.5800879044136557,3411610500
2019-03-26,17.851333618164062,18.017332077026367,17.6286678314209,17.62933349609375,110263500,39.898299473919046,18.64388539838835,19.660458074833095,-0.6579641000690124,-0.595663143544727,3521874000
2019-03-27,18.32200050354004,18.357999801635742,17.8786678314209,17.916667938232422,131688000,44.71904889231915,18.61322969411708,19.607969542625526,-0.6029856563808664,-0.5971276461119549,3653562000
2019-03-28,18.57466697692871,18.68866729736328,18.34000015258789,18.477333068847656,101611500,47.16888069181119,18.609557054384855,19.567447873382513,-0.5328840156553767,-0.5842789200206393,3755173500
2019-03-29,18.657333374023438,18.67733383178711,18.299999237060547,18.579999923706055,89869500,47.98112705251798,18.61410718006472,19.531757108701765,-0.465293855026367,-0.5604819070217849,3845043000
2019-04-01,19.278667449951172,19.280000686645508,18.75200080871582,18.841333389282227,121656000,53.738195311761494,18.67739863433962,19.52183202404488,-0.3574709954279065,-0.5198797247030092,3966699000
2019-04-02,19.058666229248047,19.29599952697754,18.92533302307129,19.219999313354492,82183500,51.56220708802441,18.713709833854708,19.503668659543045,-0.2864706074176482,-0.4731979012459371,3884515500
2019-04-03,19.45400047302246,19.744667053222656,19.14466667175293,19.154666900634766,118791000,55.08200592931106,18.784213704251638,19.50172088752263,-0.19604226565646243,-0.4177667741280422,4003306500
2019-04-04,17.851999282836914,18.079999923706055,17.37266731262207,17.459333419799805,355810500,41.820199574007255,18.695431378402617,19.437025922632994,-0.2507547165916293,-0.3843643626207596,3647496000
2019-04-05,18.33066749572754,18.406667709350586,17.74066734313965,17.99066734313965,195574500,46.00346358829383,18.66069196100499,19.39363931765631,-0.2525786344829868,-0.3580072169932051,3843070500
2019-04-08,18.213333129882812,18.743999481201172,18.029333114624023,18.512666702270508,156156000,45.14653855266256,18.618086358040973,19.34735280048872,-0.2604892473771301,-0.3385036230699901,3686914500
2019-04-09,18.15399932861328,18.333332061767578,17.974000930786133,18.110000610351562,88560000,44.69316618365829,18.573887593333573,19.30055462512106,-0.26845166330854653,-0.3244932311177014,3598354500
2019-04-10,18.40399932861328,18.558666229248047,18.19266700744629,18.44933319091797,105919500,47.10351514370344,18.55770775859831,19.26539559388546,-0.2516877252114149,-0.30993212993644415,3704274000
2019-04-11,17.89466667175293,18.03333282470703,17.706666946411133,17.886667251586914,147538500,42.992578221373584,18.49456098842256,19.211641518507715,-0.2763158748254675,-0.30320887891424886,3556735500
2019-04-12,17.84666633605957,18.1299991607666,17.788667678833008,18.014667510986328,101190000,42.61511159425883,18.43285673581656,19.15811307998034,-0.2962916213895035,-0.3018254274092998,3455545500
2019-04-15,17.7586669921875,17.92533302307129,17.242000579833984,17.908666610717773,150579000,41.888997478269296,18.36864818880427,19.103232841243365,-0.3155854830646305,-0.30457743854036595,3304966500
2019-04-16,18.224000930786133,18.333332061767578,17.648000717163086,17.71666717529297,109093500,47.028849688074345,18.354872259469207,19.068753158480337,-0.28998468462485505,-0.3016588877572638,3414060000
2019-04-17,18.082000732421875,18.319332122802734,17.902666091918945,18.316667556762695,76897500,45.70047115949113,18.328884494988507,19.030056984909418,-0.27795006139056255,-0.29691712248392355,3337162500
2019-04-18,18.21733283996582,18.32266616821289,17.983333587646484,18.082000732421875,88144500,47.230285792281215,18.31826052784349,18.99818544981359,-0.25455797977738825,-0.2884452939426165,3425307000
2019-04-22,17.516666412353516,17.978666305541992,17.498666763305664,17.933332443237305,182206500,40.818296703817275,18.241918231130157,18.940086664030844,-0.2892235228269975,-0.2886009397194927,3243100500
2019-04-23,17.593332290649414,17.706666946411133,17.049999237060547,17.343332290649414,164158500,41.75013934908521,18.18014814156056,18.887272767035494,-0.30697134520605474,-0.2922750208168051,3407259000
2019-04-24,17.243999481201172,17.687999725341797,17.200000762939453,17.59000015258789,160912500,38.7557183661834,18.090991126288237,18.822830677394933,-0.3452450900435693,-0.302869034662158,3246346500
2019-04-25,16.5086669921875,17.266666412353516,16.404666900634766,17.0,327741000,33.335777178077464,17.940293589707213,18.732079160327974,-0.4299562272587387,-0.32828647318147414,2918605500
2019-04-26,15.675999641418457,16.44533348083496,15.408666610717773,16.433332443237305,335410500,28.478925441386522,17.724646547013045,18.612232904684465,-0.5578491721210455,-0.3741990129693884,2583195000
2019-04-29,16.097999572753906,16.26533317565918,15.477999687194824,15.723999977111816,250717500,33.74726322114036,17.569727787559792,18.513635519118562,-0.618029129589015,-0.4229650362933137,2833912500
2019-04-30,15.912667274475098,16.28066635131836,15.800000190734863,16.137332916259766,141969000,32.611131050880914,17.411912500599346,18.411636764426664,-0.6729199447945504,-0.4729560179935611,2691943500
2019-05-01,15.600666999816895,16.0,15.433333396911621,15.923333168029785,160566000,30.735208067860782,17.239412929096254,18.301402656010595,-0.7331458766827943,-0.5249939897314078,2531377500
2019-05-02,16.273332595825195,16.475332260131836,15.847999572753906,16.368000030517578,272389500,38.8962553107362,17.147405278308533,18.221870496787638,-0.7183165635041711,-0.5636585044859604,2803767000
2019-05-03,17.00200080871582,17.107332229614258,16.232667922973633,16.257333755493164,355602000,46.280119314897306,17.133557233585417,18.17403246980443,-0.6403848331934157,-0.5790037702274515,3159369000
2019-05-06,17.022666931152344,17.22333335876465,16.566667556762695,16.667999267578125,162508500,46.477663741829204,17.122996252401315,18.12888088005337,-0.5703807973060826,-0.5772791756431778,3321877500
2019-05-07,16.470666885375977,17.1473331451416,16.34000015258789,17.1200008392334,151971000,42.031648333213546,17.06086964601795,18.0638528802621,-0.5530684560624834,-0.572437031727039,3169906500
2019-05-08,16.32266616821289,16.706666946411133,16.280000686645508,16.46266746520996,92646000,40.90190547612453,16.99056455289366,17.995571048417034,-0.5450082065306496,-0.5669512666877612,3077260500
2019-05-09,16.131999969482422,16.245332717895508,15.795999526977539,16.133333206176758,100671000,39.431487137027155,16.908796497330684,17.922489829635285,-0.5476921156961119,-0.5630994364894314,2976589500
2019-05-10,15.968000411987305,16.132667541503906,15.73466682434082,15.983332633972168,105124500,38.16071545128853,16.819196870155125,17.845843185805954,-0.5566359737234059,-0.5618067439362263,2871465000
2019-05-13,15.133999824523926,15.498000144958496,14.966667175292969,15.46733283996582,162522000,32.43593138807026,16.658701913428345,17.739496387324305,-0.6238298013917429,-0.5742113554273297,2708943000
2019-05-14,15.487333297729492,15.633333206176758,15.199999809265137,15.286666870117188,108786000,36.76414890994289,16.5471429976475,17.651176266163723,-0.6411792206323987,-0.5876049284683436,2817729000
2019-05-15,15.463333129882812,15.496000289916992,15.016667366027832,15.288000106811523,109440000,36.59267359615189,16.443923010241342,17.565378496113492,-0.649379728063618,-0.5999598883873984,2708289000
2019-05-16,15.222000122070312,15.399999618530273,15.100000381469727,15.299332618713379,112249500,34.833297030763404,16.327549401844102,17.473481304974545,-0.667655924217696,-0.6134990955534579,2596039500
2019-05-17,14.0686674118042,14.815999984741211,13.928000450134277,14.797332763671875,266800500,27.92360470403696,16.112417783745062,17.339959191516886,-0.7663700157645668,-0.6440732795956797,2329239000
2019-05-20,13.690667152404785,13.733332633972168,13.016667366027832,13.520000457763672,307893000,26.096479840541107,15.88177486647456,17.196849699787002,-0.8651304213928146,-0.6882847079551068,2021346000
2019-05-21,13.67199993133545,13.826666831970215,13.06933307647705,13.184000015258789,270058500,26.005981160277102,15.671320110747025,17.058620297102628,-0.9341368944758273,-0.7374551452592509,1751287500
2019-05-22,12.84866714477539,13.595999717712402,12.785332679748535,13.273332595825195,280278000,22.328137693368674,15.402496018749726,16.89352409505058,-1.0432353290729992,-0.7986111820220007,1471009500
2019-05-23,13.03266716003418,13.29800033569336,12.414667129516602,12.956000328063965,398206500,24.884809047826934,15.176798032205388,16.74211794073621,-1.102144525000874,-0.8593178506177753,1869216000
2019-05-24,12.708666801452637,13.331999778747559,12.583333015441895,13.321999549865723,212049000,23.422761176464576,14.94173791499084,16.583943386254504,-1.1615845843183816,-0.9197711973578966,1657167000
2019-05-28,12.579999923706055,13.0,12.523332595825195,12.74666690826416,154693500,22.848652864360986,14.716810487249433,16.42692599556633,-1.2051810246373158,-0.9768531628137804,1502473500
2019-05-29,12.657333374023438,12.826000213623047,12.336000442504883,12.473333358764648,179529000,24.053546064220086,14.520669809799339,16.279098833937198,-1.2194344730141555,-1.0253694248538554,1682002500
2019-05-30,12.54800033569336,12.817333221435547,12.468000411987305,12.583333015441895,118897500,23.49488666815057,14.33279652655115,16.132781245770772,-1.2254267393526632,-1.065380887753617,1563105000
2019-05-31,12.343999862670898,12.661333084106445,12.273332595825195,12.34000015258789,156100500,22.447284823232167,14.143387320467316,15.984201583688424,-1.232430099837872,-1.098790730170468,1407004500
2019-06-03,11.9313325881958,12.445332527160645,11.799332618713379,12.36733341217041,195966000,20.45990844030922,13.932715441203362,15.825265544649499,-1.2567916024571986,-1.1303909046278142,1211038500
2019-06-04,12.90666675567627,12.932000160217285,11.973999977111816,12.073332786560059,207112500,35.08777240118046,13.83499651877221,15.710810690179962,-1.1837514033718222,-1.141063004376616,1418151000
2019-06-05,13.105999946594238,13.41866683959961,12.789999961853027,13.245332717895508,202662000,37.61299589301539,13.765568273802879,15.608661249255032,-1.0971349084781785,-1.1322773851969286,1620813000
2019-06-06,13.729999542236328,14.066666603088379,13.453332901000977,13.629332542419434,303633000,44.84630896042672,13.762180775558445,15.534988241136652,-0.9669922748381694,-1.0992203631251767,1924446000
2019-06-07,13.633333206176758,14.055999755859375,13.566666603088379,13.666666984558105,240052500,43.99531746409865,13.749909578474474,15.460413533883324,-0.8617200926709696,-1.0517203090343352,1684393500
2019-06-10,14.192000389099121,14.462667465209961,13.934000015258789,14.016667366027832,158775000,49.91098299169148,13.79201346520063,15.410671841931004,-0.7248556721909392,-0.986347381665656,1843168500
2019-06-11,14.473333358764648,14.726667404174805,14.233332633972168,14.609333038330078,174802500,52.62481135116484,13.856901074111489,15.373913470042128,-0.5869227335259648,-0.9064624520377178,2017971000
2019-06-12,13.950667381286621,14.892000198364258,13.933333396911621,14.863332748413086,227962500,47.47818905617378,13.86583119860436,15.318099897934069,-0.5138611902279937,-0.827942199675773,1790008500
2019-06-13,14.260666847229004,14.326666831970215,13.833999633789062,14.025333404541016,122524500,50.566188679591036,13.903434593711468,15.276631935161321,-0.4260339702444025,-0.7475605537894989,1912533000
2019-06-14,14.32800006866455,14.44333267211914,14.026666641235352,14.083333015441895,111501000,51.23681827044324,13.943869400849858,15.239430685494781,-0.34699707116559786,-0.6674478572647188,2024034000
2019-06-17,15.001999855041504,15.133333206176758,14.284667015075684,14.36533260345459,184752000,57.45823346898008,14.044643729820491,15.23011967253583,-0.2273528274337231,-0.5794288512985196,2208786000
2019-06-18,14.982666969299316,15.649333000183105,14.837332725524902,15.248000144958496,190737000,57.23267310325906,14.133979276437522,15.220415644957928,-0.1325657689288242,-0.49005623482458055,2018049000
2019-06-19,15.095333099365234,15.184666633605957,14.737333297729492,15.007332801818848,98626500,58.26100633467257,14.225536783383019,15.215510447091548,-0.04780407147466903,-0.4016058021545983,2116675500
2019-06-20,14.641332626342773,15.126667022705078,14.423333168029785,14.866666793823242,177952500,52.7561903888381,14.265136387474424,15.192993669807283,-0.017067120360247046,-0.3246980657957281,1938723000
2019-06-21,14.790666580200195,14.812000274658203,14.366666793823242,14.414667129516602,123031500,54.28621679857892,14.315186882019736,15.177216136881515,0.019121713673698082,-0.25593410990184284,2061754500
2019-06-24,14.909333229064941,15.057332992553711,14.73466682434082,14.88266658782959,86262000,55.518990743329915,14.371772248404994,15.166710924810278,0.05672316288410606,-0.19340265534465306,2148016500
2019-06-25,14.650667190551758,15.022666931152344,14.63266658782959,14.959333419799805,92731500,52.213653462093326,14.398333671466592,15.14647391562367,0.06490224209480822,-0.1417416758567608,2055285000
2019-06-26,14.618000030517578,15.148667335510254,14.539999961853027,14.687333106994629,127608000,51.79426876728243,14.419254277090495,15.125749449541079,0.06796479860081206,-0.09980038096524624,1927677000
2019-06-27,14.855999946594238,14.859999656677246,14.489999771118164,14.630000114440918,95095500,54.65209507156261,14.460849102757518,15.115171037660811,0.08857545813042478,-0.06212521314611204,2022772500
2019-06-28,14.897333145141602,15.011333465576172,14.720000267028809,14.732666969299316,102771000,55.14938815611701,14.502419011556002,15.106628375209079,0.10701123903483456,-0.02829792270992272,2125543500
2019-07-01,15.14466667175293,15.539999961853027,15.085332870483398,15.347332954406738,123201000,58.10969910474742,14.563585455384281,15.10812007311276,0.13996603543851016,0.005354868919763854,2248744500
2019-07-02,14.970000267028809,15.276666641235352,14.814666748046875,15.259332656860352,138885000,55.33217537167591,14.602291627921856,15.102703610129076,0.15025676346409966,0.03433524782863102,2109859500
2019-07-03,15.65999984741211,16.10466766357422,15.633999824523926,15.959333419799805,213016500,62.88028088118915,14.703025744063785,15.124558364532334,0.21164967344675745,0.06979813295225631,2322876000
2019-07-05,15.539999961853027,15.696666717529297,15.386667251586914,15.637999534606934,105985500,60.95123585665885,14.782737574329428,15.140850191878243,0.24776492916125648,0.10539149219405636,2216890500
2019-07-08,15.355999946594238,15.483332633972168,15.244000434875488,15.416000366210938,88207500,58.01243152905752,14.8373339907356,15.149287437161224,0.2585587615760616,0.13602494607045743,2128683000
2019-07-09,15.337332725524902,15.399999618530273,15.152000427246094,15.264666557312012,92862000,57.70843129442889,14.88495291785839,15.156661762195094,0.2625798062422309,0.16133591810481213,2035821000
2019-07-10,15.928000450134277,15.929332733154297,15.542667388916016,15.609999656677246,137185500,64.11610865846416,14.984290778075142,15.18691033819271,0.30985662774448386,0.19104006003274648,2173006500
2019-07-11,15.90666675567627,16.100000381469727,15.720000267028809,15.87600040435791,112716000,63.740470571120014,15.072136109275249,15.215136080054812,0.34166390967416227,0.22116482996102965,2060290500
2019-07-12,16.338666915893555,16.358667373657227,15.980667114257812,15.983332633972168,138007500,67.84827084462249,15.192758090857945,15.259196112832802,0.3971520902384036,0.25636228201650446,2198298000
2019-07-15,16.899999618530273,16.961332321166992,16.323999404907227,16.53333282470703,165001500,72.24779556182555,15.355352522064834,15.32354134835035,0.48087846336672513,0.30126551828654863,2363299500
2019-07-16,16.825332641601562,16.902000427246094,16.528667449951172,16.6200008392334,122235000,70.85883993220637,15.49535062868738,15.382435124556281,0.5350396126625014,0.3480203371617392,2241064500
2019-07-17,16.99066734313965,17.220666885375977,16.889999389648438,17.044666290283203,146470500,72.13623068748988,15.6377617443495,15.445503054696806,0.5845653370179278,0.3953293371329769,2387535000
2019-07-18,16.902666091918945,17.049999237060547,16.792667388916016,17.003332138061523,71379000,70.3681480139933,15.7582288250704,15.502646703215321,0.6096857866347136,0.4382006270333243,2316156000
2019-07-19,17.211999893188477,17.33066749572754,16.974666595458984,17.04599952697754,105726000,72.88406825730259,15.896683212510217,15.56968016164564,0.6470952650780841,0.47997955464227626,2421882000
2019-07-22,17.045333862304688,17.476667404174805,16.945999145507812,17.25,102636000,69.4619918331628,16.006078512490642,15.627548934220506,0.6557350845848333,0.5151306606307877,2319246000
2019-07-23,17.344667434692383,17.365333557128906,16.96666717529297,17.11400032043457,75346500,72.00437113849877,16.13356317174795,15.69488691463117,0.6789098710602541,0.547886502716681,2394592500
2019-07-24,17.658666610717773,17.738000869750977,17.21066665649414,17.277999877929688,166092000,74.41100807634375,16.278811118316504,15.771897883105154,0.7143782577417639,0.5811848537216976,2560684500
2019-07-25,15.254667282104492,15.633333206176758,15.036666870117188,15.566666603088379,336274500,43.546301906211525,16.181273610105837,15.751614330124736,0.5422537908052281,0.5733986411384037,2224410000
2019-07-26,15.202667236328125,15.350666999816895,14.816666603088379,15.128000259399414,150415500,43.12957246936552,16.088073003079387,15.730086993113105,0.3970707570374028,0.5381330643182035,2073994500
2019-07-29,15.718000411987305,15.72933292388916,15.0686674118042,15.13933277130127,139099500,48.39973370501126,16.052827994403952,15.729613009539545,0.31990754223442863,0.49448795990144856,2213094000
2019-07-30,16.150667190551758,16.224000930786133,15.478667259216309,15.526666641235352,121635000,52.389015393064064,16.062146013084696,15.746124938206691,0.2903210908385585,0.45365458608887055,2334729000
2019-07-31,16.107332229614258,16.44533348083496,15.776666641235352,16.200000762939453,137673000,51.955757993726415,16.066449462277987,15.760289930026596,0.2603754002303855,0.4149987489171736,2197056000
2019-08-01,15.59000015258789,16.30066680908203,15.451333045959473,16.176666259765625,123892500,46.96261810049405,16.021073337545598,15.753611899538804,0.19267778007395542,0.37053455514852995,2073163500
2019-08-02,15.62266731262207,15.751333236694336,15.281999588012695,15.423333168029785,92047500,47.30698370249903,15.9831299066005,15.748476817698933,0.14004850320114137,0.3244373447590523,2165211000
2019-08-05,15.221332550048828,15.424667358398438,15.052000045776367,15.30666732788086,105424500,43.56457471659303,15.910577777405102,15.727804493477361,0.0652034362356737,0.27259056305437657,2059786500
2019-08-06,15.383333206176758,15.5,15.050000190734863,15.458666801452637,83463000,45.440815355538945,15.860364008716688,15.714295815544004,0.018744208916972482,0.22182129222689576,2143249500
2019-08-07,15.561332702636719,15.571332931518555,15.053333282470703,15.100000381469727,71647500,47.50588195963333,15.831884836709072,15.708297262096659,-0.0036696897936607797,0.17672309582278445,2214897000
2019-08-08,15.886667251586914,15.986666679382324,15.510000228881836,15.630000114440918,79114500,51.145586194332296,15.837102209554581,15.715292163645296,0.004763996771457002,0.14233127601251896,2294011500
2019-08-09,15.667332649230957,15.93066692352295,15.587332725524902,15.736666679382324,58473000,48.6942935107854,15.82093367999995,15.713411398374147,-0.006179481996763769,0.11262912441066242,2235538500
2019-08-12,15.267333030700684,15.718000411987305,15.25,15.53266716003418,69958500,44.505069351619326,15.768209808638115,15.69591812905362,-0.046591812629586116,0.08078493700261272,2165580000
2019-08-13,15.666666984558105,15.733332633972168,15.170000076293945,15.253999710083008,72721500,49.20347864263099,15.758539063487639,15.694771025347913,-0.04586723418371719,0.05545450276534674,2238301500
2019-08-14,14.641332626342773,15.433333396911621,14.446000099182129,15.413999557495117,143439000,39.869752939207366,15.652138450426223,15.653459715583006,-0.1265698952112988,0.019049623170017634,2094862500
2019-08-15,14.37600040435791,14.77066707611084,14.103333473205566,14.723999977111816,122394000,37.867867409408724,15.530601493657812,15.603363272005552,-0.2095221869985231,-0.026664738863690512,1972468500
2019-08-16,14.662667274475098,14.815999984741211,14.40133285522461,14.444000244140625,76477500,41.29732757616309,15.447941091830886,15.566473232886711,-0.24925756913587804,-0.07118330491812802,2048946000
2019-08-19,15.121999740600586,15.188667297363281,14.779999732971191,14.947333335876465,79644000,46.40226326453425,15.41689905838038,15.549042899855882,-0.24090683055956674,-0.10512801004641577,2128590000
2019-08-20,15.057332992553711,15.272666931152344,14.969332695007324,15.174667358398438,61878000,45.79842379613918,15.382654671158793,15.529760158393053,-0.23677745310825316,-0.13145789865878324,2066712000
2019-08-21,14.722000122070312,14.881333351135254,14.506667137145996,14.800666809082031,116914500,42.69567907104437,15.319735190293223,15.498083294223534,-0.25759406781478056,-0.15668513248998273,1949797500
2019-08-22,14.8100004196167,15.026666641235352,14.54800033569336,14.853333473205566,98385000,43.77224092455742,15.271189021657364,15.47109965208209,-0.2639478696430899,-0.17813767992060417,2048182500
2019-08-23,14.09333324432373,14.744667053222656,14.066666603088379,14.664667129516602,128079000,37.580261914114175,15.159012280958923,15.41706959687588,-0.32308799765567286,-0.20712774346761792,1920103500
2019-08-26,14.333333015441895,14.334667205810547,14.102666854858398,14.239999771118164,75778500,40.61011238348559,15.080376160433492,15.374570123094156,-0.34659566039507084,-0.23502132685310853,1995882000
2019-08-27,14.272000312805176,14.58666706085205,14.135333061218262,14.38266658782959,81243000,40.07476437764831,15.00338798446889,15.331332091318117,-0.36595617402920944,-0.2612082962883287,1914639000
2019-08-28,14.37266731262207,14.483332633972168,14.154000282287598,14.246000289916992,48382500,41.43930947543441,14.943319349054908,15.293737394114352,-0.368923810947722,-0.28275139922020737,1963021500
2019-08-29,14.780667304992676,14.893333435058594,14.533332824707031,14.600000381469727,77692500,46.73339411944741,14.927828678191839,15.273616998462522,-0.3344976147153087,-0.29310064231922767,2040714000
2019-08-30,15.040666580200195,15.496000289916992,14.947333335876465,15.276666641235352,139809000,49.84507426616594,14.938575145049777,15.264481687942432,-0.28297290209825654,-0.2910750942750335,2180523000
2019-09-03,15.000666618347168,15.263333320617676,14.87733268737793,14.938667297363281,80311500,49.36726876226756,14.944488618697147,15.254135998938697,-0.24257065524299293,-0.2813742064686254,2100211500
2019-09-04,14.711999893188477,15.230667114257812,14.61400032043457,15.12600040435791,86415000,45.94445084141642,14.922346835315368,15.232875759497512,-0.23117968030930136,-0.2713353012367606,2013796500
2019-09-05,15.305333137512207,15.319999694824219,14.723333358764648,14.833333015441895,110929500,53.13669253817374,14.958821721238877,15.235717225302011,-0.17228917412962197,-0.2515260758153329,2124726000
2019-09-06,15.16333293914795,15.309332847595215,15.011333465576172,15.146666526794434,62841000,51.37491896349185,14.97829898008736,15.23287862584499,-0.1355141304209866,-0.22832368673646364,2061885000
2019-09-09,15.452667236328125,15.583999633789062,15.281999588012695,15.333333015441895,72040500,54.67262395438022,15.023476909253146,15.241497787040407,-0.08207665502895267,-0.19907428039496144,2133925500
2019-09-10,15.702667236328125,15.702667236328125,15.262666702270508,15.386667251586914,73255500,57.36329073195281,15.088161702307906,15.259582863483063,-0.0193313206901351,-0.1631256884539962,2207181000
2019-09-11,16.47333335876465,16.544666290283203,15.733332633972168,15.825332641601562,150642000,64.3823045401353,15.220082812446643,15.307180922121557,0.09152606863795043,-0.11219533703560687,2357823000
2019-09-12,16.391332626342773,16.899999618530273,16.293333053588867,16.51333236694336,128718000,63.19029711004041,15.331630413770084,15.349696675228271,0.17079574750649584,-0.05559712012718633,2229105000
2019-09-13,16.34666633605957,16.56333351135254,16.32466697692871,16.464000701904297,79696500,62.511377505543074,15.428300501607177,15.388793524672636,0.22739210810733468,0.0010007255197178714,2149408500
2019-09-16,16.187332153320312,16.495332717895508,16.077999114990234,16.399999618530273,70921500,60.03352444158343,15.500589230341761,15.420108765011761,0.25643220387970445,0.05208702119171519,2078487000
2019-09-17,16.319332122802734,16.373332977294922,16.024667739868164,16.1646671295166,57981000,61.398637652402876,15.578564743909473,15.455372426101604,0.28679202344491905,0.09902802164235597,2136468000
2019-09-18,16.232667922973633,16.544666290283203,16.158000946044922,16.333332061767578,62553000,59.950804823914176,15.640860284772726,15.485854602449528,0.3003965382353453,0.13930172496095383,2073915000
2019-09-19,16.440000534057617,16.529333114624023,16.32266616821289,16.399999618530273,71937000,62.244583541218034,15.716968879942716,15.523272089963571,0.3241713773372741,0.1762756554362179,2145852000
2019-09-20,16.041332244873047,16.463333129882812,15.87733268737793,16.432666778564453,95295000,55.64505297331527,15.7478606289837,15.543588174469825,0.3073015287518448,0.20248083009934328,2050557000
2019-09-23,16.082000732421875,16.345333099365234,15.947999954223633,16.0,65103000,56.15574047738411,15.779683495977812,15.56470239242873,0.29382660902354374,0.2207499858841834,2115660000
2019-09-24,14.880666732788086,16.132667541503906,14.840666770935059,16.101333618164062,193372500,41.101438617642486,15.694062851864505,15.537877464599685,0.184087972695556,0.21341758324645793,1922287500
2019-09-25,15.24666690826416,15.26533317565918,14.557332992553711,14.970666885375977,141406500,45.86313573243595,15.651453714378757,15.526457442782606,0.1252091351808886,0.19577589363334408,2063694000
2019-09-26,16.17066764831543,16.220666885375977,15.15999984741211,15.37733268737793,178267500,55.61833932090806,15.700902660467964,15.551720588097618,0.15136156784236654,0.18689302847514858,2241961500
2019-09-27,16.142000198364258,16.58066749572754,15.915332794189453,16.14666748046875,166746000,55.285483786624354,15.74291194979142,15.574868808108075,0.16783958525519793,0.18308233983115846,2075215500
2019-09-30,16.058000564575195,16.26533317565918,15.740667343139648,16.200000762939453,88197000,54.26078354457202,15.772920389294637,15.593815151498942,0.1721361855441259,0.18089310897375196,1987018500
2019-10-01,16.312667846679688,16.39666748046875,15.942000389099121,16.100000381469727,92439000,56.87076784433279,15.824324909045593,15.622005453270736,0.19385614063302725,0.18348571530560703,2079457500
2019-10-02,16.208667755126953,16.309999465942383,15.961999893188477,16.21933364868164,84471000,55.47851143541123,15.860928989624771,15.645011818049412,0.2003677090758753,0.1868621140596607,1994986500
2019-10-03,15.535332679748535,15.631999969482422,14.95199966430664,15.457332611083984,226267500,47.38951573421442,15.829919817255606,15.640710675370947,0.14947263322084403,0.17938421789189737,1768719000
2019-10-04,15.428667068481445,15.652000427246094,15.204667091369629,15.440667152404785,119925000,46.239352656840836,15.791705269753304,15.632395239806653,0.09938524430775075,0.16338442317506807,1648794000
2019-10-07,15.847999572753906,15.904000282287598,15.236666679382324,15.319999694824219,120963000,51.24871035917029,15.797066631943839,15.640850311686938,0.09246141864193014,0.1491998222684405,1769757000
2019-10-08,16.003332138061523,16.262666702270508,15.633333206176758,15.724666595458984,130173000,52.995907449857484,15.816710965859809,15.655065285270256,0.09837427931413956,0.13903471367758033,1899930000
2019-10-09,16.302000045776367,16.48666763305664,16.043333053588867,16.08799934387207,103416000,56.24313495418357,15.86292897347091,15.68043527587834,0.12571114821333218,0.1363700005847307,2003346000
2019-10-10,16.31599998474121,16.618667602539062,16.10533332824707,16.351999282836914,94249500,56.395201469675584,15.906078593591891,15.705359382108258,0.14681312156216464,0.1384586247802175,2097595500
2019-10-11,16.525999069213867,16.738666534423828,16.45400047302246,16.476667404174805,127131000,58.71300496001245,15.965118638889223,15.737541330622204,0.17842498637673643,0.1464518970995213,2224726500
2019-10-14,17.130666732788086,17.23666763305664,16.475332260131836,16.52666664123535,153075000,64.55523271513405,16.076123219260545,15.792173699334592,0.2493943808456205,0.16704039384874114,2377801500
2019-10-15,17.19266700744629,17.333332061767578,16.941333770751953,17.18000030517578,96492000,65.10054515403527,16.182460722897282,15.847095005535051,0.30710097242964096,0.19505250956492112,2474293500
2019-10-16,17.316667556762695,17.47333335876465,17.128000259399414,17.159332275390625,100261500,66.21990274711875,16.290480421360655,15.904725301661626,0.35870474501296457,0.22778295665452983,2574555000
2019-10-17,17.46466636657715,17.652000427246094,17.344667434692383,17.5,71539500,67.55737709835202,16.402307654238417,15.965899461070078,0.4068534206687069,0.26359704945736523,2646094500
2019-10-18,17.1299991607666,17.520000457763672,17.00666618347168,17.3799991607666,86247000,61.61636721937734,16.4716116072411,16.011550429685627,0.4132431367939482,0.2935262669246818,2559847500
2019-10-21,16.899999618530273,17.299999237060547,16.678667068481445,17.222000122070312,75304500,57.85108526757415,16.51241046545912,16.046391574346202,0.39519245931431257,0.313859505402608,2484543000
2019-10-22,17.038667678833008,17.222000122070312,16.72333335876465,16.954666137695312,69012000,59.45959484111509,16.562530200066156,16.08530436275745,0.38760841243203004,0.3286092868084924,2553555000
2019-10-23,16.978666305541992,17.076000213623047,16.75666618347168,16.96666717529297,78916500,58.42069564410151,16.602162210111473,16.120338164435278,0.3724628711371487,0.33738000367422366,2474638500
2019-10-24,19.978666305541992,20.32866668701172,19.280000686645508,19.891332626342773,445813500,78.57617723289533,16.923734028723903,16.27164515036103,0.5956683544971462,0.38903767383880816,2920452000
2019-10-25,21.875333786010742,22.0,19.74066734313965,19.847999572753906,450091500,83.89238391533603,17.395314957989317,16.491397645876706,0.9150573116456826,0.4942416014001831,3370543500
2019-10-28,21.847333908081055,22.722667694091797,21.50666618347168,21.836000442504883,283054500,83.56272327455639,17.81931676275996,16.70143436204158,1.1526292130338085,0.6259191237269082,3087489000
2019-10-29,21.08133316040039,21.6200008392334,20.983333587646484,21.332666397094727,190264500,74.89231484034065,18.129984991106667,16.873195099232124,1.2645201962091406,0.7536393382233547,2897224500
2019-10-30,21.000667572021484,21.252666473388672,20.6646671295166,20.866666793823242,144627000,74.02129619322045,18.403383332146174,17.035056764831708,1.331338723598801,0.869179215298444,2752597500
2019-10-31,20.994667053222656,21.266666412353516,20.866666793823242,20.873332977294922,76005000,73.9523948610101,18.650172257962982,17.19033559967057,1.3680387965657346,0.9689511315519022,2676592500
2019-11-01,20.887332916259766,21.09866714477539,20.65333366394043,21.08799934387207,95758500,72.6497123467827,18.86323517780077,17.335315886595634,1.372639961935203,1.0496888976285623,2580834000
2019-11-04,21.1646671295166,21.46266746520996,20.617332458496094,20.98666763305664,131805000,73.92766996216167,19.08241917320228,17.485486523572927,1.3827257699125646,1.1162962720853629,2712639000
2019-11-05,21.148000717163086,21.567333221435547,21.07466697692871,21.308000564575195,104151000,73.70478867155184,19.279141225008072,17.6291145311647,1.373540683212351,1.1677451543107604,2608488000
2019-11-06,21.77199935913086,21.781333923339844,20.96666717529297,21.200000762939453,119113500,76.5548009139108,19.516556285400718,17.791580602849645,1.400469174379559,1.2142899583245201,2727601500
2019-11-07,22.369333267211914,22.766666412353516,21.868000030517578,21.94266700744629,217009500,78.91115749079988,19.7882493312875,17.971100315177576,1.4532578005896255,1.2620835267775412,2944611000
2019-11-08,22.47599983215332,22.497333526611328,22.166667938232422,22.299999237060547,91038000,79.31103020982678,20.044225569465198,18.147763041333487,1.4865640821388268,1.3069796378497984,3035649000
2019-11-11,23.006000518798828,23.279333114624023,22.799999237060547,22.93000030517578,149800500,81.21680391598598,20.32629937416364,18.338282158096835,1.5379971030036401,1.3531831308805669,3185449500
2019-11-12,23.32866668701172,23.357999801635742,22.93600082397461,23.126667022705078,110391000,82.28658855725415,20.612239118244407,18.53398351217193,1.5865063481197943,1.3998477743284123,3295840500
2019-11-13,23.073999404907227,23.755332946777344,23.011999130249023,23.666667938232422,126301500,78.48706317356024,20.84669247887896,18.712023351102726,1.5861169837765985,1.4371016162180497,3169539000
2019-11-14,23.290000915527344,23.589332580566406,22.860666275024414,23.073999404907227,96973500,79.35768011680577,21.07938852046452,18.891551883040947,1.584967408756306,1.466674774725701,3266512500
2019-11-15,23.47800064086914,23.520000457763672,23.224000930786133,23.375999450683594,72135000,80.11208045934039,21.307827770026865,19.071412618642054,1.5810015670012163,1.489540133180804,3338647500
2019-11-18,23.332666397094727,23.543333053588867,23.073333740234375,23.527999877929688,66006000,77.74659557190571,21.50066954403333,19.238520609953923,1.5482836992623632,1.501288846397116,3272641500
2019-11-19,23.968000411987305,23.999332427978516,23.18666648864746,23.450000762939453,115872000,80.4624753541251,21.735653436219422,19.423990406112097,1.5556876992388844,1.5121686169654698,3388513500
2019-11-20,23.481332778930664,24.079999923706055,23.30466651916504,24.0,100876500,73.10273110157391,21.90190861171573,19.583101871712824,1.5049374299254978,1.5107223795574756,3287637000
2019-11-21,23.655332565307617,24.055999755859375,23.600000381469727,23.634000778198242,91650000,74.01778452286413,22.06890136920067,19.742797193030267,1.461905863651058,1.5009590763761922,3379287000
2019-11-22,22.202667236328125,22.733333587646484,22.0,22.67733383178711,253059000,56.680732325691395,22.08164097559376,19.8392626849243,1.2956496431624487,1.4598971897334436,3126228000
2019-11-25,22.422666549682617,22.971332550048828,22.297332763671875,22.954666137695312,185092500,58.27469848205863,22.11411960169746,19.94057264040502,1.1681764852334133,1.4015530488334376,3311320500
2019-11-26,21.92799949645996,22.366666793823242,21.80666732788086,22.351333618164062,119211000,53.507240364877006,22.096393877389126,20.018510948485606,1.0155311807842615,1.3243486752236024,3192109500
2019-11-27,22.086000442504883,22.261999130249023,21.904666900634766,22.07466697692871,83334000,54.77977882956273,22.09540402644777,20.09958896785891,0.8969683404497992,1.238872608268842,3275443500
2019-11-29,21.996000289916992,22.083999633789062,21.833332061767578,22.073999404907227,36984000,53.87520755638353,22.08593700392103,20.17395803931217,0.7866758654462735,1.1484332597043283,3238459500
2019-12-02,22.32466697692871,22.42533302307129,21.91266632080078,21.959999084472656,91117500,56.68794036040743,22.108673191826522,20.258299566277525,0.7175178402285347,1.0622501758091696,3329577000
2019-12-03,22.413333892822266,22.527332305908203,22.145999908447266,22.174667358398438,98605500,57.441932044465105,22.13768849668326,20.342810716338104,0.6622305050411477,0.9822462416555653,3428182500
2019-12-04,22.20199966430664,22.52400016784668,22.190000534057617,22.516666412353516,82995000,54.98499064339579,22.143813369790248,20.415720086846676,0.5945088594709702,0.9046987652186463,3345187500
2019-12-05,22.024667739868164,22.294666290283203,21.816667556762695,22.18866729736328,55869000,52.9388202967312,22.132466166940524,20.478816073239678,0.5205294239896006,0.8278648969728373,3289318500
2019-12-06,22.392667770385742,22.590667724609375,22.31800079345703,22.333332061767578,114186000,56.552180273320445,22.157247272030546,20.553869080970895,0.4859924963575679,0.7594904168497835,3403504500
2019-12-09,22.635332107543945,22.963333129882812,22.338666915893555,22.439332962036133,135346500,58.79866020406001,22.20277916112706,20.635495082012977,0.4727531127569726,0.7021429560312213,3538851000
2019-12-10,23.256000518798828,23.381999969482422,22.62066650390625,22.663999557495117,132424500,63.93505295783211,22.303085957095803,20.738260001102617,0.5065048864719159,0.6630153421193603,3671275500
2019-12-11,23.51333236694336,23.812667846679688,23.4060001373291,23.458667755126953,103467000,65.83668078772408,22.418347519938425,20.84708636839049,0.5477043450866397,0.6399531427128162,3774742500
2019-12-12,23.978666305541992,24.182666778564453,23.548667907714844,23.661333084106445,116458500,69.01798870587966,22.566949309043526,20.969893424749372,0.6108621343158838,0.6341349410334297,3891201000
2019-12-13,23.892667770385742,24.347333908081055,23.642667770385742,24.06999969482422,98563500,67.76212169669581,22.693208210123736,21.084512026539034,0.6465230588640409,0.636612564599552,3792637500
2019-12-16,25.433332443237305,25.573999404907227,24.166667938232422,24.170000076293945,272613000,76.13885068831998,22.954172422801218,21.25505400366446,0.7899967707020217,0.6672894058200459,4065250500
2019-12-17,25.266000747680664,25.700000762939453,25.059999465942383,25.266000747680664,127452000,73.89307425705563,23.174346548980214,21.412346032841565,0.8800537399243851,0.7098422726409138,3937798500
2019-12-18,26.209999084472656,26.347999572753906,25.371999740600586,25.375333786010742,211815000,77.86047602430932,23.46345631426521,21.600489289768277,1.0158868026213348,0.771051178636998,4149613500
2019-12-19,26.93600082397461,27.123332977294922,26.433332443237305,26.488000869750977,271606500,80.33552562338993,23.79417483899944,21.80972503620774,1.1686463289382303,0.8505702086972445,4421220000
2019-12-20,27.03933334350586,27.53333282470703,26.679332733154297,27.3526668548584,221290500,80.66681167435598,24.103237553714337,22.014807714925315,1.2832548616113577,0.9371071392800673,4642510500
2019-12-23,27.947999954223633,28.134000778198242,27.333332061767578,27.45199966430664,199794000,83.32686481965992,24.469405401381888,22.247481920387994,1.4309101098699415,1.0358677333980422,4842304500
2019-12-24,28.350000381469727,28.364667892456055,27.512666702270508,27.890666961669922,120820500,84.35260087265804,24.838985875675966,22.48679636984218,1.5623561634155863,1.141165419401551,4963125000
2019-12-26,28.729333877563477,28.898666381835938,28.42333221435547,28.527332305908203,159508500,85.27327090963288,25.20949520918906,22.731601762301842,1.6777965564697581,1.2484916468151925,5122633500
2019-12-27,28.691999435424805,29.020666122436523,28.407333374023438,29.0,149185500,84.74476737430787,25.54116227835437,22.96534284752235,1.7461428740883775,1.3480218922698297,4973448000
2019-12-30,27.64666748046875,28.600000381469727,27.284000396728516,28.586000442504883,188796000,71.40125756111675,25.741686583317644,23.148924205677112,1.6964031906410781,1.4176981519440794,4784652000
2019-12-31,27.8886661529541,28.086000442504883,26.80533218383789,27.0,154285500,72.48150993264488,25.946160828044928,23.334796438903663,1.6574058604958317,1.46563969365443,4938937500
2020-01-02,28.68400001525879,28.713333129882812,28.11400032043457,28.299999237060547,142981500,75.7266218996957,26.20690741730339,23.54456912817249,1.6714100169419979,1.5067937583119437,5081919000
2020-01-03,29.534000396728516,30.266666412353516,29.128000259399414,29.366666793823242,266677500,78.6274133247016,26.52377341534388,23.779448785762924,1.731140825021999,1.5516631716539548,5348596500
2020-01-06,30.1026668548584,30.104000091552734,29.333332061767578,29.364667892456055,151995000,80.32173642135604,26.864620409583356,24.027418121805884,1.8035740721717133,1.6020453517575066,5500591500
2020-01-07,31.270666122436523,31.441999435424805,30.224000930786133,30.760000228881836,268231500,83.25754609379688,27.284243810807467,24.311467063007086,1.932943947298984,1.6682250708658022,5768823000
2020-01-08,32.80933380126953,33.232666015625,31.215333938598633,31.579999923706055,467164500,86.18215825785403,27.81044285751814,24.64471673901738,2.1350169811398025,1.7615834529206023,6235987500
2020-01-09,32.089332580566406,33.253334045410156,31.524667739868164,33.13999938964844,426606000,79.20948307902715,28.21795616447512,24.936662458293814,2.211569636985896,1.851580689733661,5809381500
2020-01-10,31.876667022705078,32.3293342590332,31.579999923706055,32.11933135986328,194392500,77.22214149662192,28.566404817639878,25.208819500035432,2.2293789423694115,1.9271403402608112,5614989000
2020-01-13,34.990665435791016,35.04199981689453,32.79999923706055,32.900001525878906,397764000,83.67928493517284,29.1782391622257,25.59242130143761,2.4663362038434755,2.034979512977344,6012753000
2020-01-14,35.861331939697266,36.49399948120117,34.99333190917969,36.284000396728516,434943000,84.96283180991715,29.814724188651564,25.99512367940858,2.693334962246233,2.166650602831122,6447696000
2020-01-15,34.56666564941406,35.85599899291992,34.452667236328125,35.31733322143555,260532000,75.45947535587538,30.267290042057517,26.33126258019311,2.7372114938241374,2.2807627810297255,6187164000
2020-01-16,34.232666015625,34.297332763671875,32.81133270263672,32.91666793823242,326050500,73.1851944509277,30.644944896682993,26.64112153844534,2.7137505549709537,2.3673603358179713,5861113500
2020-01-17,34.03333282470703,34.37799835205078,33.54399871826172,33.840667724609375,204436500,71.79447458983894,30.967648508875758,26.93101217712227,2.648542322064369,2.4235967330672508,5656677000
2020-01-21,36.47999954223633,36.571998596191406,35.227333068847656,35.349998474121094,267052500,77.4569776119174,31.492634321576766,27.305482269871842,2.762446124780187,2.491366611409838,5923729500
2020-01-22,37.97066879272461,39.633331298828125,37.27333450317383,38.125999450683594,470535000,80.08081534002099,32.10958998549561,27.72372487861117,2.9391199146987077,2.5809172720676123,6394264500
2020-01-23,38.14666748046875,38.79999923706055,37.040000915527344,37.616668701171875,294765000,80.37130394464693,32.684549746921626,28.13246772574284,3.0580850879911132,2.676350835252313,6689029500
2020-01-24,37.654666900634766,38.25733184814453,36.95066833496094,38.04199981689453,215304000,76.99112958983373,33.15789423775145,28.505887301228796,3.0771935383275704,2.7565193758673647,6473725500
2020-01-27,37.201332092285156,37.62933349609375,35.95199966430664,36.132667541503906,204121500,73.90680107758017,33.54298355723085,28.846885136172183,3.0209333533002933,2.8094021713539505,6269604000
2020-01-28,37.793331146240234,38.45399856567383,37.2053337097168,37.89933395385742,176827500,75.29845328981531,33.947778565707935,29.197726156174852,2.9896532655938515,2.845452390201931,6446431500
2020-01-29,38.732666015625,39.31999969482422,37.82866668701172,38.37933349609375,267022500,77.36161359086682,34.403482132366705,29.57164536634937,3.006008647819286,2.877563641725402,6713454000
2020-01-30,42.72066879272461,43.391998291015625,41.20000076293945,42.16133117675781,435085500,83.61770679694439,35.19559514763888,30.08729334385428,3.3026974605814132,2.9625904054966044,7148539500
2020-01-31,43.371334075927734,43.53333282470703,42.167999267578125,42.66666793823242,235789500,84.3763325720145,35.97423695033306,30.608236117661082,3.5494133055869526,3.079954985514674,7384329000
2020-02-03,52.0,52.409332275390625,44.90133285522461,44.91266632080078,705975000,90.59573329554009,37.50050009792039,31.447128818929276,4.390586667490659,3.3420813219098715,8090304000
2020-02-04,59.137332916259766,64.59933471679688,55.59199905395508,58.86399841308594,914082000,93.0575482577645,39.561150842524135,32.533019175687336,5.568950341304991,3.7874551257888958,9004386000
2020-02-05,48.97999954223633,56.39866638183594,46.94066619873047,54.88399887084961,726357000,66.41284052340396,40.458184052020535,33.17799879790495,5.618434314128535,4.1536509634568235,8278029000
2020-02-06,49.930667877197266,53.05533218383789,45.79999923706055,46.66133117675781,598212000,67.3549696628456,41.36032536870403,33.83496621277916,5.669012857287697,4.456723342222999,8876241000
2020-02-07,49.871334075927734,51.31666564941406,48.66666793823242,48.70333480834961,255952500,67.228220061946,42.17089762653486,34.463843383883024,5.639302605162555,4.693239194810911,8620288500
2020-02-10,51.41866683959961,54.66600036621094,50.15999984741211,53.33333206176758,370338000,68.87326136635403,43.05163755158865,35.12873842136211,5.6751937380051345,4.889630103449756,8990626500
2020-02-11,51.62533187866211,52.23400115966797,50.53333282470703,51.25266647338867,175462500,69.09638931736285,43.868179868452785,35.77566365498172,5.655125098898125,5.04272910253943,9166089000
2020-02-12,51.15266799926758,52.650001525878906,50.891334533691406,51.858001708984375,180337500,67.8975945710045,44.5619406428161,36.37868343318901,5.537250555385114,5.141633393108567,8985751500
2020-02-13,53.599998474121094,54.53333282470703,49.0,49.45600128173828,394339500,70.72929642695166,45.42270805532134,37.0540291210687,5.577024776491321,5.228711669785118,9380091000
2020-02-14,53.33533477783203,54.198001861572266,52.366668701171875,52.4813346862793,235405500,70.01008431981988,46.176291552703304,37.692511695843734,5.523518304132772,5.287672996654649,9144685500
2020-02-18,57.22666549682617,57.33333206176758,55.490665435791016,56.106666564941406,245725500,74.1690594537285,47.228708118810246,38.45855694294109,5.7290707457758,5.37595254647888,9390411000
2020-02-19,61.16133117675781,62.98533248901367,60.06800079345703,61.56666564941406,381345000,77.55802078151939,48.555624600519536,39.34886181485547,6.138704015025986,5.528502840188302,9771756000
2020-02-20,59.96066665649414,60.79999923706055,57.3293342590332,60.79666519165039,264523500,74.35234506449645,49.641819082040925,40.1571678870766,6.293905514787568,5.681583375108155,9507232500
2020-02-21,60.06666564941406,60.87066650390625,58.6966667175293,60.46533203125,214722000,74.45273772910639,50.63466161226694,40.93793250520748,6.352232472556921,5.815713194597908,9721954500
2020-02-24,55.58599853515625,57.56666564941406,54.813331604003906,55.93333435058594,227883000,63.192545753708714,51.10621750968497,41.51236646716625,5.968107983374942,5.846192152353315,9494071500
2020-02-25,53.32733154296875,57.106666564941406,52.46666717529297,56.599998474121094,259357500,58.39789962850418,51.31775217952152,41.97569843092322,5.418964558190339,5.7607466335207205,9234714000
2020-02-26,51.91999816894531,54.22066879272461,51.740665435791016,52.16666793823242,211282500,55.56878171910618,51.375108940419025,42.36567096966918,4.8147034908650355,5.571538004989583,9023431500
2020-02-27,45.266666412353516,49.31800079345703,44.599998474121094,48.66666793823242,364158000,44.57449359040437,50.79335250917469,42.479435496833275,3.7556610502311614,5.208362614037899,8659273500
2020-02-28,44.53266525268555,46.03466796875,40.768001556396484,41.97999954223633,363343500,43.550789309185724,50.19709657998525,42.55995431078827,2.8245745891316076,4.731605009056641,8295930000
2020-03-02,49.574668884277344,49.5793342590332,45.77799987792969,47.41733169555664,302925000,51.74845844704232,50.13781775182259,42.83504115680745,2.465113126241768,4.278306632493666,8598855000
2020-03-03,49.70066833496094,53.798667907714844,47.740665435791016,53.66666793823242,386760000,51.93630354299096,50.09618447402624,43.104281438303666,2.165442555926859,3.8557338171803046,8985615000
2020-03-04,49.96666717529297,51.10133361816406,48.31533432006836,50.930667877197266,225735000,52.35797543462917,50.0838494931945,43.37339460446011,1.927199793730253,3.4700270124902945,9211350000
2020-03-05,48.30266571044922,49.71666717529297,47.871334075927734,48.2513313293457,162790500,49.436108682069744,49.91421294245686,43.56669935371458,1.5858391105547227,3.0931894321031805,9048559500
2020-03-06,46.89866638183594,47.133331298828125,45.61800003051758,46.0,189943500,47.050288376560076,49.62701803192153,43.6973647273664,1.1883190948377305,2.7122153646500906,8858616000
2020-03-09,40.53333282470703,44.20000076293945,40.33333206176758,40.35933303833008,256105500,38.07794469423392,48.76095277409158,43.57328504490917,0.3555537948345062,2.240883050686974,8602510500
2020-03-10,43.02199935913086,44.53333282470703,40.53333282470703,43.96200180053711,233916000,42.68027646579444,48.214385782190554,43.55166599840806,-0.10242344082463006,1.7722217523846533,8836426500
2020-03-11,42.28200149536133,43.571998596191406,40.866668701171875,42.68000030517578,199837500,41.68809066824746,47.64939680249253,43.5018752335827,-0.5191014642676848,1.3139571090541857,8636589000
2020-03-12,37.369998931884766,39.633331298828125,36.41666793823242,38.72600173950195,283636500,35.7475629816324,46.670406529101314,43.261409496261216,-1.231483579273707,0.8048689713886072,8352952500
2020-03-13,36.44133377075195,40.50466537475586,33.46666717529297,39.66666793823242,339604500,34.73964848598162,45.69620912354423,42.993955546241246,-1.8496652653742203,0.27396212403604175,8013348000
2020-03-16,29.67133331298828,32.9913330078125,29.47800064086914,31.299999237060547,307342500,28.44350530209657,44.170030474919855,42.47149977238819,-2.852973856352932,-0.35142507204175305,7706005500
2020-03-17,28.68000030517578,31.456666946411133,26.399999618530273,29.333999633789062,359919000,27.653173059292385,42.6947895063728,41.93065665602692,-3.6856100139383514,-1.0182620604210728,7346086500
2020-03-18,24.08133316040039,26.99066734313965,23.367332458496094,25.933332443237305,356793000,24.282496977308313,40.922079378184954,41.2306831856102,-4.662804268451026,-1.7471705020270636,6989293500
2020-03-19,28.50933265686035,30.133333206176758,23.8973331451416,24.979999542236328,452932500,32.77894911832931,39.739913023773084,40.731806694286675,-5.022044202970406,-2.4021452422157323,7442226000
2020-03-20,28.50200080871582,31.799999237060547,28.38599967956543,29.213333129882812,424282500,32.77239159190428,38.669635669958105,40.25220646347998,-5.246853595930503,-2.9710869129586865,7017943500
2020-03-23,28.952667236328125,29.46666717529297,27.366666793823242,28.906667709350586,246817500,33.65102092158105,37.74421010485049,39.80908727810148,-5.327242509626117,-3.4423180322921727,7264761000
2020-03-24,33.66666793823242,34.24599838256836,31.600000381469727,31.81999969482422,343428000,42.16560351200836,37.35587275564877,39.5682080883027,-4.953470320379594,-3.7445484899096573,7608189000
2020-03-25,35.95000076293945,37.133331298828125,34.07400131225586,36.349998474121094,318340500,45.794203608258975,37.22198018491455,39.42631760495512,-4.422032849108625,-3.8800453617494512,7926529500
2020-03-26,35.21066665649414,37.33333206176758,34.150001525878906,36.49266815185547,260710500,44.813764708529405,37.03042651554118,39.26099795991744,-4.014249142511808,-3.906886117901923,7665819000
2020-03-27,34.29066848754883,35.0533332824707,32.935333251953125,33.66666793823242,215661000,43.563886919913315,36.76949717954191,39.066083078648084,-3.7224042218459914,-3.869989738690737,7450158000
2020-03-30,33.47533416748047,34.44333267211914,32.7486686706543,34.017333984375,179971500,42.43433305619744,36.45576736886939,38.84683802330818,-3.5163711474626,-3.79926602044511,7270186500
2020-03-31,34.93333435058594,36.19733428955078,33.133331298828125,33.41666793823242,266572500,45.172051956841905,36.310773748080486,38.69336729104457,-3.1985689105046617,-3.6791265984570205,7536759000
2020-04-01,32.104000091552734,34.26333236694336,31.67333221435547,33.599998474121094,200298000,41.08833853915768,35.91012863793499,38.43496073420175,-3.1388295043721186,-3.5710671796400404,7336461000
2020-04-02,30.29800033569336,32.95066833496094,29.760000228881836,32.068668365478516,297876000,38.68431632545206,35.37564022819769,38.11586424798574,-3.200323346138859,-3.496918412939804,7038585000
2020-04-03,32.000667572021484,34.36600112915039,31.22599983215332,33.96666717529297,338431500,42.12248027978854,35.054214260942814,37.8760526136342,-3.076206054070802,-3.412775941166004,7377016500
2020-04-06,34.41600036621094,34.733333587646484,33.19733428955078,34.08000183105469,223527000,46.6891780327389,34.99343198525406,37.74036429020584,-2.751230561842007,-3.280466865301205,7600543500
2020-04-07,36.36333465576172,37.66666793823242,35.48933410644531,36.33333206176758,268797000,50.10722652735678,35.123898906254794,37.686363128070774,-2.3099241723328703,-3.086358326707538,7869340500
2020-04-08,36.589332580566406,37.14733123779297,35.55533218383789,36.9466667175293,189840000,50.503854051107034,35.263464018094,37.64334232228629,-1.9198190563816553,-2.853050472642362,8059180500
2020-04-09,38.20000076293945,38.345333099365234,37.14066696166992,37.4726676940918,204750000,53.35016056686235,35.54313418426975,37.665172065057,-1.463816514448446,-2.5752036810035785,8263930500
2020-04-13,43.39666748046875,43.46666717529297,38.70199966430664,39.34400177001953,337131000,61.11892593947153,36.291089736288704,37.88993659115158,-0.675318984020393,-2.1952267416069415,8601061500
2020-04-14,47.32600021362305,49.45866775512695,46.1619987487793,46.597999572753906,458647500,65.76184234374676,37.34203359127293,38.25997830183674,0.26359672347850704,-1.703462048589852,9059709000
2020-04-15,48.65533447265625,50.20866775512695,47.33333206176758,49.46666717529297,353655000,67.18931558222744,38.41949081807134,38.66763932814339,1.1022542503195751,-1.1423187888079667,9413364000
2020-04-16,49.680667877197266,50.630001068115234,47.11466598510742,47.79600143432617,309868500,68.28756937174732,39.49198387132142,39.09952280065531,1.8285537893713268,-0.548144273172108,9723232500
2020-04-17,50.259334564208984,51.663333892822266,49.84400177001953,51.48533248901367,196923000,68.91986242652698,40.51744584207262,39.53716247765741,2.4229151150638444,0.046067604475082465,9920155500
2020-04-20,49.75733184814453,51.03799819946289,47.48066711425781,48.8466682434082,221199000,67.65954419744796,41.39743498550804,39.937953433362786,2.8209254514039657,0.601039173860859,9698956500
2020-04-21,45.781333923339844,50.22200012207031,44.919334411621094,48.67466735839844,303136500,58.53018166288253,41.81494917006345,40.16710560944032,2.7834359892768603,1.0375185369440594,9395820000
2020-04-22,48.807334899902344,48.93333435058594,45.91400146484375,46.93199920654297,212482500,62.65967763629889,42.480890668143346,40.50593813063491,2.9637342266036057,1.4227616748759688,9608302500
2020-04-23,47.04199981689453,48.93333435058594,46.87533187866211,48.50666809082031,198550500,58.9703966410632,42.915282015643456,40.76225427519411,2.930394329265212,1.7242882057538176,9409752000
2020-04-24,48.34333419799805,48.71533203125,46.54533386230469,47.387332916259766,198180000,60.80253390002004,43.43223936634389,41.05955152706878,2.974688669965431,1.9743682985961404,9607932000
2020-04-27,53.25,53.29933166503906,49.0,49.17399978637695,310221000,66.81889378771564,44.367264188596856,41.53760832992883,3.366907563038808,2.252876151484674,9918153000
2020-04-28,51.27466583251953,53.66666793823242,50.44599914550781,53.042667388916016,228330000,62.64986644170066,45.02511196420854,41.91945372218729,3.478255735840996,2.4979520683559384,9689823000
2020-04-29,53.367332458496094,53.54666519165039,52.21066665649414,52.678001403808594,243240000,65.1319013439259,45.819609154140686,42.36839014321901,3.6927924597856716,2.7369201466418853,9933063000
2020-04-30,52.12533187866211,57.987998962402344,50.900001525878906,57.01266860961914,427078500,62.47820806828038,46.42015417552368,42.751015309314816,3.7197167133762434,2.933479459988757,9505984500
2020-05-01,46.75466537475586,51.518001556396484,45.5359992980957,50.33333206176758,487977000,52.51437893529644,46.45201238497436,42.908021194234074,3.2699920432182097,3.0007819766346477,9018007500
2020-05-04,50.74599838256836,50.79999923706055,46.53333282470703,46.733333587646484,288556500,57.88921810251899,46.860963432364265,43.215392848678555,3.198775723424525,3.040380725992623,9306564000
2020-05-05,51.2140007019043,53.26133346557617,50.8120002746582,52.65266799926758,254875500,58.4826187663174,47.2755384104157,43.52906374488349,3.1438596952320594,3.0610765198405105,9561439500
2020-05-06,52.172000885009766,52.6533317565918,50.740665435791016,51.766666412353516,166848000,59.73345753276427,47.74186816990085,43.86800245626099,3.1414285231326176,3.077146920498932,9728287500
2020-05-07,52.00266647338867,53.09333419799805,51.4900016784668,51.81399917602539,172915500,59.39283782532231,48.147658484518736,44.187008888305215,3.0902158452258703,3.07976070544432,9555372000
2020-05-08,54.62799835205078,54.93333435058594,52.46733474731445,52.917999267578125,241297500,62.92289401841243,48.76483370999798,44.596459455510924,3.2243040013434836,3.108669364624153,9796669500
2020-05-11,54.08599853515625,54.93333435058594,52.33333206176758,52.70066833496094,247794000,61.729803257313314,49.27161131239401,44.968598242948,3.2493781667392696,3.1368111250471764,9548875500
2020-05-12,53.96066665649414,56.21933364868164,53.866668701171875,55.133331298828125,238603500,61.43969443639319,49.71818801183211,45.321228376812556,3.2219952328770063,3.1538479466131424,9310272000
2020-05-13,52.73066711425781,55.06666564941406,50.88666534423828,54.72200012207031,285982500,58.53239082015539,50.0050907834917,45.61179460181041,3.065703851320748,3.136219127554664,9024289500
2020-05-14,53.55533218383789,53.557334899902344,50.93333435058594,52.0,205233000,59.90238040595964,50.3432090120961,45.923305879536976,2.9741017903947906,3.1037956601226893,9229522500
2020-05-15,53.27799987792969,53.66999816894531,52.436668395996094,52.689998626708984,157776000,59.194117711414634,50.62271290408025,46.211725252022966,2.8463175212163065,3.052300032341413,9071746500
2020-05-18,54.242000579833984,55.64799880981445,53.59199905395508,55.185333251953125,174987000,60.92363922279394,50.96740696843775,46.52663800997634,2.7906653147900187,2.9999730888311342,9246733500
2020-05-19,53.867332458496094,54.80466842651367,53.73866653442383,54.34466552734375,144547500,59.86168400859986,51.243590348443306,46.814508380506524,2.685372649764801,2.9370530010178677,9102186000
2020-05-20,54.37066650390625,55.06666564941406,54.119998931884766,54.70000076293945,109639500,60.84900288207575,51.54140712515406,47.11082830691436,2.61242786284312,2.872127973382918,9211825500
2020-05-21,55.17333221435547,55.5,53.06666564941406,54.400001525878906,183819000,62.43584949843666,51.88730475269705,47.42700493073558,2.5895364441472353,2.8156096675357816,9395644500
2020-05-22,54.45866775512695,55.45199966430664,54.133331298828125,54.81133270263672,149812500,60.10013514745411,52.13219646721418,47.70275641404505,2.4850809148698616,2.7495039170025977,9245832000
2020-05-26,54.591331481933594,55.63999938964844,54.38066864013672,55.633331298828125,121345500,60.39631532554565,52.36639980194936,47.972896612785775,2.3855053882027164,2.6767042112426216,9367177500
2020-05-27,54.68199920654297,55.180667877197266,52.33333206176758,54.7239990234375,173242500,60.611513737850316,52.586933078577324,48.235998675286055,2.2875378808032494,2.598870945154747,9540420000
2020-05-28,53.72066879272461,54.983333587646484,53.44599914550781,54.23400115966797,108834000,57.070560007260084,52.69490790849611,48.451083777930705,2.1080265769713904,2.500702071518076,9431586000
2020-05-29,55.66666793823242,55.66666793823242,53.61399841308594,53.91666793823242,176467500,61.92024879324848,52.97793267323291,48.734047862648424,2.098597121736553,2.4202810815617712,9608053500
2020-06-01,59.87333297729492,59.93333435058594,56.939998626708984,57.20000076293945,224092500,69.84951385943862,53.63463746409595,49.17088257302672,2.4028681542642616,2.4167984961022695,9832146000
2020-06-02,58.770668029785156,60.57733154296875,58.06666564941406,59.64666748046875,203484000,65.97170108817976,54.12378323225683,49.54734474780156,2.5259121508391544,2.4386212270496466,9628662000
2020-06-03,58.86399841308594,59.862667083740234,58.67333221435547,59.20800018310547,119242500,66.14303198013494,54.57523229709769,49.912703715067614,2.6009739775832017,2.471091777156358,9747904500
2020-06-04,57.62533187866211,59.71666717529297,57.229331970214844,59.32533264160156,133315500,61.70269807248788,54.8657179715324,50.21515972148308,2.531331366416289,2.483139695008344,9614589000
2020-06-05,59.04399871826172,59.10133361816406,57.746665954589844,58.522666931152344,117178500,64.63130610849,55.2636494712209,50.56138870174891,2.5610909902687737,2.49872995406043,9731767500
2020-06-08,63.327999114990234,63.33333206176758,60.61066818237305,61.266666412353516,212620500,71.67521150988748,56.031682770627505,51.06204009050347,2.896964334162668,2.578376830080878,9944388000
2020-06-09,62.711334228515625,63.62933349609375,61.595333099365234,62.66733169555664,170823000,69.52865310341143,56.66784005233114,51.51887515473925,3.0779064863361185,2.678282761331926,9773565000
2020-06-10,68.336669921875,68.49866485595703,65.5,66.12533569335938,278451000,76.45564194443,57.77915718276389,52.17839651815634,3.633339151055253,2.8692940392765918,10052016000
2020-06-11,64.85600280761719,67.9306640625,64.80000305175781,66.01333618164062,238747500,66.3977909666896,58.45314248036897,52.67555754911559,3.7494415641444903,3.045323544250172,9813268500
2020-06-12,62.35200119018555,65.8653335571289,60.84000015258789,65.33333587646484,251451000,60.25654255667284,58.824462357494355,53.055025927196766,3.597926897634167,3.155844214926971,9561817500
2020-06-15,66.05999755859375,66.5893325805664,60.56666564941406,61.18600082397461,235458000,65.36518271756347,59.51356094807525,53.56502481470253,3.7340113917497035,3.2714776502915175,9797275500
2020-06-16,65.47533416748047,67.52532958984375,64.15933227539062,67.4566650390625,210766500,63.96894256257514,60.08134887373289,54.032095769713436,3.751437646346865,3.367469649502587,9586509000
2020-06-17,66.11933135986328,67.0,65.50466918945312,65.84733581542969,148362000,64.85934482514656,60.65639482479293,54.506105008542846,3.7737122640549856,3.448718172413067,9734871000
2020-06-18,66.9306640625,67.94667053222656,66.2979965209961,66.86666870117188,146278500,65.9993229128344,61.25394427600313,54.99334261850195,3.812880316725476,3.521550601275549,9881149500
2020-06-19,66.72666931152344,67.73133087158203,66.0893325805664,67.51866912841797,130195500,65.424634227189,61.775156184147924,55.45347307705181,3.78384282438968,3.5740090458983755,9750954000
2020-06-22,66.28800201416016,67.2586669921875,66.00133514404297,66.663330078125,95436000,64.13143605716814,62.20495102510147,55.878356564781555,3.6829785337455974,3.5958029434678203,9655518000
2020-06-23,66.78533172607422,67.46666717529297,66.267333984375,66.59200286865234,95479500,64.97666641901066,62.64117775852745,56.30608108091068,3.601655564718506,3.5969734677179575,9750997500
2020-06-24,64.0566635131836,66.72533416748047,63.542667388916016,66.27400207519531,164394000,57.03529030530312,62.775985925637556,56.610025490019424,3.2792249416351424,3.5334237625013944,9586603500
2020-06-25,65.73200225830078,65.73200225830078,62.47666549682617,63.61800003051758,138817500,60.24774281715218,63.0575112906531,56.967750069167714,3.1228835278141034,3.4513157155639367,9725421000
2020-06-26,63.982666015625,66.33333587646484,63.65800094604492,66.31866455078125,132823500,55.57512135618311,63.14562126445995,57.24284481216604,2.8252572095606396,3.3261040143632776,9592597500
2020-06-29,67.29000091552734,67.33333587646484,63.23466873168945,64.60066986083984,135396000,61.63356205910471,63.54032408837113,57.636850933866484,2.823710516795167,3.2256253148496556,9727993500
2020-06-30,71.98733520507812,72.51266479492188,66.91533660888672,67.0999984741211,253777500,68.25519689628752,64.34480133758132,58.19961502293361,3.1650358089026867,3.213507413660262,9981771000
2020-07-01,74.64199829101562,75.68866729736328,72.03333282470703,72.19999694824219,199903500,71.27272173982301,65.32548676171791,58.844414366779965,3.6081551208690854,3.2924369551020267,10181674500
2020-07-02,80.57733154296875,81.86666870117188,79.04000091552734,81.43199920654297,258751500,76.62311032404196,66.77804340755132,59.69668562859129,4.387683671757884,3.5114862984331983,10440426000
2020-07-06,91.43866729736328,91.85266876220703,84.40266418457031,85.11266326904297,308548500,82.89963286029999,69.12667425420008,60.9414692234451,5.814854663012696,3.972159971349098,10748974500
2020-07-07,92.65733337402344,95.30000305175781,89.11399841308594,93.6673355102539,322345500,83.43698373469303,71.36768940846898,62.18522860189915,6.96395795101698,4.570519567282675,11071320000
2020-07-08,91.05867004394531,94.48400115966797,87.42266845703125,93.66666412353516,244669500,79.89044787302045,73.24302089756196,63.31752042315586,7.657362507013914,5.187888155228923,10826650500
2020-07-09,92.9520034790039,93.90399932861328,90.08533477783203,93.1326675415039,175764000,80.92457686671254,75.12006685769929,64.47965701358127,8.264399940212613,5.803190512225662,11002414500
2020-07-10,102.97666931152344,103.2613296508789,91.73400115966797,93.06666564941406,350064000,85.24971676607166,77.77307661520635,65.98934377036332,9.445506315367425,6.531653672854015,11352478500
2020-07-13,99.80400085449219,119.66600036621094,98.0739974975586,110.5999984741211,584781000,79.13424569711863,79.87125987609072,67.31540875405464,10.01014309915439,7.227351558114091,10767697500
2020-07-14,101.12000274658203,106.0,95.4000015258789,103.73332977294922,351271500,79.78211759679496,81.89494967328037,68.64107910670278,10.443426848793465,7.870566616249966,11118969000
2020-07-15,103.06732940673828,103.33333587646484,97.13333129882812,102.86666870117188,245517000,80.73531729083189,83.91136679075255,69.99112813807672,10.819223060303287,8.46029790506063,11364486000
2020-07-16,100.04266357421875,102.11399841308594,97.73332977294922,98.47733306884766,214512000,74.83372924751805,85.44768077013029,71.16961972380778,10.74907041817633,8.91805240768377,11149974000
2020-07-17,100.05599975585938,102.50066375732422,99.33333587646484,100.89666748046875,139950000,74.84246121822189,86.83894924496163,72.30241894075098,10.572674847886645,9.248976895724345,11289924000
2020-07-20,109.53333282470703,110.0,99.19999694824219,101.267333984375,256821000,80.12113011047852,89.00031910969928,73.7624547793375,11.070013436794127,9.613184203938303,11546745000
2020-07-21,104.55733489990234,111.66666412353516,103.86666870117188,109.32866668701172,241608000,71.62362737634277,90.48193966114718,74.97009713700672,10.93656647470823,9.877860658092288,11305137000
2020-07-22,106.15533447265625,108.4280014038086,104.13333129882812,106.5999984741211,212416500,72.62763658389336,91.97464392890996,76.19304762075768,10.834856524749966,10.069259831423825,11517553500
2020-07-23,100.87133026123047,112.5999984741211,98.71800231933594,111.93000030517578,364927500,64.500873603661,92.82194738913095,77.16082341058015,10.210179088119077,10.097443682762876,11152626000
2020-07-24,94.46666717529297,97.66666412353516,91.10266876220703,94.40066528320312,290949000,56.28050181656912,92.97858736876543,77.83948395037281,9.09349083218683,9.896653112647668,10861677000
2020-07-27,102.63999938964844,103.19599914550781,94.19999694824219,95.66666412353516,240730500,62.796707524157746,93.89872184694477,78.81205318328558,8.76696681022625,9.670715852163385,11102407500
2020-07-28,98.43267059326172,104.3133316040039,98.29467010498047,100.26667022705078,237130500,58.00411600972742,94.33052648945115,79.5814891601474,8.075607324246505,9.351694146580009,10865277000
2020-07-29,99.94066619873047,102.32066345214844,99.13333129882812,100.06666564941406,141403500,59.205853737242094,94.86482550938251,80.37988825969968,7.56221014194368,8.993797345652743,11006680500
2020-07-30,99.16600036621094,100.8826675415039,98.06666564941406,99.19999694824219,114315000,58.283186154288074,95.27446121003284,81.1165985383864,7.012000144759625,8.59743790547412,10892365500
2020-07-31,95.38400268554688,101.13666534423828,94.73200225830078,101.0,183123000,53.86937177257982,95.28489373151037,81.67610458337309,6.199317281901386,8.117813780759574,10709242500
2020-08-03,99.0,100.65399932861328,96.29199981689453,96.61333465576172,132139500,57.20626633380094,95.63871337612842,82.35547303108395,5.7804080750383235,7.650332639615325,10841382000
2020-08-04,99.13333129882812,101.82733154296875,97.46666717529297,99.6673355102539,126225000,57.328834113212885,95.97153413067124,83.01342825727,5.396965374695569,7.199659186631374,10967607000
2020-08-05,99.00133514404297,99.98933410644531,97.88733673095703,99.53266906738281,74217000,57.15430858252165,96.26008660813521,83.64040499792776,5.02451381792342,6.764630112889783,10893390000
2020-08-06,99.30533599853516,101.15399932861328,98.48400115966797,99.38866424560547,89884500,57.47539677515787,96.55011035960187,84.25471601755943,4.699698406361435,6.351643771584114,10983274500
2020-08-07,96.84733581542969,99.98332977294922,94.33399963378906,99.96932983398438,133446000,53.954626717318106,96.57841754587119,84.74854424492689,4.195575794019717,5.9204301760712355,10849828500
2020-08-10,94.57133483886719,97.16666412353516,92.38933563232422,96.53333282470703,112834500,50.848568229168926,96.38726681187082,85.13375171919905,3.5712337743222804,5.450590895721445,10736994000
2020-08-11,91.6259994506836,94.66666412353516,91.0,93.06666564941406,129387000,47.072054355721896,95.93381277747203,85.38834966945335,2.8064235709512673,4.92175743076741,10607607000
2020-08-12,103.65066528320312,105.66666412353516,95.66666412353516,98.0,327441000,60.10072948769605,96.66875111135118,86.10451890920824,3.134463864682644,4.564298717550456,10935048000
2020-08-13,108.06666564941406,110.07866668701172,104.48400115966797,107.4000015258789,306379500,63.64049094516913,97.75426678164288,86.9657795656869,3.7080286383900614,4.393044701718377,11241427500
2020-08-14,110.04733276367188,111.25333404541016,108.44266510009766,110.99933624267578,188664000,65.13456195900145,98.92503497040755,87.8709385146275,4.273147947265272,4.369065350827756,11430091500
2020-08-17,122.3759994506836,123.05733489990234,111.52200317382812,111.80000305175781,303634500,72.66420301983764,101.15846015900527,89.22407815917872,5.650691780279374,4.62539063671808,11733726000
2020-08-18,125.80599975585938,128.25999450683594,123.00733184814453,126.59933471679688,247117500,74.32548777594161,103.50584488251519,90.65866331983287,6.93918692416166,5.088149894206797,11980843500
2020-08-19,125.23533630371094,127.4000015258789,122.74732971191406,124.33333587646484,183079500,73.52488466095458,105.57532025596241,92.01461127998495,7.824089602824984,5.635337835930435,11797764000
2020-08-20,133.45533752441406,134.79933166503906,123.80400085449219,124.04533386230469,309177000,77.31531684799549,108.23055999581494,93.63973779937433,9.083952601117858,6.32506078896792,12106941000
2020-08-21,136.6653289794922,139.69932556152344,135.00332641601562,136.3173370361328,322344000,78.60359140839928,110.93863323235563,95.32701588486916,10.22357161783654,7.104762954741645,12429285000
2020-08-24,134.27999877929688,141.93333435058594,128.50132751464844,141.7519989013672,300954000,75.18658806182594,113.16162042730241,96.85458384151339,10.809644830146581,7.845739329822632,12128331000
2020-08-25,134.8893280029297,135.19667053222656,131.1999969482422,131.65933227539062,159883500,75.4798223898841,115.23092591069549,98.34614243607874,11.194239623099264,8.51543938847796,12288214500
2020-08-26,143.54466247558594,144.39999389648438,136.90866088867188,137.3333282470703,213591000,79.23387474583096,117.92747225020887,100.1186334180202,12.058444679520818,9.224040446686532,12501805500
2020-08-27,149.25,153.0399932861328,142.8333282470703,145.36399841308594,355395000,81.26954407244529,120.91057013114136,102.04535367613705,13.053236880322629,9.989879733413751,12857200500
2020-08-28,147.55999755859375,154.5659942626953,145.76800537109375,153.00799560546875,301218000,78.80522218335092,123.44861083851778,103.83024167152752,13.549062633427582,10.701716313416517,12555982500
2020-08-31,166.10667419433594,166.7133331298828,146.70333862304688,148.20333862304688,355123200,84.39691719848396,127.5112835390719,106.27245471163765,15.26263179972652,11.613899410678519,12911105700
2020-09-01,158.35000610351562,167.49667358398438,156.836669921875,167.3800048828125,269523300,75.43351757785165,130.44830473568558,108.31471162896621,15.81247307320325,12.453614143183465,12641582400
2020-09-02,149.1233367919922,159.67999267578125,135.0399932861328,159.663330078125,288528300,66.39978409163663,132.2268792172386,109.9150498706535,15.327030672036969,13.028297448954167,12353054100
2020-09-03,135.6666717529297,143.93333435058594,134.0,135.7433319091797,262788300,55.887547314233736,132.55447850635204,110.92491739544866,13.69856513328304,13.162350985819941,12090265800
2020-09-04,139.44000244140625,142.6666717529297,124.00666809082031,134.27000427246094,330965700,57.90025206489059,133.21024269064293,112.0431560247019,12.567599251764193,13.043400639008793,12421231500
2020-09-08,110.06999969482422,122.913330078125,109.95999908447266,118.66666412353516,346397100,41.88213452074546,131.00641002437447,111.96577734509886,9.19538816535669,12.273798144278373,12074834400
2020-09-09,122.09333038330078,123.0,113.836669921875,118.86666870117188,238397400,48.19994677865177,130.15754529665318,112.36293628777345,7.4076777888719505,11.30057407319709,12313231800
2020-09-10,123.77999877929688,132.99667358398438,120.1866683959961,128.73666381835938,254791800,49.03690248705188,129.5501599140478,112.81066422861751,6.057181066362247,10.251895471830123,12568023600
2020-09-11,124.23999786376953,127.5,120.16666412353516,127.3133316040039,182152500,49.27760684272116,129.0444301949737,113.25887339078034,4.966766967814152,9.194869771026928,12750176100
2020-09-14,139.8733367919922,140.0,124.43333435058594,126.98332977294922,249061800,56.75343353584775,130.075754632785,114.30257783788669,5.3029565547607405,8.41648712777369,12999237900
2020-09-15,149.9199981689453,153.97999572753906,143.56666564941406,145.52000427246094,291894600,60.75640905082489,131.96568258860978,115.69933941949684,6.307363474264861,7.994662397071925,13291132500
2020-09-16,147.25332641601562,152.59666442871094,145.10333251953125,146.6233367919922,216837900,59.19032697312303,133.42164866741032,116.93675067426229,6.809687234619702,7.75766736458148,13074294600
2020-09-17,141.14332580566406,145.92999267578125,136.0,138.53334045410156,230337600,55.650761808105074,134.15704649010115,117.88602813039569,6.638235006896792,7.533780893044543,12843957000
2020-09-18,147.38333129882812,150.3333282470703,142.93333435058594,149.31333923339844,259220400,58.387607200685565,135.41669266236087,119.04278511739304,6.926035152643834,7.4122317449644015,13103177400
2020-09-21,149.79666137695312,151.89332580566406,135.69000244140625,151.0433349609375,328430400,59.43036076496266,136.78621349232205,120.24881948051305,7.265106781297277,7.382806752230977,13431607800
2020-09-22,141.41000366210938,145.9199981689453,139.1999969482422,143.1999969482422,238742400,54.33477899982867,137.22657446087322,121.07866984057566,6.778946823288379,7.262034766442458,13192865400
2020-09-23,126.78666687011719,137.38333129882812,125.2933349609375,135.05332946777344,285222600,46.799955320685136,136.23229754746788,121.302512861342,5.154265324936887,6.840480878141344,12907642800
2020-09-24,129.26333618164062,133.1666717529297,117.0999984741211,121.26667022705078,289683300,48.11235281070127,135.56858694119862,121.61470201115763,4.020197710624188,6.276424244637913,13197326100
2020-09-25,135.77999877929688,136.2433319091797,130.43333435058594,131.1566619873047,201625500,51.502471457097066,135.58872140196988,122.17020384520231,3.605716707649492,5.742282737240229,13398951600
2020-09-28,140.39999389648438,142.69332885742188,138.51666259765625,141.5399932861328,149158800,53.80672688732796,136.0469378300189,122.88509757270357,3.608436709451837,5.3155135316825515,13548110400
2020-09-29,139.69000244140625,142.8333282470703,137.1999969482422,138.6666717529297,150657900,53.38692708963015,136.39389636443673,123.5441134499076,3.512808484140294,4.9549725221741,13397452500
2020-09-30,143.00332641601562,144.64332580566406,140.1566619873047,140.44000244140625,144436800,55.14568219414519,137.02336589315854,124.30721984073537,3.6621648242879417,4.696410982596869,13541889300
2020-10-01,149.3866729736328,149.6266632080078,144.80667114257812,146.9199981689453,152224500,58.40208696986672,138.20082371034655,125.29072780673135,4.246660658637609,4.606460917805017,13694113800
2020-10-02,138.3633270263672,146.3766632080078,138.3333282470703,140.4633331298828,214290000,51.4548777929898,138.21630021663424,125.803378756521,3.7768487648717155,4.440538487218357,13479823800
2020-10-05,141.89332580566406,144.54666137695312,139.77667236328125,141.11666870117188,134168400,53.36786941768698,138.56649312987517,126.43435707217367,3.6473168559691658,4.281894160968519,13613992200
2020-10-06,137.9933319091797,142.92666625976562,135.35000610351562,141.26333618164062,147438900,50.9777363927238,138.5119063469518,126.88765020303666,3.19315625348014,4.064146579470844,13466553300
2020-10-07,141.76666259765625,143.3000030517578,137.9499969482422,139.9566650390625,129383100,53.16335129852203,138.82188313273318,127.4711408851786,3.101949611254895,3.8717071858276544,13595936400
2020-10-08,141.97332763671875,146.3333282470703,141.76666259765625,146.14666748046875,121263300,53.286194848388895,139.1220207045413,128.03985409112136,3.0116276626417857,3.6996912811904807,13717199700
2020-10-09,144.6666717529297,144.8633270263672,142.15333557128906,143.3766632080078,86777100,54.94471885868783,139.65008270914973,128.6918861562903,3.121395721715089,3.5840321692954027,13803976800
2020-10-12,147.43333435058594,149.5800018310547,146.19332885742188,147.3333282470703,116373300,56.647427835197234,140.3913447702389,129.4268449090078,3.3925273060247036,3.5457311966412632,13920350100
2020-10-13,148.88333129882812,149.6300048828125,145.53334045410156,147.78334045410156,103391100,57.55282490986705,141.2001053920093,130.18984437527527,3.6819603288504084,3.5729770230830926,14023741200
2020-10-14,153.76666259765625,155.3000030517578,149.11666870117188,149.92666625976562,143639100,60.54162710846471,142.39692036397568,131.1144254820353,4.256317925228899,3.7096452035122542,14167380300
2020-10-15,149.6266632080078,152.19000244140625,147.5,150.10333251953125,107017200,56.884729108137634,143.08546730150255,131.8403955889362,4.327551783898457,3.8332265195894952,14060363100
2020-10-16,146.55667114257812,151.98333740234375,146.28334045410156,151.47999572753906,98327700,54.26704871072597,143.41605814350976,132.41750443417706,4.089145305740345,3.8844102768196653,13962035400
2020-10-19,143.61000061035156,149.0,142.9566650390625,148.74667358398438,108863400,51.802969891207326,143.43452885463753,132.85642585285058,3.6206976202167596,3.831667745499084,13853172000
2020-10-20,140.64666748046875,143.9166717529297,139.68333435058594,143.9166717529297,94968900,49.37491589257748,143.16901824757383,133.16192552452188,2.9760274446140045,3.6605396853220684,13758203100
2020-10-21,140.8800048828125,144.31666564941406,140.4166717529297,140.89999389648438,97111500,49.57533322842539,142.95101697473942,133.46459530327837,2.4556429409000486,3.4195603364376645,13855314600
2020-10-22,141.92999267578125,148.41000366210938,141.50332641601562,147.30667114257812,119979600,50.52450379032128,142.85377656531483,133.79657167082752,2.1037094591854952,3.1563901609872307,13975294200
2020-10-23,140.2100067138672,140.9633331298828,135.7933349609375,140.6133270263672,101151000,48.9006707446913,142.60198896041504,134.04807892741732,1.666797344536377,2.85847159769706,13874143200
2020-10-26,140.0933380126953,141.9199981689453,136.6666717529297,137.2100067138672,84717600,48.78613267625126,142.36306982253697,134.28514791115373,1.2961855367316275,2.5460143855039736,13789425600
2020-10-27,141.55999755859375,143.5,140.03334045410156,141.25332641601562,68059500,50.36020488990215,142.28658674978047,134.57043613262198,1.1080472973924032,2.25842096788166,13857485100
2020-10-28,135.33999633789062,139.53334045410156,135.3333282470703,138.82666015625,76354200,44.161177373232505,141.62500671055287,134.60061496420116,0.4518357897355827,1.8971039322524446,13781130900
2020-10-29,136.94332885742188,139.35333251953125,135.48666381835938,136.65333557128906,67965900,46.00618392723326,141.1791326293023,134.69248609726864,0.06046200848857097,1.52977554749967,13849096800
2020-10-30,129.34666442871094,135.8633270263672,126.37000274658203,135.63333129882812,127533900,39.368787924595075,140.05223089591266,134.482846031835,-0.8528606179524161,1.0532483144092528,13721562900
2020-11-02,133.50332641601562,135.66000366210938,130.76666259765625,131.3333282470703,87063300,44.11939456631014,139.42852570735104,134.4444334978813,-1.2271219973111727,0.5971742520651677,13808626200
2020-11-03,141.3000030517578,142.58999633789062,135.56333923339844,136.57666015625,103055100,51.75516924446179,139.6067616449136,134.7132793627392,-0.8844053179198283,0.30085833806816853,13911681300
2020-11-04,140.32666015625,145.13333129882812,139.03334045410156,143.5399932861328,96429300,50.82152648957947,139.67532340789802,134.9334119428769,-0.6834619930478141,0.10399427184497202,13815252000
2020-11-05,146.02999877929688,146.6666717529297,141.3333282470703,142.76666259765625,85243500,55.84760473142666,140.28053058612647,135.3685722109718,-0.06327183989307628,0.07054104949736237,13900495500
2020-11-06,143.31666564941406,145.52333068847656,141.42666625976562,145.36666870117188,65118000,53.0688359819861,140.56968630643956,135.68026214973423,0.2069049459770156,0.09781382879329302,13835377500
2020-11-09,140.4199981689453,150.8333282470703,140.3333282470703,146.5,104499000,50.1973365255714,140.55543029334487,135.86613415048762,0.18515083451617897,0.11528122993787021,13730878500
2020-11-10,136.7866668701172,140.02999877929688,132.00999450683594,140.02999877929688,90852600,46.77829331947855,140.19650044351366,135.90223347282605,-0.12384136023305814,0.06745671190368455,13640025900
2020-11-11,139.0433349609375,139.56666564941406,136.86000061035156,138.81666564941406,52073100,49.09735160980427,140.0866751594588,136.02541392334024,-0.18449885758957407,0.017065598005032826,13692099000
2020-11-12,137.25332641601562,141.0,136.5066680908203,138.35000610351562,59565300,47.33545068423087,139.816832421988,136.07356735442556,-0.37271269120924444,-0.060890059837822634,13632533700
2020-11-13,136.1666717529297,137.50999450683594,133.8866729736328,136.9499969482422,59313300,46.250375557304636,139.4691980725539,136.0772185073081,-0.6026109363573084,-0.16923423514171979,13573220400
2020-11-16,136.02999877929688,137.48333740234375,134.69667053222656,136.30999755859375,80515800,46.107216780799135,139.14165528271988,136.07536675326844,-0.7867659703516381,-0.29274058218370347,13492704600
2020-11-17,147.20333862304688,154.0,144.336669921875,153.38999938964844,183564900,57.64855138806649,139.90943464846532,136.51175780698526,-0.030760428591065647,-0.24034455146517592,13676269500
2020-11-18,162.2133331298828,165.3333282470703,147.8333282470703,149.4499969482422,234132000,67.66617502362196,142.03361545621937,137.51966272160868,1.759280630924394,0.15958048501273808,13910401500
2020-11-19,166.42333984375,169.5366668701172,162.52333068847656,164.0,187425900,69.82227954854791,144.3564463502699,138.6531402558103,3.4775266617829175,0.8231697203667739,14097827400
2020-11-20,163.20333862304688,167.5,163.02000427246094,165.99667358398438,98735700,66.18695602060703,146.15138847148674,139.61589313295684,4.527234689302219,1.563982714153863,13999091700
2020-11-23,173.9499969482422,175.3333282470703,167.26333618164062,167.8333282470703,150780900,71.51706274790482,148.7988749930825,140.96232857669352,6.155346375672792,2.482255446457649,14149872600
2020-11-24,185.1266632080078,186.663330078125,175.39999389648438,180.13333129882812,160945500,75.79119965789258,152.25866434688493,142.69426326811762,8.252371969754421,3.6362787511170036,14310818100
2020-11-25,191.3333282470703,191.3333282470703,181.7899932861328,183.35333251953125,146790600,77.78482735062069,155.98006090880733,144.60167758101773,10.296415193649523,4.968306039623508,14457608700
2020-11-27,195.25332641601562,199.5933380126953,192.81666564941406,193.72000122070312,112683300,78.96314874902156,159.72037190949385,146.58801675101765,12.09324190170372,6.393293212039551,14570292000
2020-11-30,189.1999969482422,202.60000610351562,184.836669921875,200.73666381835938,189009300,72.56256168566615,162.5279552465175,148.25907479796763,12.880310710850267,7.690696711801695,14381282700
2020-12-01,194.9199981689453,199.28334045410156,190.68333435058594,199.19667053222656,120310500,74.65331596857374,165.61291171532017,150.08891493016284,13.806472288775012,8.913851827196359,14501593200
2020-12-02,189.60667419433594,190.51333618164062,180.40333557128906,185.47999572753906,143327100,69.36570949133905,167.8980319514169,151.63863097973825,13.950903837165697,9.921262229190226,14358266100
2020-12-03,197.7933349609375,199.6566619873047,194.14332580566406,196.67333984375,127656000,72.58741071992273,170.74520366660934,153.44861937115783,14.558144754327003,10.848638734217582,14485922100
2020-12-04,199.67999267578125,199.67999267578125,195.1666717529297,197.00332641601562,88203900,73.28469297061929,173.50089785795905,155.2616144027117,15.01850113386456,11.682611214146979,14574126000
2020-12-07,213.9199981689453,216.26333618164062,201.01666259765625,201.63999938964844,168929100,77.86190056119845,177.35033598281487,157.56194317785813,16.343983053083832,12.61488558193435,14743055100
2020-12-08,216.6266632080078,217.0933380126953,206.1666717529297,208.50332641601562,192795000,78.61200135917264,181.0909385756904,159.87820670845224,17.41212612051035,13.574333689649551,14935850100
2020-12-09,201.4933319091797,218.10667419433594,196.0,217.89666748046875,213873600,65.29149800428573,183.0340236550703,161.5101724025984,16.84334424784103,14.228135801287848,14721976500
2020-12-10,209.02333068847656,209.25,188.77999877929688,191.4566650390625,201249600,68.18063625405013,185.50919575348996,163.37343351184853,16.806454144835016,14.743799469997283,14923226100
2020-12-11,203.3300018310547,208.0,198.93333435058594,205.00332641601562,139425000,63.85282214418894,187.2064153799247,164.94035775966054,16.131856415735854,15.021410859144998,14783801100
2020-12-14,213.27667236328125,214.25,203.39999389648438,206.3333282470703,156121800,67.7092231558828,189.68929699738723,166.83589950882214,16.21295320700972,15.259719328717942,14939922900
2020-12-15,211.0833282470703,215.63333129882812,207.93333435058594,214.42666625976562,135214500,66.03619384267401,191.72682378307132,168.57109279267502,15.916759957774303,15.391127454529215,14804708400
2020-12-16,207.58999633789062,210.8333282470703,201.6666717529297,209.41000366210938,126287400,63.351288779622855,193.23760212162554,170.10124587287956,15.224641790173536,15.35783032165808,14678421000
2020-12-17,218.63333129882812,219.60667419433594,206.5,209.39666748046875,168810300,67.80732798103742,195.65624299564485,172.00446490919128,15.389833572667385,15.364230971859941,14847231300
2020-12-18,231.6666717529297,231.6666717529297,209.51333618164062,222.96665954589844,666378600,72.1163618893586,199.0858076391958,174.34415929522024,16.383571289504943,15.568099035388942,15513609900
2020-12-21,216.6199951171875,222.8333282470703,215.35667419433594,222.0800018310547,174135900,61.82736256824556,200.7557302561474,176.0020352098072,15.775128671760001,15.609504962663154,15339474000
2020-12-22,213.44667053222656,216.6266632080078,204.7433319091797,216.0,155148000,59.88679403273321,201.9643912348216,177.47045228127462,14.86551236707112,15.460706443544748,15184326000
2020-12-23,215.32666015625,217.1666717529297,207.52333068847656,210.73333740234375,99519000,60.67429380030884,203.23698827495764,178.9550094528423,14.133413154008252,15.19524778563745,15283845000
2020-12-24,220.58999633789062,222.02999877929688,213.6666717529297,214.3300018310547,68596800,62.87192988609938,204.88965570952269,180.5877540365697,13.818633885853302,14.919925005680621,15352441800
2020-12-28,221.22999572753906,227.13333129882812,220.26666259765625,224.836669921875,96835800,63.141653043003664,206.44587856838137,182.18156743621554,13.465588725238263,14.629057749592151,15449277600
2020-12-29,221.99667358398438,223.3000030517578,218.3333282470703,220.3333282470703,68732400,63.483883366368055,207.92690666510546,183.74294414789276,13.096691875980099,14.322584574869742,15518010000
2020-12-30,231.5933380126953,232.1999969482422,222.7866668701172,224.0,128538000,67.5459214354732,210.18085250773308,185.6194301818066,13.42396595847012,14.142860851589818,15646548000
2020-12-31,235.22332763671875,239.57333374023438,230.3733367919922,233.3300018310547,148949700,68.95278446919892,212.56585013906505,187.5646810623914,13.816969429477325,14.07768256716732,15795497700
2021-01-04,243.2566680908203,248.163330078125,239.06333923339844,239.82000732421875,145914600,71.86002955290897,215.48878518208937,189.74868055370234,14.6082560662976,14.183797266993377,15941412300
2021-01-05,245.0366668701172,246.94667053222656,239.73333740234375,241.22000122070312,96735600,72.47505580025268,218.30286915237772,191.91683687983627,15.203728336043184,14.38778348080334,16038147900
2021-01-06,251.9933319091797,258.0,249.6999969482422,252.8300018310547,134100000,74.79375415011783,221.51148465302552,194.27277786137915,16.051952216184503,14.720617227879572,16172247900
2021-01-07,272.0133361816406,272.3299865722656,258.3999938964844,259.2099914550781,154496700,80.01209877335235,226.3211847986079,197.32142720727177,18.130624232717366,15.402618628847131,16326744600
2021-01-08,293.3399963378906,294.8299865722656,279.46331787109375,285.3333435058594,225166500,83.84819160976886,232.70392875473007,201.08686129082545,21.253868654343194,16.572868633946346,16551911100
2021-01-11,270.39666748046875,284.80999755859375,267.8733215332031,283.1333312988281,177904800,68.59580697240786,236.29371339527663,203.80489290610558,21.628408635317328,17.583976634220544,16374006300
2021-01-12,283.14666748046875,289.3333435058594,275.7799987792969,277.0,138812100,71.67893825195262,240.75589949862825,206.91633504627669,22.692468066162405,18.60567492060892,16512818400
2021-01-13,284.8033447265625,286.8233337402344,277.3333435058594,284.2533264160156,99937500,72.062734461248,244.95089428224105,209.97072758275849,23.39968582715491,19.56447710191812,16612755900
2021-01-14,281.6666564941406,287.6666564941406,279.5833435058594,281.1300048828125,93798900,70.12505257019293,248.4476335405172,212.78233263810682,23.436890586290247,20.338959798792544,16518957000
2021-01-15,275.38665771484375,286.6333312988281,273.0333251953125,284.0,116332800,66.28230184615674,251.01325489045306,215.23740420974357,22.69798397830374,20.810764634694785,16402624200
2021-01-19,281.51666259765625,283.3333435058594,277.6666564941406,279.26666259765625,76101000,68.1187964869963,253.91834133875813,217.83659081319112,22.349405299127824,21.118492767581394,16478725200
2021-01-20,283.48333740234375,286.5,279.09332275390625,286.2466735839844,76997700,68.70767538315985,256.7340552495758,220.4109730323736,21.978494007279863,21.29049301552109,16555722900
2021-01-21,281.663330078125,285.239990234375,280.47332763671875,285.0,61563300,67.46573765271077,259.10827189991386,222.81302624985403,21.292241054671763,21.290842623351224,16494159600
2021-01-22,282.21331787109375,282.6666564941406,276.2066650390625,278.10333251953125,60199500,67.65600001836307,261.3087524685977,225.14244945068697,20.555805533353293,21.14383520535164,16554359100
2021-01-25,293.6000061035156,300.1333312988281,279.6066589355469,285.0,123520200,71.38684145803899,264.38410995763746,227.82705951550378,20.652911744213156,21.045650513123945,16677879300
2021-01-26,294.36334228515625,298.6333312988281,290.5333251953125,297.1266784667969,69394800,71.62315050159475,267.2392749412107,230.43632550647055,20.554524206023814,20.94742525170392,16747274100
2021-01-27,288.0533447265625,297.1666564941406,286.2200012207031,290.1166687011719,82002000,66.71796581155948,269.22156730172037,232.6958164562781,19.739838731759505,20.705907947715037,16665272100
2021-01-28,278.4766540527344,282.6666564941406,267.0,273.3333435058594,79134000,60.00158073883772,270.1030041351503,234.49114342084502,18.112644431996216,20.187255244571272,16586138100
2021-01-29,264.510009765625,280.8033447265625,260.0333251953125,276.6666564941406,104972400,51.8100006003914,269.5703380047193,235.66835386573837,15.517216938543356,19.253247583365688,16481165700
2021-02-01,279.9366760253906,280.6666564941406,265.1866760253906,271.42999267578125,76174200,58.542452969414185,270.5576082924023,237.40436649945022,14.537545220081029,18.310107110708756,16557339900
2021-02-02,290.92999267578125,293.5,280.73333740234375,281.55999755859375,73038600,62.55693148504478,272.4978353765336,239.50341066322792,14.481285854706357,17.544342859508276,16630378500
2021-02-03,284.89666748046875,292.6933288574219,284.35333251953125,292.3399963378906,55030500,59.170491429725274,273.6786765292893,241.2835383815511,13.790888206941077,16.793651928994837,16575348000
2021-02-04,283.3299865722656,285.5,277.8066711425781,285.0,47438100,58.28810986248557,274.5978489143347,242.9324187027556,12.967839855394345,16.02848951427474,16527909900
2021-02-05,284.07666015625,288.25665283203125,279.65667724609375,281.6666564941406,55699800,58.604945937359936,275.50059284213614,244.54591836759852,12.234783457259368,15.269748302871665,16583609700
2021-02-08,287.8066711425781,292.5899963378906,284.9166564941406,289.8900146484375,60485100,60.2300954085468,276.6726002993211,246.24241847642125,11.818574523644088,14.579513547026151,16644094800
2021-02-09,283.1533203125,286.6000061035156,280.5833435058594,285.0400085449219,45473100,57.212400066464674,277.2898117291477,247.68990482293415,10.9865928197097,13.860929401562862,16598621700
2021-02-10,268.2733459472656,281.6066589355469,266.67333984375,281.21331787109375,108648300,48.79367312207392,276.43110070230176,248.49709859251578,9.022545463335462,12.893252613917383,16489973400
2021-02-11,270.5533447265625,276.6266784667969,267.24334716796875,270.8133239746094,64868400,50.00755860556119,275.871314418898,249.36204942130195,7.562821135597744,11.827166318253456,16554841800
2021-02-12,272.0400085449219,272.4433288574219,261.77667236328125,267.086669921875,71304900,50.826120284056856,275.506428145186,250.25138115164,6.451570743129878,10.752047203228742,16626146700
2021-02-16,265.40667724609375,273.6666564941406,264.14666748046875,272.6666564941406,59406900,47.11892047005758,274.5445471071772,250.84570648867742,4.9782561640177505,9.597288995386544,16566739800
2021-02-17,266.04998779296875,266.61334228515625,254.00332641601562,259.6966552734375,77989500,47.518715286536505,273.735541458205,251.4419528143359,3.818535826127686,8.441538361534773,16644729300
2021-02-18,262.4599914550781,264.89666748046875,258.75665283203125,260.29998779296875,53871300,45.453514267943994,272.6616795531453,251.87403276103169,2.580025473748208,7.269235783977461,16590858000
2021-02-19,260.4333190917969,265.5966796875,259.1233215332031,265.0,56874900,44.28344056514386,271.4970737949216,252.20969104851267,1.4186087359383919,6.099110374369648,16533983100
2021-02-22,238.1666717529297,256.1666564941406,236.73333740234375,254.2133331298828,111809100,33.944589448274314,268.3227497909224,251.6589844094702,-1.2837564017531236,4.622537019145094,16422174000
2021-02-23,232.94667053222656,237.8699951171875,206.3333282470703,220.7100067138672,199820700,32.05516553844956,264.9535993853323,250.92516817899008,-3.802774696447841,2.937474676026507,16222353300
2021-02-24,247.33999633789062,248.3333282470703,231.38999938964844,237.28334045410156,110301000,41.69252991833977,263.2761133808141,250.78457320482931,-4.584842530341518,1.433011234752902,16332654300
2021-02-25,227.4066619873047,245.73666381835938,223.52667236328125,242.0500030517578,117071700,34.41266085954696,259.8599751528608,249.86779237276954,-6.7354483594463375,-0.20068068408694584,16215582600
2021-02-26,225.1666717529297,235.56666564941406,219.836669921875,233.3333282470703,123267600,33.700541078898965,256.55585101953403,248.8991209759131,-8.522327379755524,-1.8650100232206615,16092315000
2021-03-01,239.47666931152344,239.6666717529297,228.35000610351562,230.0366668701172,81408600,41.963142474065066,254.92926228543777,248.52961306750566,-8.683645013446096,-3.2287370212657485,16173723600
2021-03-02,228.81333923339844,240.3699951171875,228.3333282470703,239.42666625976562,71196600,38.14795362228561,252.44203151857687,247.756425858325,-9.561710572986328,-4.495331731609864,16102527000
2021-03-03,217.73333740234375,233.56666564941406,217.23666381835938,229.3300018310547,90624000,34.62527568408761,249.13644160274515,246.5790498404434,-11.024563102476776,-5.801178005783247,16011903000
2021-03-04,207.14666748046875,222.81666564941406,200.0,218.60000610351562,197758500,31.620736334627367,245.1374154958617,245.0326819047581,-12.889557264905449,-7.218853857607687,15814144500
2021-03-05,199.31666564941406,209.27999877929688,179.8300018310547,208.68666076660156,268189500,29.576555002701554,240.77353455810479,243.23989695356815,-14.828461016694035,-8.740775289424958,15545955000
2021-03-08,187.6666717529297,206.7100067138672,186.26333618164062,200.18333435058594,155361000,26.800437523245193,235.71573810046905,241.06055478883724,-17.107904084433784,-10.414201048426724,15390594000
2021-03-09,224.52667236328125,226.02999877929688,198.40333557128906,202.72666931152344,202569900,44.53819079105893,234.65011279216546,240.412167242737,-15.758431748823682,-11.483047188506116,15593163900
2021-03-10,222.68666076660156,239.28334045410156,218.35333251953125,233.43333435058594,181817100,43.965458543256084,233.51073640877843,239.7170493417121,-14.668351137481693,-12.120107978301233,15411346800
2021-03-11,233.1999969482422,234.1666717529297,225.72666931152344,233.13333129882812,108761700,48.07418354276537,233.48114217444163,239.46147865961527,-12.80846798718278,-12.257779980077544,15520108500
2021-03-12,231.2433319091797,231.6266632080078,222.04666137695312,223.3333282470703,100751400,47.377897558152,233.26801738727383,239.1391983948923,-11.36141637126488,-12.078507258315012,15419357100
2021-03-15,235.97999572753906,237.72666931152344,228.01333618164062,231.3633270263672,88006800,49.292542852372996,233.52630103872767,239.0153080942118,-9.720358118340243,-11.60687743032006,15507363900
2021-03-16,225.6266632080078,235.97332763671875,223.6666717529297,234.4499969482422,96587100,45.403837997912994,232.7739545786591,238.4902631967136,-9.149762273665743,-11.115454398989197,15410776800
2021-03-17,233.93666076660156,234.57666015625,217.00332641601562,218.9566650390625,121117500,48.88915464547028,232.88468850132028,238.3116905523955,-7.935537663919916,-10.479471051975342,15531894300
2021-03-18,217.72000122070312,229.7433319091797,217.3333282470703,228.09666442871094,99674400,43.10602075708894,231.44043256983292,237.50417332370168,-8.187425267764297,-10.021061895133133,15432219900
2021-03-19,218.2899932861328,219.07666015625,208.2066650390625,215.53334045410156,128682000,43.35963221938519,230.1880097809091,236.75067606732642,-8.245999661365744,-9.666049448379656,15560901900
2021-03-22,223.3333282470703,233.2066650390625,222.9166717529297,228.19667053222656,118536600,45.66742363706364,229.53518296816256,236.2245055645713,-7.7956024553506325,-9.291960049773852,15679438500
2021-03-23,220.72000122070312,225.93333435058594,219.1699981689453,225.2566680908203,91475700,44.652171978179126,228.6956418493569,235.6164857863804,-7.562358909090591,-8.9460398216372,15587962800
2021-03-24,210.08999633789062,222.67333984375,210.0366668701172,222.6366729736328,101385600,40.68961795442693,226.92367561016962,234.61544698447884,-8.14141510812442,-8.785114878934644,15486577200
2021-03-25,213.4633331298828,215.1666717529297,203.1666717529297,204.3333282470703,117674700,42.43543510764646,225.64173823109468,233.7859523235143,-8.23321386631821,-8.674734676411358,15604251900
2021-03-26,206.23666381835938,214.60667419433594,199.9633331298828,213.9566650390625,101558400,39.73691682703913,223.79363590607227,232.70558806841018,-8.787796612075141,-8.697347063544115,15502693500
2021-03-29,203.76333618164062,205.4933319091797,198.67333984375,205.2133331298828,85911000,38.8268833119085,221.88598831326925,231.5705977983408,-9.31945542251097,-8.821768735337486,15416782500
2021-03-30,211.8733367919922,212.55332946777344,197.00332641601562,200.5833282470703,118297200,43.4038137000279,220.9324024541,230.7981561902487,-8.982840989718852,-8.853983186213759,15535079700
2021-03-31,222.64332580566406,224.0,213.70333862304688,215.5399932861328,100011900,48.87436928205004,221.09534753520134,230.478358920265,-7.757598752227324,-8.634706299416472,15635091600
2021-04-01,220.5833282470703,230.80667114257812,219.80667114257812,229.4566650390625,105895200,47.92025689603548,221.04658379347458,230.09031850170837,-6.873575736049389,-8.282480186743056,15529196400
2021-04-05,230.35000610351562,236.05332946777344,228.23333740234375,235.90333557128906,125528400,52.64075649739696,221.9326240134785,230.10050232923024,-5.323525558346859,-7.690689261063817,15654724800
2021-04-06,230.5399932861328,232.18333435058594,227.1233367919922,230.10000610351562,84815400,52.73051222066346,222.752373468017,230.1177372687166,-4.033276150327282,-6.95920663891651,15739540200
2021-04-07,223.6566619873047,230.4600067138672,222.6133270263672,229.0,78928200,49.09976618261058,222.83849618413964,229.86436176748478,-3.5255313769953887,-6.272471586532286,15660612000
2021-04-08,227.93333435058594,229.85000610351562,223.88333129882812,225.7933349609375,71772900,51.34150269457972,223.32371886665834,229.7886352021162,-2.746389598231474,-5.5672551888721244,15732384900
2021-04-09,225.67333984375,226.99000549316406,223.14332580566406,225.92333984375,64311300,50.08614220152533,223.547492293048,229.62725107041558,-2.2849374576001367,-4.910791642617728,15668073600
2021-04-12,233.9933319091797,234.93333435058594,227.3633270263672,228.56666564941406,87407100,54.49715802319511,224.54233416125103,229.7984699268377,-1.2336586361299169,-4.175365041320165,15755480700
2021-04-13,254.10667419433594,254.3333282470703,236.8866729736328,237.56666564941406,133958400,63.007980552015226,227.3579855929734,230.75173283928862,1.2085347953037342,-3.0985850739953857,15889439100
2021-04-14,244.07666015625,260.2633361816406,242.67666625976562,256.8999938964844,147052200,57.25673908061128,228.95024031328546,231.27427900858123,2.308046651134589,-2.017258728969391,15742386900
2021-04-15,246.28334045410156,247.89666748046875,240.43666076660156,247.6999969482422,83546700,58.16156296082678,230.60101175526796,231.8628696535036,3.3192165146354284,-0.9499636802484273,15825933600
2021-04-16,246.5933380126953,249.80332946777344,241.53334045410156,242.88333129882812,83938500,58.29512614175564,232.1240904464515,232.44053507935425,4.09834693641551,0.05969844308436017,15909872100
2021-04-19,238.2100067138672,241.8000030517578,230.60000610351562,239.86666870117188,119058600,53.33631730623262,232.7037015195387,232.666788868943,3.9933161725313937,0.8464219889737669,15790813500
2021-04-20,239.663330078125,245.75,236.89666748046875,239.13999938964844,106827000,54.065794367469515,233.3665232870231,232.94116303400898,3.9814538632463723,1.4734283638282881,15897640500
2021-04-21,248.0399932861328,248.27999877929688,232.6666717529297,234.92333984375,93646500,58.12874964493943,234.76399662027166,233.53327402428835,4.595011183240246,2.09774492771068,15991287000
2021-04-22,239.89666748046875,251.2566680908203,239.34666442871094,247.1666717529297,106770900,53.20211694882593,235.2528224164809,233.78281886570718,4.373743649641284,2.552944672096801,15884516100
2021-04-23,243.13333129882812,245.7866668701172,238.48666381835938,239.93333435058594,85110000,54.84040297490453,236.00334707194256,234.14950562779038,4.408738067236101,2.924103351124661,15969626100
2021-04-26,246.06666564941406,249.76666259765625,244.20333862304688,247.0,93115500,56.3324117724283,236.96175836503508,234.6168452364815,4.619911498535373,3.2632649806068037,16062741600
2021-04-27,234.913330078125,241.3333282470703,234.4499969482422,239.32000732421875,88311000,49.61962723462089,236.76666995675794,234.62847209301657,3.8429874290683017,3.3792094702991036,15974430600
2021-04-28,231.46665954589844,236.1666717529297,231.1999969482422,232.1366729736328,66813000,47.726903171960366,236.2619070604856,234.50447944411,2.9155434298601506,3.286476262211313,15907617600
2021-04-29,225.6666717529297,234.0833282470703,222.8333282470703,233.1699981689453,86536200,44.64101716232633,235.25283703119456,234.1578987503382,1.6930108609005856,2.9677831819491676,15821081400
2021-04-30,236.47999572753906,238.49000549316406,222.04666137695312,222.52999877929688,122276100,51.00183889331272,235.36970928798928,234.2489613768951,1.5784939702498093,2.689925339609296,15943357500
2021-05-03,228.3000030517578,235.3333282470703,226.8333282470703,234.60000610351562,81129300,46.63639438634304,234.69640393215772,234.01566889355638,0.8182491960850484,2.3155901109044468,15862228200
2021-05-04,224.53334045410156,227.81666564941406,219.23333740234375,226.31333923339844,89217900,44.73749150309816,233.7284931247238,233.64381287632287,-0.08718346036516778,1.835035396650524,15773010300
2021-05-05,223.64666748046875,228.43333435058594,222.44667053222656,227.02000427246094,65705700,44.28042332437893,232.76831925384238,233.2517679588384,-0.8663062237385759,1.294767072572704,15707304600
2021-05-06,221.17999267578125,227.0066680908203,216.6666717529297,226.9199981689453,83353800,42.96531811106467,231.66466910355084,232.77836500656164,-1.663629384889532,0.7030877810802568,15623950800
2021-05-07,224.1233367919922,230.0,220.07333374023438,221.93333435058594,70407600,45.06201330894148,230.9464469786405,232.43895213540208,-2.034557352191655,0.15555875442587452,15694358400
2021-05-10,209.67999267578125,221.68333435058594,209.20333862304688,221.63333129882812,94177200,37.73181992844154,228.92107037836817,231.5464439212993,-3.454160192229324,-0.5663850349051652,15600181200
2021-05-11,205.73333740234375,209.03334045410156,198.53334045410156,199.74667358398438,139511700,36.00815884952579,226.71271485684204,230.53416523428143,-4.841853889943536,-1.4214788059128396,15460669500
2021-05-12,196.6300048828125,206.80332946777344,195.58999633789062,200.8300018310547,101470800,32.33854403058386,223.84769485931542,229.20459031853756,-6.6000922428168,-2.4572014932936317,15359198700
2021-05-13,190.56333923339844,202.15333557128906,186.5500030517578,200.51333618164062,132554700,30.13451122681279,220.6777562282757,227.68924713872818,-8.38636522359306,-3.6430342393535176,15226644000
2021-05-14,196.5800018310547,197.6233367919922,190.15333557128906,194.47000122070312,100112700,34.87512704188005,218.38273199996894,226.46927673450568,-9.210334044347292,-4.7564942003522725,15326756700
2021-05-17,192.27667236328125,196.57666015625,187.06666564941406,191.85000610351562,97171200,33.14293269388857,215.8964406059987,225.12839028857533,-10.09421813160563,-5.824038986602944,15229585500
2021-05-18,192.6233367919922,198.75,187.7933349609375,189.3333282470703,110491800,33.42977960693578,213.67995452847427,223.8536823083172,-10.644031942049253,-6.788037577692206,15340077300
2021-05-19,187.82000732421875,188.73666381835938,182.32666015625,184.18333435058594,118735200,31.418353602779902,211.21710241378327,222.44059701482314,-11.3366698201161,-7.697764026176985,15221342100
2021-05-20,195.5933380126953,196.28334045410156,190.35667419433594,191.6666717529297,92463300,37.927434821929424,209.72912485177488,221.38776332846518,-11.130047250060755,-8.38422067095374,15313805400
2021-05-21,193.6266632080078,198.89332580566406,193.3333282470703,198.70333862304688,78091800,36.97136982219823,208.195557076178,220.29909273550606,-10.998211064208277,-8.907018749604648,15235713600
2021-05-24,202.14666748046875,204.82666015625,191.21665954589844,193.86666870117188,103674300,43.60384162392996,207.61947235277714,219.58723292158305,-10.089926406102393,-9.143600280904197,15339387900
2021-05-25,201.56333923339844,204.663330078125,198.57000732421875,202.43666076660156,84017700,43.26813217172156,207.04269776997916,218.8804135612621,-9.30985576312358,-9.176851377348074,15255370200
2021-05-26,206.3766632080078,208.72332763671875,200.5,202.52000427246094,85917900,46.90093995530522,206.97926590693427,218.3900704101541,-8.208625218506143,-8.983206145579688,15341288100
2021-05-27,210.28334045410156,210.3766632080078,205.40333557128906,206.74667358398438,79111800,49.71541455393247,207.29393967333115,218.07215943148537,-6.940648399319656,-8.574694596327681,15420399900
2021-05-28,208.4066619873047,211.8633270263672,207.4600067138672,209.5,68211000,48.38856921814739,207.39991322704293,217.69312031602732,-6.017830103583918,-8.06332169777893,15352188900
2021-06-01,207.96665954589844,211.26666259765625,206.85000610351562,209.26666259765625,54254700,48.06467355521235,207.45388906693393,217.31169048190463,-5.261344965742637,-7.502926351371672,15297934200
2021-06-02,201.7066650390625,207.7866668701172,199.7133331298828,206.7100067138672,69908400,43.59381642203853,206.90653439761283,216.6997286998324,-5.108071613668784,-7.023955403831095,15228025800
2021-06-03,190.94667053222656,201.51666259765625,190.4066619873047,200.60000610351562,90335700,37.19031597459552,205.38654736281413,215.68980485012239,-5.788121151892227,-6.776788553443321,15137690100
2021-06-04,199.68333435058594,200.20333862304688,192.39999389648438,193.23666381835938,72110700,44.339520986358856,204.8433842187924,215.06210012465039,-5.558020158985727,-6.533034874551802,15209800800
2021-06-07,201.7100067138672,203.3333282470703,194.2933349609375,197.27667236328125,67631100,45.87846855422324,204.54496731356144,214.53848861834516,-5.152730472783162,-6.256973994198074,15277431900
2021-06-08,201.19667053222656,207.69667053222656,198.5,207.6699981689453,78160200,45.53504846150623,204.22608190581528,214.01528006594836,-4.817425137994263,-5.9690642229573125,15199271700
2021-06-09,199.5933380126953,203.92999267578125,199.2100067138672,200.72332763671875,49753800,44.41671923649584,203.7848682017086,213.44971371091884,-4.627723265994092,-5.700796031564669,15149517900
2021-06-10,203.3733367919922,205.52999877929688,200.1666717529297,201.2933349609375,71758800,47.67922142014689,203.74567473411656,213.0545616748825,-4.12482049196467,-5.385600923644669,15221276700
2021-06-11,203.29666137695312,204.18666076660156,200.5066680908203,203.41000366210938,48615900,47.618165405565996,203.70291155724385,212.67189891810096,-3.689918403061938,-5.046464419528124,15172660800
2021-06-14,205.89666748046875,208.49667358398438,203.05999755859375,204.07666015625,61272000,49.95826618505961,203.91184069278907,212.4062035676056,-3.0997249017544277,-4.657116515973385,15233932800
2021-06-15,199.7866668701172,205.59666442871094,199.41000366210938,205.56333923339844,53292300,44.88375085433786,203.51896699539174,211.9113197755472,-3.0894055417067534,-4.343574321120059,15180640500
2021-06-16,201.6233367919922,202.8333282470703,197.8333282470703,199.17999267578125,66432300,46.63840120714466,203.33843078554415,211.50786946246663,-2.8995986927254194,-4.054779195441131,15247072800
2021-06-17,205.53334045410156,207.1566619873047,200.44667053222656,200.6300048828125,68104200,50.26814776193804,203.54746980159723,211.27357420723663,-2.405936639221636,-3.725010684197232,15315177000
2021-06-18,207.77000427246094,209.4499969482422,203.93333435058594,204.4566650390625,73682700,52.26829801078261,203.9496159416795,211.1361793078337,-1.8133229691803763,-3.342673141193861,15388859700
2021-06-21,206.94332885742188,210.4633331298828,202.9600067138672,208.16000366210938,74438100,51.44475164697453,204.23473145746448,210.9717537999744,-1.394305477679012,-2.9529996084908916,15314421600
2021-06-22,207.90333557128906,209.52333068847656,205.1666717529297,206.0833282470703,57476700,52.38303781116732,204.58412232544777,210.8514236733593,-0.9735441669614318,-2.557108520185,15371898300
2021-06-23,218.85667419433594,219.06666564941406,210.01333618164062,210.6666717529297,93297600,61.51981800506882,205.9434129796276,211.16535506633878,0.24097725343884235,-1.9974913654602315,15465195900
2021-06-24,226.60667419433594,232.5399932861328,222.5366668701172,224.99667358398438,137947200,66.4282752975211,207.91134261912362,211.7708969929269,1.808012813542291,-1.236390529659727,15603143100
2021-06-25,223.9566650390625,231.27000427246094,222.89999389648438,229.86000061035156,97490100,63.448001257020074,209.4394685638797,212.2487702496381,2.8037463503702895,-0.42836315365372374,15505653000
2021-06-28,229.57333374023438,231.56666564941406,223.44000244140625,223.8800048828125,64884600,66.8433896909952,211.35697953305635,212.92816489632816,3.9999812815925964,0.4573057333955403,15570537600
2021-06-29,226.9199981689453,229.1699981689453,225.29666137695312,228.21665954589844,52143900,63.82704394340906,212.8391717840934,213.47686424035237,4.679956452429252,1.3018358772022827,15518393700
2021-06-30,226.56666564941406,230.93666076660156,226.04666137695312,226.58999633789062,56774700,63.4166489449548,214.1465521522192,213.99018978580577,5.131181625145757,2.0677050267909776,15461619000
2021-07-01,225.97332763671875,229.3300018310547,224.26666259765625,227.97332763671875,55903500,62.687723562973225,215.27291172217153,214.46011676035138,5.37889880930814,2.7299437832944102,15405715500
2021-07-02,226.3000030517578,233.3333282470703,224.4199981689453,226.32666015625,81163500,62.94029296024619,216.32311089641783,214.92442602668106,5.537740809389362,3.2915031885134005,15486879000
2021-07-06,219.86000061035156,228.0,217.13333129882812,227.23666381835938,69853500,55.0317485549684,216.65995753584008,215.11797797113874,5.085349123991648,3.6502723756090503,15417025500
2021-07-07,214.88333129882812,221.89999389648438,212.77333068847656,221.42333984375,56376000,49.82189544590717,216.49075503707704,215.10877614085206,4.275959235948932,3.7754097476770268,15360649500
2021-07-08,217.60333251953125,218.14332580566406,206.82000732421875,209.4566650390625,68319900,52.47034570312452,216.59671479731077,215.20660188119243,3.8100731334536135,3.7823424248323443,15428969400
2021-07-09,218.98333740234375,219.6366729736328,214.89666748046875,217.72666931152344,54421500,53.80261246424603,216.8240121882663,215.3547091565317,3.5117288770397295,3.7282197152738217,15483390900
2021-07-12,228.56666564941406,229.0800018310547,220.72000122070312,220.73333740234375,77781000,61.80856389037864,217.94236013694703,215.87282509742906,4.002445700105227,3.783064912240103,15561171900
2021-07-13,222.84666442871094,231.0933380126953,222.10000610351562,228.77333068847656,62898300,55.613571704502775,218.40943673616263,216.14630899277344,3.8850021370365937,3.8034523571994012,15498273600
2021-07-14,217.7933349609375,226.20333862304688,217.6133270263672,223.5833282470703,64923600,50.77203878293653,218.3507603766174,216.21089824642695,3.3455998194021674,3.711881849639955,15433350000
2021-07-15,216.86666870117188,222.04666137695312,212.6266632080078,219.4633331298828,60628800,49.913906807670415,218.20941831228924,216.23661473484833,2.8109425775203647,3.531693995216037,15372721200
2021-07-16,214.74000549316406,218.89999389648438,214.06666564941406,218.22666931152344,49113000,47.91248676554205,217.87899804380112,216.17792417635093,2.1903696953214933,3.2634291352371285,15323608200
2021-07-19,215.4066619873047,215.73333740234375,207.09666442871094,209.9633331298828,63891300,48.608149937437176,217.64353746699194,216.14767860030992,1.7323849672587244,2.957220301641448,15387499500
2021-07-20,220.1666717529297,220.79666137695312,213.5,217.3300018310547,46461300,53.39438521052351,217.8838359704146,216.30528617492246,1.7335386235299381,2.712483966019146,15433960800
2021-07-21,218.42999267578125,221.6199951171875,216.76333618164062,219.8699951171875,41859900,51.50950573591675,217.93585089473524,216.38860799848555,1.5761485574909386,2.485216884313505,15392100900
2021-07-22,216.4199981689453,220.72332763671875,214.86666870117188,218.81333923339844,45317100,49.33862952946481,217.79148396846952,216.38983898556242,1.274534003126007,2.2430803080760056,15346783800
2021-07-23,214.4600067138672,216.26666259765625,212.43333435058594,215.45333862304688,43814700,47.247548111240555,217.47420042041216,216.3141592886332,0.8673491051059443,1.9679340674819934,15302969100
2021-07-26,219.2066650390625,222.73333740234375,215.70333862304688,216.99000549316406,76009800,52.49819105418122,217.6391970507598,216.42759088668925,0.917096084392341,1.757766470864063,15378978900
2021-07-27,214.92666625976562,222.1666717529297,209.0800018310547,221.13333129882812,98439900,47.87133748936085,217.38086078495084,216.36873109739813,0.6041959964888406,1.5270523759890187,15280539000
2021-07-28,215.66000366210938,218.32333374023438,213.13333129882812,215.6666717529297,48019800,48.70551213938457,217.21696963039452,216.34093786464172,0.4106607802672215,1.3037740568446594,15328558800
2021-07-29,225.78334045410156,227.89666748046875,216.26666259765625,216.59666442871094,91183800,58.563128226141856,218.03281447074758,216.7112281622676,1.0619103603064275,1.2554013175370131,15419742600
2021-07-30,229.06666564941406,232.50999450683594,223.0,223.9199981689453,88969200,61.169571527483036,219.08365744014438,217.19575512254784,1.8219647720964929,1.3687140084489091,15508711800
2021-08-02,236.55667114257812,242.31333923339844,232.8000030517578,233.3333282470703,100847400,66.36691009796198,220.7477539832333,217.9550067311765,2.9941791822460004,1.6938070432083274,15609559200
2021-08-03,236.5800018310547,240.88333129882812,233.6699981689453,239.6666717529297,64860900,66.38200432038204,222.25558711159726,218.6853986958776,3.880320223099176,2.131109679186497,15674420100
2021-08-04,236.97332763671875,241.63333129882812,236.30999755859375,237.0,51007800,66.65371145988229,223.65727668541837,219.40257237983218,4.561746513414931,2.617237046032184,15725427900
2021-08-05,238.2100067138672,240.31666564941406,237.1366729736328,238.6666717529297,38758800,67.54197249756831,225.04325097384205,220.14011882430415,5.142294256843201,3.1222484881943875,15764186700
2021-08-06,233.03334045410156,238.77667236328125,232.5433349609375,237.3000030517578,46869000,60.301021398327045,225.8042118767239,220.645735358806,5.125584277190711,3.5229156459936526,15717317700
2021-08-09,237.9199981689453,239.67666625976562,235.0433349609375,236.72332763671875,44145900,64.20243341242151,226.9580962855069,221.32315742979188,5.443900045003858,3.907112525795694,15761463600
2021-08-10,236.663330078125,238.8633270263672,233.9600067138672,237.99667358398438,40296900,62.50135143676211,227.88240426575626,221.92473282776572,5.531006966444409,4.231891413925437,15721166700
2021-08-11,235.94000244140625,238.39332580566406,234.73666381835938,237.57000732421875,29401800,61.49143020490033,228.64979456819913,222.47435124398692,5.478520361607536,4.481217203461857,15691764900
2021-08-12,240.75,240.93333435058594,233.13333129882812,235.44667053222656,52377300,65.4853228787502,229.8021950855135,223.19104335206586,5.758668606234465,4.736707484016379,15744142200
2021-08-13,239.05667114257812,243.3000030517578,238.1133270263672,241.23666381835938,50194500,63.00781767356772,230.68357375761488,223.81322483404674,5.77745175392576,4.944856337998256,15693947700
2021-08-16,228.72332763671875,236.5,225.46665954589844,235.02333068847656,68032200,50.4615296334065,230.49688365086286,224.00577788513192,4.90201568678998,4.936288207756601,15625915500
2021-08-17,221.90333557128906,224.86000061035156,216.27999877929688,224.22000122070312,71163900,44.20517173993228,229.67845050042726,223.923329166942,3.6162243504893468,4.67227543630315,15554751600
2021-08-18,229.663330078125,231.92333984375,223.11666870117188,223.25,61048200,51.563750003713444,229.677010460208,224.14842724189037,3.1866583428163437,4.375152017605789,15615799800
2021-08-19,224.49000549316406,228.85000610351562,222.52999877929688,226.07000732421875,42940500,47.103622509426124,229.1830099871562,224.1618224674305,2.4011017221318696,3.9803419585110054,15572859300
2021-08-20,226.75332641601562,230.7100067138672,224.56666564941406,227.61666870117188,44525700,49.17491754769952,228.95161155180946,224.2634500732574,1.9388239678956438,3.5720383603879333,15617385000
2021-08-23,235.43333435058594,237.3766632080078,226.9166717529297,228.47999572753906,60794700,56.25029803872244,229.56891848502627,224.7014847507997,2.246967967557822,3.3070242818219113,15678179700
2021-08-24,236.163330078125,238.4066619873047,234.2133331298828,236.89332580566406,39249300,56.79503921308377,230.196957684369,225.15096888128303,2.521018133962258,3.149823052249981,15717429000
2021-08-25,237.06666564941406,238.99000549316406,234.6666717529297,235.67666625976562,37936800,57.500243626467835,230.85121558580187,225.61825110748427,2.7790612086672866,3.075670683533442,15755365800
2021-08-26,233.72000122070312,238.46665954589844,232.5399932861328,236.10333251953125,39642900,53.98464417213722,231.12443326531627,225.93596679819873,2.6825911138106164,2.997054769588877,15715722900
2021-08-27,237.30667114257812,238.3333282470703,234.03334045410156,235.0,41501400,57.01771876768803,231.7132178250555,226.38187677248814,2.862554410880904,2.9701546978472826,15757224300
2021-08-30,243.6366729736328,243.6666717529297,237.57666015625,238.24000549316406,55812600,61.802992198444485,232.84878498206285,227.05853544704283,3.475887004386152,3.0713011591550567,15813036900
2021-08-31,245.24000549316406,246.79666137695312,242.14666748046875,244.3333282470703,62566200,62.92878524833917,234.02890122121534,227.77153427238093,4.04470816034987,3.2659825593940197,15875603100
2021-09-01,244.69667053222656,247.3300018310547,243.7566680908203,244.69332885742188,39612900,62.25911516659531,235.04487925083546,228.4352651061004,4.400929261040432,3.4929718997233024,15835990200
2021-09-02,244.1300048828125,246.99000549316406,243.51333618164062,244.8333282470703,38331900,61.52375800991422,235.91012931102375,229.05074509734402,4.5846627295935605,3.7113100656973543,15797658300
2021-09-03,244.52333068847656,244.6666717529297,241.39999389648438,244.0833282470703,45738300,61.860487193687426,236.7304342041145,229.65751315974137,4.707743001651465,3.910596652888177,15843396600
2021-09-07,250.97332763671875,253.39999389648438,246.4199981689453,246.6666717529297,60119400,66.96601686473859,238.0869002453149,230.49342745295618,5.265053592420969,4.1814880407947355,15903516000
2021-09-08,251.2899932861328,254.81666564941406,246.92333984375,253.86000061035156,56379000,67.1981781283719,239.34433767777375,231.30897905425724,5.666953410869752,4.478581114809739,15959895000
2021-09-09,251.6199951171875,254.03334045410156,250.5433349609375,251.1366729736328,42233100,67.45487163486044,240.51344791009888,232.10548948809765,5.943576452748573,4.771580182397506,16002128100
2021-09-10,245.42333984375,254.20333862304688,244.83999633789062,253.1999969482422,45552600,58.23863211786023,240.9810566656847,232.6277581294958,5.598250763430713,4.936914298604147,15956575500
2021-09-13,247.6666717529297,248.25999450683594,236.28334045410156,246.73666381835938,68857500,60.35064905069363,241.617781912089,233.21751944806184,5.442853970954644,5.038102233074247,16025433000
2021-09-14,248.163330078125,251.49000549316406,245.46665954589844,247.52333068847656,55574700,60.82304076799425,242.24116745171148,233.80362966884863,5.298696988876969,5.090221184234792,16081007700
2021-09-15,251.94332885742188,252.2866668701172,246.1199951171875,248.3333282470703,46073100,64.3084240202005,243.1651828236839,234.5149904213417,5.426907837291338,5.157558514846102,16127080800
2021-09-16,252.3300018310547,252.97000122070312,249.20333862304688,250.94332885742188,41770200,64.65483106782585,244.03802272914777,235.21361831976182,5.496358535942363,5.225318519065354,16168851000
2021-09-17,253.163330078125,253.67999267578125,250.0,252.38333129882812,84612600,65.43346584865559,244.90709961952655,235.9175285847957,5.554611239370331,5.29117706312635,16253463600
2021-09-20,243.38999938964844,247.3333282470703,239.5399932861328,244.85333251953125,74273100,51.190401219501155,244.76261388334768,236.21056665557424,4.757311493523815,5.184403949205843,16179190500
2021-09-21,246.4600067138672,248.24667358398438,243.47999572753906,244.92999267578125,48992100,54.53800113742494,244.92427034339715,236.61250548138966,4.323332943655544,5.012189748095784,16228182600
2021-09-22,250.64666748046875,251.22332763671875,246.3733367919922,247.8433380126953,45378900,58.69816730998216,245.46926054692779,237.1628647754712,4.2680311444431425,4.863358027365256,16273561500
2021-09-23,251.2133331298828,252.73333740234375,249.30667114257812,251.6666717529297,35842500,59.24181900058178,246.0163150786378,237.71386353446775,4.221269089806128,4.73494023985343,16309404000
2021-09-24,258.1300048828125,258.26666259765625,248.18666076660156,248.6300048828125,64119000,65.25375394767879,247.16999982189253,238.51449652852048,4.688283812591379,4.725608954401021,16373523000
2021-09-27,263.78668212890625,266.3333435058594,256.4366760253906,257.7066650390625,84212100,69.24870779653992,248.75254099398907,239.5055626304964,5.451995711184594,4.870886305757735,16457735100
2021-09-28,259.1866760253906,265.21331787109375,255.39332580566406,262.3999938964844,76144200,62.91391679805315,249.74626813983684,240.27737099892363,5.621262430187301,5.020961530643649,16381590900
2021-09-29,260.4366760253906,264.5,256.8933410644531,259.9333190917969,62828700,63.880845563564876,250.76440222417529,241.0679319803537,5.789533934475031,5.174676011409925,16444419600
2021-09-30,258.49334716796875,263.0433349609375,258.3333435058594,260.3333435058594,53868000,61.2089503956038,251.50049221882227,241.7512815955543,5.7003696038009934,5.279814729888139,16390551600
2021-10-01,258.40667724609375,260.260009765625,254.52999877929688,259.4666748046875,51094200,61.08623504117985,252.15822412618147,242.4044343661637,5.558636193080019,5.335579022526516,16339457400
2021-10-04,260.510009765625,268.989990234375,258.7066650390625,265.5,91449900,63.023690604741574,252.95363228231895,243.1144569308485,5.55203242620334,5.378869703261881,16430907300
2021-10-05,260.1966552734375,265.7699890136719,258.0666809082031,261.6000061035156,55297800,62.524243366590966,253.64344399575882,243.78434706193042,5.458590570427987,5.394813876695102,16375609500
2021-10-06,260.9166564941406,262.2200012207031,257.739990234375,258.73333740234375,43898400,63.24499276426859,254.3361309003666,244.45620233378182,5.380610973732132,5.391973296102509,16419507900
2021-10-07,264.53668212890625,268.3333435058594,261.1266784667969,261.82000732421875,57587400,66.71149341923439,255.30761196975135,245.24367212966905,5.546975317855043,5.422973700453016,16477095300
2021-10-08,261.8299865722656,265.4599914550781,260.3033447265625,265.4033203125,50215800,62.00281905409127,255.92879050332414,245.8941158333003,5.398185624910468,5.418016085344507,16426879500
2021-10-11,263.9800109863281,267.0799865722656,261.8333435058594,262.54998779296875,42600900,64.16641856963798,256.69557340646736,246.60336662361513,5.391606637828829,5.412734195841372,16469480400
2021-10-12,268.5733337402344,270.7733459472656,265.5233459472656,266.9766540527344,66060000,68.31709389503916,257.8267886763499,247.46493396152178,5.691428259226569,5.468473008518412,16535540400
2021-10-13,270.3599853515625,271.8033447265625,268.59332275390625,270.15667724609375,42360300,69.78322965590766,259.02042645494157,248.3627791140724,6.003996572516201,5.57557772131797,16577900700
2021-10-14,272.7733459472656,273.4166564941406,271.1166687011719,271.8299865722656,36741600,71.68900348350338,260.3302283113534,249.32005624478586,6.372983457257703,5.7350588685059165,16614642300
2021-10-15,281.010009765625,281.07000732421875,274.1166687011719,274.5799865722656,56773800,77.01679987754517,262.2997313069983,250.5627995201129,7.246504956941294,6.037348086192992,16671416100
2021-10-18,290.03668212890625,291.7533264160156,283.8233337402344,283.92999267578125,72621600,81.1937216783813,264.9413456709895,252.11079491653618,8.568383073058442,6.5435550835660825,16744037700
2021-10-19,288.0899963378906,292.6499938964844,287.5033264160156,292.510009765625,52143300,77.90545830026258,267.14597906783723,253.52174399188343,9.351106000384732,7.105065266929813,16691894400
2021-10-20,288.6000061035156,289.8299865722656,285.7933349609375,288.45001220703125,42096300,78.15506839937066,269.18921973790185,254.89736211390823,9.898469688278453,7.6637461511995415,16733990700
2021-10-21,298.0,300.0,285.1666564941406,285.3333435058594,94444500,82.15631611265826,271.9331035723874,256.58766163885304,10.964369872093869,8.323870895378407,16828435200
2021-10-22,303.2266540527344,303.3333435058594,296.9866638183594,298.5,68642400,83.91996674927563,274.91344171337283,258.41664173351506,12.091467833738989,9.077390283050525,16897077600
2021-10-25,341.6199951171875,348.3399963378906,314.73333740234375,316.84332275390625,188556300,90.9758481109975,281.2664467994504,261.6795183367963,15.899443953175307,10.441801017075482,17085633900
2021-10-26,339.4766540527344,364.9800109863281,333.8133239746094,341.5633239746094,187245000,88.63753818036844,286.81027606166793,264.730386404088,18.530732007954725,12.059587215251332,16898388900
2021-10-27,345.9533386230469,356.9599914550781,343.59332275390625,346.5533447265625,115579500,89.51455695730198,292.4429486865612,267.9156002165962,20.897764643285996,13.827222700858265,17013968400
2021-10-28,359.0133361816406,360.3333435058594,351.3999938964844,356.10333251953125,81639600,91.01977289278177,298.7829855908545,271.4880604505195,23.55594939480619,15.77296803964785,17095608000
2021-10-29,371.3333435058594,371.7366638183594,357.7366638183594,360.6199951171875,89755200,92.16272874110378,305.6925434875216,275.4035617468074,26.352921514939965,17.888958734706275,17185363200
2021-11-01,402.86334228515625,403.25,372.88665771484375,381.6666564941406,168146100,94.1979834518968,314.94690527777254,280.40198451301717,30.75917682205494,20.46300235217601,17353509300
2021-11-02,390.6666564941406,402.86334228515625,382.0,386.4533386230469,128213400,85.00224039794868,322.15831015552186,284.72608929659066,32.88788422951916,22.94797872764464,17225295900
2021-11-03,404.6199951171875,405.1300048828125,384.2066650390625,392.4433288574219,103885500,86.61240001729816,330.0118039613948,289.4278110934768,35.29397107162714,25.41717719644114,17329181400
2021-11-04,409.9700012207031,414.4966735839844,405.6666564941406,411.4700012207031,76192200,87.18068751774028,337.6268703670432,294.15495580434845,37.203652462486446,27.774472249650202,17405373600
2021-11-05,407.36334228515625,413.2900085449219,402.6666564941406,409.3333435058594,64886400,85.28121347112132,344.2684391211492,298.59450037222325,38.06792973439832,29.833163746599826,17340487200
2021-11-08,387.64666748046875,399.0,377.6666564941406,383.2633361816406,100337100,72.42694445709051,348.3996989648939,302.0867422196054,36.738407330714324,31.21421246342273,17240150100
2021-11-09,341.1666564941406,391.5,337.17333984375,391.20001220703125,177317400,52.3823850771752,347.7108377772031,303.61928787743034,31.57028027101876,31.285426024941938,17062832700
2021-11-10,355.98333740234375,359.3666687011719,329.10333251953125,336.8033447265625,128408100,56.51395972222272,348.49869488435934,305.6727800156622,28.343360051444222,30.697012830242397,17191240800
2021-11-11,354.5033264160156,368.3233337402344,351.55999755859375,367.5899963378906,67189800,55.99136178666904,349.0705645540409,307.5877034039114,25.3740813955867,29.632426543311258,17124051000
2021-11-12,344.47332763671875,351.5,339.73333740234375,349.1666564941406,76719300,52.451468056520405,348.6327324666769,309.03419847186467,21.958446290847462,28.0976304928185,17047331700
2021-11-15,337.7966613769531,343.99334716796875,326.20001220703125,339.2099914550781,104326800,50.177313029428454,347.600725696227,310.16213819363287,18.49952864343976,26.17801012294275,16943004900
2021-11-16,351.57666015625,352.3999938964844,334.05999755859375,334.4366760253906,79627200,54.556637020958746,347.97938612099114,311.78623709412767,16.677988752298518,24.278005848813905,17022632100
2021-11-17,363.0033264160156,373.21331787109375,351.8333435058594,354.5033264160156,94336200,57.8640453520383,349.41023757766015,313.7947504008684,15.972322741473477,22.61686922734582,17116968300
2021-11-18,365.4599914550781,370.6666564941406,358.3399963378906,368.8500061035156,62696700,58.562316199075504,350.93878556598565,315.82083828534724,15.433403018256854,21.180175985528027,17179665000
2021-11-19,379.0199890136719,379.5733337402344,364.23333740234375,366.2900085449219,64926900,62.278197704586646,353.6131858943367,318.2992363531247,15.917002436157247,20.127541275653872,17244591900
2021-11-22,385.6233215332031,400.6499938964844,377.4766540527344,387.4433288574219,99217500,63.97249199395811,356.6617702408954,320.939396556265,16.64126209634196,19.43028543979149,17343809400
2021-11-23,369.6766662597656,393.5,354.23333740234375,389.1700134277344,108515100,57.28134264491107,357.9012841474545,322.8506620348337,15.7469601319807,18.693620378229333,17235294300
2021-11-24,372.0,377.5899963378906,354.0,360.1300048828125,67680600,57.971077835508055,359.244018990554,324.7780870530755,15.052180827135373,17.965332468010544,17302974900
2021-11-26,360.6400146484375,369.59332275390625,360.3333435058594,366.489990234375,35042700,53.428632554720046,359.3769709579715,326.18443715485444,13.430093585013594,17.058284691411156,17267932200
2021-11-29,378.9966735839844,380.8900146484375,366.7300109863281,366.9966735839844,58393500,59.01697364061653,361.2455140652108,328.2555052501144,13.470526873537153,16.340733127836355,17326325700
2021-11-30,381.586669921875,389.3333435058594,372.6666564941406,381.4566650390625,81276000,59.75082996175345,363.1827670039407,330.3469234725364,13.555304492656091,15.783647400800303,17407601700
2021-12-01,365.0,390.9466552734375,363.586669921875,386.8999938964844,68450400,53.18296391416559,363.3558368130892,331.705867650084,12.144096143580896,15.055737149356423,17339151300
2021-12-02,361.5333251953125,371.0,352.2166748046875,366.35333251953125,73114800,51.89892757833983,363.1822642780628,332.87557186754395,10.623510459531701,14.16929181139148,17266036500
2021-12-03,338.3233337402344,363.52667236328125,333.4033203125,361.5966796875,92322000,44.2038736886865,360.8147470839839,333.0892095880416,7.459593463252986,12.827352141763782,17173714500
2021-12-06,336.336669921875,340.5466613769531,316.8333435058594,333.836669921875,81663000,43.60786554084758,358.4835016399735,333.21656097368214,4.73725119902582,11.209331953216191,17092051500
2021-12-07,350.5833435058594,352.5566711425781,342.2699890136719,348.0666809082031,56084700,48.926068776637926,357.73110562720075,333.89761126906166,3.6868629736497383,9.7048381573029,17148136200
2021-12-08,356.32000732421875,357.4599914550781,344.3333435058594,350.9033203125,41906400,50.93270710915226,357.59671531263103,334.7769209182835,3.2795193070999744,8.419774387262315,17190042600
2021-12-09,334.6000061035156,354.163330078125,334.1199951171875,353.5466613769531,59438400,43.900042777443495,355.40655253081053,334.76998308241025,1.1903522993812885,6.97388996968611,17130604200
2021-12-10,339.010009765625,340.32666015625,327.510009765625,336.25,59664300,45.54415485624833,353.8449770293643,334.93625863861473,-0.10822956324295774,5.557466063100296,17190268500
2021-12-13,322.13665771484375,335.0,317.1400146484375,333.6966552734375,78595500,40.63692069029312,350.8251370946481,334.43431350434923,-2.47042600595114,3.9518876492900095,17111673000
2021-12-14,319.5033264160156,322.13665771484375,310.0,315.0,70806300,39.91411844462184,347.8421075062069,333.8487845989244,-4.503063026145242,2.2608975142029593,17040866700
2021-12-15,325.3299865722656,326.25,309.4166564941406,317.7366638183594,75169200,42.35722523554348,345.6980959886887,333.51471408807504,-5.579463151711593,0.6928253810200489,17116035900
2021-12-16,308.97332763671875,331.6600036621094,307.2833251953125,331.5,82771500,37.720541013162276,342.2004990027868,332.5523067762571,-7.664017659173737,-0.9785432270187083,17033264400
2021-12-17,310.8566589355469,320.2200012207031,303.0133361816406,304.92333984375,100437300,38.55457998429046,339.2153713773354,331.70149705701357,-9.059639147915107,-2.5947624111979883,17133701700
2021-12-20,299.9800109863281,307.2300109863281,297.7966613769531,303.5666809082031,56480100,35.590256077357424,335.4786703877156,330.45751721110435,-10.917483864126893,-4.259306701783769,17077221600
2021-12-21,312.84332275390625,313.1666564941406,295.3733215332031,305.6233215332031,71517900,41.335005883726524,333.3229229940195,329.7667644872927,-11.22251130574955,-5.651947622576926,17148739500
2021-12-22,336.2900085449219,338.5533447265625,319.01666259765625,321.88665771484375,93634200,50.07568218424945,333.6055025702959,330.02257797974875,-9.463210163512485,-6.414200130764038,17242373700
2021-12-23,355.6666564941406,357.6600036621094,332.5199890136719,335.6000061035156,92713200,55.92066107169378,335.70656484875735,331.02822811756806,-6.431281965941594,-6.41761649779955,17335086900
2021-12-27,364.64666748046875,372.3333435058594,356.90667724609375,357.8900146484375,71145900,58.354129174106596,338.4627650993965,332.3465982886622,-3.2661945305771383,-5.787332104355068,17406232800
2021-12-28,362.8233337402344,373.0,359.47332763671875,369.8299865722656,60324000,57.65810403364736,340.78281925566677,333.5417643848023,-0.8946547068706536,-4.808796624858186,17345908800
2021-12-29,362.0633239746094,368.0,354.71331787109375,366.21331787109375,56154000,57.35103763068637,342.80953399080414,334.6602569177359,0.9129572501358325,-3.664445849859382,17289754800
2021-12-30,356.7799987792969,365.1833190917969,351.04998779296875,353.77667236328125,47040900,55.15212950776011,344.1400544468511,335.52769777505205,1.8973115342027427,-2.552094373046957,17242713900
2021-12-31,352.260009765625,360.6666564941406,351.5299987792969,357.8133239746094,40733700,53.27036113719278,344.91338352482956,336.1838668727216,2.2863385700966887,-1.584407784418228,17201980200
2022-01-03,399.9266662597656,400.3566589355469,378.67999267578125,382.5833435058594,103931400,66.32085464846332,350.15274378529966,338.68358449574293,6.367545015755923,0.005982775616602139,17305911600
2022-01-04,383.1966552734375,402.6666564941406,374.3500061035156,396.51666259765625,100248300,59.98845380584756,353.2997829746461,340.42919511447604,8.157919046741881,1.6363700298416581,17205663300
2022-01-05,362.7066650390625,390.11334228515625,360.336669921875,382.2166748046875,80119800,53.27876138150092,354.19567650459055,341.3028213860285,7.833136869453199,2.8757233977639665,17125543500
2022-01-06,354.8999938964844,362.6666564941406,340.1666564941406,359.0,90336600,50.9409431425788,354.2627543514376,341.8360438374189,6.866656988472073,3.673910115905588,17035206900
2022-01-07,342.32000732421875,360.30999755859375,336.6666564941406,360.1233215332031,84164700,47.33639539723383,353.12534987265485,341.8550227976856,5.027659212839183,3.9446599352923073,16951042200
2022-01-10,352.7066650390625,353.0333251953125,326.6666564941406,333.3333435058594,91815000,50.45367375838013,353.08547512659845,342.2805773953867,4.358119015874024,4.027351751408651,17042857200
2022-01-11,354.79998779296875,358.6166687011719,346.2733459472656,351.22332763671875,66063300,51.08213365135677,353.24876204720516,342.7715346658801,3.9508740212314706,4.012056205373216,17108920500
2022-01-12,368.739990234375,371.61334228515625,357.5299987792969,359.6166687011719,83739000,55.16094741312131,354.72411711264994,343.78990547248776,4.698806211396004,4.1494062065777735,17192659500
2022-01-13,343.85333251953125,371.8666687011719,342.17999267578125,369.69000244140625,97209900,47.53992452588186,353.6888042942577,343.7923928076659,3.2459848764501658,3.968721940552252,17095449600
2022-01-14,349.8699951171875,350.6666564941406,337.7933349609375,339.9599914550781,72924300,49.36145537601182,353.32510818215576,344.03073015313737,2.550704950861757,3.6851185426141533,17168373900
2022-01-18,343.5033264160156,356.92999267578125,338.6866760253906,342.2033386230469,66743400,47.48264146285568,352.3897003949043,344.0100476536424,1.4690197002262835,3.2418987741365797,17101630500
2022-01-19,331.8833312988281,351.5566711425781,331.6666564941406,347.2366638183594,75442500,44.17760427915876,350.43671286194467,343.5344901495321,-0.3221466416737826,2.5290896909745073,17026188000
2022-01-20,332.0899963378906,347.2200012207031,331.3333435058594,336.57666015625,70488600,44.251926229447314,348.68940652632045,343.0856864706442,-1.705324807947477,1.6822067911901106,17096676600
2022-01-21,314.6333312988281,334.8500061035156,313.5,332.11334228515625,103416000,39.47145499149746,345.4459707903688,341.9699078364553,-4.162131980560673,0.513339036839954,16993260600
2022-01-24,310.0,311.1700134277344,283.8233337402344,301.586669921875,151565700,38.28914606098381,342.0701640484289,340.71618596051593,-6.40915967547113,-0.871160705622263,16841694900
2022-01-25,306.1333312988281,317.086669921875,301.07000732421875,304.73333740234375,86595900,37.285420078540106,338.64760854846696,339.3599955816262,-8.405064806614462,-2.377941525820703,16755099000
2022-01-26,312.4700012207031,329.2300109863281,302.0,317.4766540527344,104867400,40.058582462260034,336.1545030886799,338.3054859988449,-9.367534590162734,-3.7758601386891093,16859966400
2022-01-27,276.3666687011719,311.7966613769531,276.3333435058594,311.1199951171875,147109500,31.50950498546561,330.460423623203,335.8765127714852,-12.89489174874393,-5.599666460700074,16712856900
2022-01-28,282.1166687011719,285.8333435058594,264.0033264160156,277.1866760253906,134789100,33.928006281565686,325.8562564877715,333.7682835922572,-15.052850870153804,-7.49030334259082,16847646000
2022-01-31,312.239990234375,312.663330078125,287.3500061035156,290.9033203125,104436000,44.90425154333561,324.55946922554324,332.9240367939089,-14.169017115103657,-8.826046097093387,16952082000
2022-02-01,310.4166564941406,314.5666809082031,301.6666564941406,311.7366638183594,73138200,44.423197137203545,323.21253467969535,332.0413944292121,-13.46053561546654,-9.752944000768018,16878943800
2022-02-02,301.88665771484375,310.5,296.4700012207031,309.3933410644531,66792900,42.14833718915418,321.1814987782809,330.858855734531,-13.432516843267763,-10.488858569267967,16812150900
2022-02-03,297.0466613769531,312.3333435058594,293.50665283203125,294.0,78855600,40.86947239586227,318.8829428352973,329.5328873283515,-13.64358427270713,-11.1198037099558,16733295300
2022-02-04,307.7733459472656,312.1666564941406,293.72332763671875,299.0733337402344,73625400,44.8624494539909,317.8248859888181,328.6795719800736,-12.79777811326619,-11.455398590617879,16806920700
2022-02-07,302.4466552734375,315.92333984375,300.9033203125,307.92999267578125,60994500,43.29880634285589,316.3602925873533,327.65083014844083,-12.414187037960971,-11.647156280086499,16745926200
2022-02-08,307.3333435058594,308.7633361816406,298.26666259765625,301.84332275390625,50729100,45.18630045980601,315.5005831510205,326.8540659663788,-11.582359219247053,-11.634196867918611,16796655300
2022-02-09,310.6666564941406,315.42333984375,306.6666564941406,311.6666564941406,52259400,46.49468815273913,315.0402091836986,326.2192655949185,-10.532744260001493,-11.413906346335189,16848914700
2022-02-10,301.51666259765625,314.60333251953125,298.8999938964844,302.7900085449219,66126900,43.43013005849967,313.75225236598027,325.25053606561414,-10.320279126864818,-11.195180902441116,16782787800
2022-02-11,286.6666564941406,305.32000732421875,283.5666809082031,303.2099914550781,79645800,38.94378021979399,311.1726718067574,323.7374427490858,-11.220823693185025,-11.200309460589898,16703142000
2022-02-14,291.9200134277344,299.6266784667969,284.3833312988281,287.19000244140625,67756500,41.255648471624,309.3390852944695,322.4897004227583,-11.379434709779616,-11.236134510427842,16770898500
2022-02-15,307.4766540527344,307.6666564941406,297.7933349609375,300.0,57286200,47.58491073578259,309.1617108904947,321.9009535062868,-10.133036855718046,-11.015514979485884,16828184700
2022-02-16,307.7966613769531,308.80999755859375,300.4033203125,304.6833190917969,51294300,47.70971710575339,309.0317061749193,321.3478440110188,-9.015510467205445,-10.615514077029797,16879479000
2022-02-17,292.1166687011719,306.1666564941406,291.3666687011719,304.4200134277344,55178400,42.384273545256285,307.4207502250386,320.20152341063266,-9.288040370943577,-10.350019335812554,16824300600
2022-02-18,285.6600036621094,295.6233215332031,279.2033386230469,295.3333435058594,68501700,40.38524607213683,305.3482981714263,318.84695400872977,-9.910775935439176,-10.26217065573788,16755798900
2022-02-22,273.84332275390625,285.57666015625,267.0333251953125,278.0433349609375,83288100,36.95041578551599,302.34782432213865,317.0821057242269,-11.228372066277416,-10.455410937845787,16672510800
2022-02-23,254.67999267578125,278.4333190917969,253.52000427246094,276.80999755859375,95256900,32.171647171855156,297.80803083200936,314.63496403605257,-13.661416766855496,-11.096612103647729,16577253900
2022-02-24,266.92333984375,267.49334716796875,233.3333282470703,233.4633331298828,135322200,37.71407983375696,294.86663169027037,312.7639199500799,-14.435285441751262,-11.764346771268436,16712576100
2022-02-25,269.9566650390625,273.1666564941406,260.79998779296875,269.74334716796875,76067700,39.043051926610005,292.4942539139649,311.0852040712165,-14.635113471268653,-12.33850011126848,16788643800
2022-02-28,290.1433410644531,292.28668212890625,271.57000732421875,271.6700134277344,99006900,47.12808080790968,292.2703574521066,310.2639545415395,-13.01455884312412,-12.473711857639609,16887650700
2022-03-01,288.1233215332031,296.6266784667969,284.59332275390625,289.8933410644531,74766900,46.463955578602125,291.8754016503063,309.3956944235655,-11.757720634471013,-12.330513613005891,16812883800
2022-03-02,293.2966613769531,295.49334716796875,281.42333984375,290.7099914550781,74643300,48.46684547594204,292.01075971951076,308.7643597942866,-10.226339137198977,-11.909678717844509,16887527100
2022-03-03,279.7633361816406,295.4800109863281,277.5333251953125,292.92333984375,61623600,43.84563881532498,290.8443384301898,307.6270647506534,-9.989580838538416,-11.52565914198329,16825903500
2022-03-04,279.42999267578125,285.2166748046875,275.0533447265625,283.0333251953125,66999600,43.73502428669972,289.7572578821509,306.5212972183055,-9.716836572664477,-11.163894628119529,16758903900
2022-03-07,268.1933288574219,288.71331787109375,268.19000244140625,285.4333190917969,72494100,40.06568078298961,287.70355035598624,305.0182396355258,-10.288786907445342,-10.988873083984691,16686409800
2022-03-08,274.79998779296875,283.3299865722656,260.72332763671875,265.1766662597656,80399100,43.089002597771405,286.47463963569885,303.833210151504,-10.092618087615222,-10.809622084710798,16766808900
2022-03-09,286.3233337402344,286.85333251953125,277.336669921875,279.82666015625,59184000,48.01473132421373,286.4602295504165,303.1465483314542,-8.904667704916733,-10.428631208751986,16825992900
2022-03-10,279.4333190917969,284.8166809082031,270.1199951171875,283.8166809082031,58648500,45.480060557048716,285.7909999829289,302.21661777303626,-8.422090451624683,-10.027323057326527,16767344400
2022-03-11,265.1166687011719,281.26666259765625,264.5899963378906,280.0666809082031,67037100,40.67518100701647,283.822016051333,300.7617178094337,-9.090093598279054,-9.839877165517033,16700307300
2022-03-14,255.4566650390625,266.8999938964844,252.01333618164062,260.2033386230469,71152200,37.77523941333655,281.12055405016434,298.98504907334075,-10.280465659463971,-9.92799486430642,16629155100
2022-03-15,267.2966613769531,268.5233459472656,252.19000244140625,258.42333984375,66841200,43.12731737659972,279.80399284319185,297.7423672028942,-10.151435906549636,-9.972683072755064,16695996300
2022-03-16,280.07666015625,280.6666564941406,267.4200134277344,269.6666564941406,84028800,48.29672931402328,279.8299611587212,297.0495943775356,-8.91517125840727,-9.761180709885506,16780025100
2022-03-17,290.5333251953125,291.6666564941406,275.239990234375,276.9966735839844,66582900,52.13064101801775,280.84932916220606,296.7940544096053,-7.010840533716305,-9.211112674651666,16846608000
2022-03-18,301.7966613769531,302.6166687011719,289.1300048828125,291.4966735839844,100414200,55.92207714661337,282.84431318265814,296.99023507499146,-4.54044815619261,-8.276979770959855,16947022200
2022-03-21,307.0533447265625,314.2833251953125,302.36334228515625,304.99334716796875,81981600,57.60957547602678,285.14993523445855,297.3848668260335,-2.1338759902870947,-7.048359014825303,17029003800
2022-03-22,331.32666015625,332.6199951171875,307.25,310.0,105868500,64.38920374234512,289.54771856034347,298.71591754486553,1.7122655527796837,-5.296234101304306,17134872300
2022-03-23,333.03668212890625,346.8999938964844,325.4666748046875,326.64666748046875,120676200,64.81611653034122,293.6895246144923,300.0618298814946,4.842523323054934,-3.2684826164324585,17255548500
2022-03-24,337.97332763671875,341.4966735839844,329.6000061035156,336.57666015625,68920800,66.08034015795772,297.90702966422816,301.5485552836603,7.63362551038324,-1.0880609910693189,17324469300
2022-03-25,336.8800048828125,340.6000061035156,332.44000244140625,336.0,62031600,65.51884311030997,301.6187415898076,302.9341023267643,9.646176970110787,1.0587866011667022,17262437700
2022-03-28,363.9466552734375,365.9599914550781,351.20001220703125,355.0333251953125,102506100,71.88747170974936,307.5547333692009,305.3267514619279,13.27219735325076,3.501468751583514,17364943800
2022-03-29,366.5233459472656,371.5899963378906,357.7033386230469,369.3299865722656,73614900,72.40990370442056,313.17079170996897,307.7266179123333,16.167394375523372,6.034653876371486,17438558700
2022-03-30,364.663330078125,371.3166809082031,361.3333435058594,363.72332763671875,59865000,71.37871620298398,318.0748429831267,309.9594301541291,18.10308998602744,8.448341098302677,17378693700
2022-03-31,359.20001220703125,367.71331787109375,358.8800048828125,364.8566589355469,48992700,68.30193114990543,321.9915257663557,311.89043337188997,18.97753737222081,10.554180353086304,17329701000
2022-04-01,361.5299987792969,364.9166564941406,355.5466613769531,360.3833312988281,54263100,68.91729066949527,325.75709462473105,313.83708299570986,19.632245365775645,12.369793355624173,17383964100
2022-04-04,381.8166809082031,383.3033447265625,357.510009765625,363.1266784667969,82035900,73.70391648730647,331.0961028422046,316.50294958051353,21.539774757154134,14.203789635930166,17466000000
2022-04-05,363.7533264160156,384.2900085449219,362.4333190917969,378.76666259765625,80075100,64.22066107285642,334.20631461113896,318.35590553484695,21.3478589674653,15.632603502237194,17385924900
2022-04-06,348.586669921875,359.6666564941406,342.5666809082031,357.8233337402344,89348400,57.52767622134493,335.5758722597805,319.54142570688725,19.744341417977466,16.45495108538525,17296576500
2022-04-07,352.4200134277344,358.86334228515625,340.5133361816406,350.7966613769531,79447200,58.69926557255882,337.18007618053804,320.83078208809695,18.568811293712486,16.877723127050697,17376023700
2022-04-08,341.8299865722656,349.4800109863281,340.8133239746094,347.7366638183594,55013700,54.247302564164265,337.622924789274,321.6542803031624,16.59141305638809,16.820461112918178,17321010000
2022-04-11,325.30999755859375,336.15667724609375,324.8800048828125,326.79998779296875,59357100,48.11658821835431,336.45026505301877,321.7976417641597,13.53525960945774,16.16342081222609,17261652900
2022-04-12,328.98333740234375,340.39666748046875,325.5333251953125,332.5466613769531,65976000,49.48368921039875,335.7391290862878,322.07943374997086,11.279619379489986,15.18666052567887,17327628900
2022-04-13,340.7900085449219,342.0799865722656,324.3666687011719,327.02667236328125,55121100,53.70597881636375,336.22016522520533,322.81318178114543,10.32567992431359,14.214464405405813,17382750000
2022-04-14,328.3333435058594,337.57000732421875,327.39666748046875,333.0966796875,58422300,49.0480079471013,335.4690393471724,323.0296587115264,8.46692581900163,13.064956688124978,17324327700
2022-04-18,334.7633361816406,338.3066711425781,324.4700012207031,329.6766662597656,51715200,51.3915836111947,335.40182952188366,323.4898029260407,7.4270816955972805,11.93738168961944,17376042900
2022-04-19,342.7166748046875,344.9800109863281,331.77667236328125,335.0199890136719,49847700,54.19784062420862,336.09848145357927,324.2437979016739,7.162204261770285,10.982346204049609,17425890600
2022-04-20,325.73333740234375,344.6666564941406,325.0833435058594,343.3333435058594,70711200,47.845738378582475,335.1113248772711,324.30221121542564,5.518262499334071,9.889529463106502,17355179400
2022-04-21,336.260009765625,364.0733337402344,332.1400146484375,358.24334716796875,105416400,51.62986409242938,335.2207234380667,324.77114449190407,5.007122304190375,8.913048031323278,17460595800
2022-04-22,335.01666259765625,344.95001220703125,331.3333435058594,338.3033447265625,69696600,51.15772176447388,335.20128907231333,325.17292951565906,4.450410727026849,8.020520570463992,17390899200
2022-04-25,332.67333984375,336.2066650390625,325.1000061035156,326.3233337402344,68341200,50.22549711403831,334.96053200292636,325.46706325401556,3.7765920269201274,7.171734861755219,17322558000
2022-04-26,292.1400146484375,333.3333435058594,291.6666564941406,331.80999755859375,136133700,37.497140295056305,330.88238749297506,324.16012017144385,-0.027794343751565975,5.731829020653862,17186424300
2022-04-27,293.836669921875,306.0,292.4533386230469,299.52667236328125,76956300,38.20310150413008,327.35422391477505,322.9709652596961,-2.872776471681675,4.010907922186755,17263380600
2022-04-28,292.5033264160156,300.0,273.8999938964844,299.99334716796875,124948500,37.84137446418705,324.0350908196551,321.77615589327723,-5.175376464439864,2.173651044861431,17138432100
2022-04-29,290.2533264160156,311.4666748046875,290.0,300.75,88133100,37.201249114423284,320.8177799240704,320.5399665020121,-7.0999163281171604,0.3189375702657128,17050299000
2022-05-02,300.9800109863281,302.1199951171875,282.6766662597656,286.92333984375,75781500,42.21944391570888,318.9284685966664,319.77290942296565,-7.671146041023235,-1.279079151992077,17126080500
2022-05-03,303.0833435058594,308.02667236328125,296.1966552734375,301.05999755859375,63709500,43.178266162877854,317.4194090642086,319.1184166419027,-7.863483010647769,-2.5959599237232154,17189790000
2022-05-04,317.5400085449219,318.5,295.09332275390625,301.3133239746094,81643800,49.3941383311568,317.4308947290384,319.05651828515835,-6.771323789879659,-3.4310326969545044,17271433800
2022-05-05,291.09332275390625,315.20001220703125,285.8999938964844,313.00665283203125,92519100,40.636421982865194,314.9225545409306,317.959922381972,-7.948184534260577,-4.334463064415719,17178914700
2022-05-06,288.54998779296875,296.0,281.03668212890625,295.6666564941406,72903000,39.903689404008375,312.4108815173152,316.80659161377577,-8.982535945867255,-5.264077640706027,17106011700
2022-05-09,262.3699951171875,281.8766784667969,260.3833312988281,278.8166809082031,90810300,33.256255457816266,307.64508281254115,314.67182312371347,-11.778992610625778,-6.567060634689978,17015201400
2022-05-10,266.67999267578125,275.1199951171875,258.0833435058594,273.10333251953125,84401700,35.17096423492828,303.7436456566592,312.7897905571279,-13.491897683917728,-7.9520280445355285,17099603100
2022-05-11,244.6666717529297,269.92333984375,242.39999389648438,265.0,97224600,30.377615137362596,298.11726718963735,310.1182957020613,-16.43621190118114,-9.64886481586465,17002378500
2022-05-12,242.6666717529297,253.22000122070312,226.6666717529297,233.6666717529297,140313000,29.977868654681075,292.8362581004271,307.47313397856595,-18.715247690761544,-11.46214139084403,16862065500
2022-05-13,256.5299987792969,262.45001220703125,250.52333068847656,257.82666015625,92150700,36.24104082290786,289.3785191174623,305.4753639707515,-19.1816314361555,-13.006039399906324,16954216200
2022-05-16,241.4566650390625,256.586669921875,239.69667053222656,255.72000122070312,86098500,32.80523430875975,284.81453301475756,302.9648267577441,-20.53086889759504,-14.511005299444069,16868117700
2022-05-17,253.8699951171875,254.82666015625,242.9499969482422,249.1199951171875,80236200,38.016772175183384,281.86743416736994,301.0395392424282,-20.36375660163492,-15.68155555988224,16948353900
2022-05-18,236.60333251953125,253.5,233.60333251953125,248.17333984375,87811800,34.05968299795464,277.55656734376623,298.5126291748636,-21.378160148469135,-16.82087647759962,16860542100
2022-05-19,236.47332763671875,244.6666717529297,231.3699951171875,235.6666717529297,90296700,34.03096125713438,273.64387784785697,296.079715389054,-21.939665765290442,-17.844634335137783,16770245400
2022-05-20,221.3000030517578,240.52667236328125,211.0,237.99667358398438,144973200,30.76960768888101,268.6587469148952,293.1471776503365,-23.339974796468795,-18.943702427403988,16625272200
2022-05-23,224.96665954589844,226.65333557128906,212.68666076660156,218.33999633789062,88903500,32.4542051604804,264.4975957368955,290.47343184231937,-23.878603578668873,-19.930682657656966,16714175700
2022-05-24,209.3866729736328,217.97332763671875,206.85667419433594,217.8433380126953,89092500,29.202568980417354,259.24893642610857,287.29355894550815,-25.27133327899307,-20.998812781924187,16625083200
2022-05-25,219.60000610351562,223.10667419433594,207.6699981689453,207.9499969482422,92139300,33.8794118595726,255.47284782395687,284.6389098144496,-25.259772044908885,-21.85100463452113,16717222500
2022-05-26,235.91000366210938,239.55667114257812,217.8866729736328,220.47332763671875,106003200,40.62486281074686,253.60971980854282,282.7279723182794,-23.66177102156584,-22.21315791193007,16823225700
2022-05-27,253.2100067138672,253.26666259765625,240.17666625976562,241.0833282470703,89295000,46.821899511647345,253.5716518947642,281.570405039675,-20.760068882093435,-21.922540105962746,16912520700
2022-05-31,252.75332641601562,259.6000061035156,244.7433319091797,257.9466552734375,101914500,46.683385863276825,253.49371613488336,280.4403235250217,-18.286503880545155,-21.19533286087923,16810606200
2022-06-01,246.7899932861328,257.32666015625,243.63999938964844,251.72000122070312,77247900,44.8188706649797,252.85526633976426,279.1207027313398,-16.61583988250743,-20.27943426520487,16733358300
2022-06-02,258.3333435058594,264.2099914550781,242.06666564941406,244.1566619873047,93473100,49.060076530092104,253.37698797463045,278.30551217347784,-14.196723742499614,-19.06289216066382,16826831400
2022-06-03,234.51666259765625,247.79666137695312,233.4166717529297,243.22666931152344,112393800,41.903812492910795,251.5807665101567,276.5883023861907,-14.039524973147877,-18.058218723160635,16714437600
2022-06-06,238.27999877929688,244.86666870117188,234.35000610351562,244.35333251953125,84204600,43.31094126010481,250.3140267262653,275.0860159702341,-13.456159803489015,-17.137806939226312,16798642200
2022-06-07,238.8866729736328,239.99667358398438,230.0933380126953,234.0,72808500,43.548313712925165,249.22570732125268,273.666433891936,-12.797365107444733,-16.269718572869998,16871450700
2022-06-08,241.86666870117188,249.9633331298828,239.17666625976562,240.086669921875,76210500,44.77162818658249,248.5248465002926,272.4193842766119,-11.897656041310682,-15.395306066558135,16947661200
2022-06-09,239.7066650390625,255.54666137695312,239.32666015625,249.33999633789062,96491400,44.02689150122156,247.68501969446115,271.13653254180605,-11.229477936430214,-14.562140440532552,16851169800
2022-06-10,232.22999572753906,239.5,227.913330078125,235.1566619873047,97536600,41.45632397365067,246.21311264999238,269.6107860000701,-11.174434774421115,-13.884599307310266,16753633200
2022-06-13,215.73666381835938,226.63333129882812,214.68333435058594,223.1666717529297,102767400,36.406514369000824,243.31059371364637,267.49807532627756,-12.31967319267423,-13.571614084383059,16650865800
2022-06-14,220.88999938964844,226.3300018310547,211.73666381835938,218.2866668701172,97988700,38.91040950459994,241.17529901612275,265.6703076424882,-12.66545232729763,-13.390381732965974,16748854500
2022-06-15,233.0,235.663330078125,218.14999389648438,220.9166717529297,119131800,44.445945650137574,240.39669910982533,264.3891191074886,-11.825986331919864,-13.077502652756753,16867986300
2022-06-16,213.10000610351562,225.1666717529297,208.69332885742188,222.73666381835938,107390700,38.30370628410841,237.79701406160535,262.377781342627,-12.620979879056591,-12.986198098016722,16760595600
2022-06-17,216.75999450683594,220.97000122070312,213.19667053222656,213.43333435058594,92641800,39.94746246575797,235.79348838972254,260.5888485255371,-12.808044353852608,-12.9505673491839,16853237400
2022-06-21,237.0366668701172,243.57666015625,224.3333282470703,224.60333251953125,122793000,48.183986640789534,235.91188634023632,259.6652335586579,-11.1911318951108,-12.598680258369281,16976030400
2022-06-22,236.086669921875,246.8333282470703,233.82666015625,234.50332641601562,101107500,47.852832285230434,235.92853239563047,258.7405840042743,-9.87256910541376,-12.053458027778177,16874922900
2022-06-23,235.07000732421875,239.31666564941406,228.6366729736328,237.9066619873047,104202600,47.47677992650986,235.84676810311507,257.8123260952525,-8.808100470502183,-11.40438651632298,16770720300
2022-06-24,245.7066650390625,246.06666564941406,236.086669921875,237.47000122070312,95770800,51.74905776988055,236.78580590653863,257.3375942891274,-7.025229551703575,-10.5285551233991,16866491100
2022-06-27,244.9199981689453,252.07000732421875,242.56666564941406,249.36666870117188,89178300,51.41595639624922,237.5604908839107,256.8506297353948,-5.611087818047878,-9.545061662328855,16777312800
2022-06-28,232.663330078125,249.97000122070312,232.3433380126953,244.48333740234375,90391200,46.40412124093875,237.094094616693,255.90210818020776,-5.4169378992884845,-8.719436909720782,16686921600
2022-06-29,228.49000549316406,231.17333984375,222.27333068847656,230.5,82897200,44.80272889515004,236.2746575573093,254.82712376110803,-5.536009435251202,-8.082751414826866,16604024400
2022-06-30,224.47332763671875,229.4566650390625,218.8633270263672,224.50999450683594,94600500,43.25550864617589,235.1507213743959,253.63677881505356,-5.886629419949827,-7.6435270158514586,16509423900
2022-07-01,227.26333618164062,230.22999572753906,222.1199951171875,227.0,74460300,44.68446192473672,234.39954183222875,252.60252616276287,-5.871682806999729,-7.289158174081113,16583884200
2022-07-05,233.06666564941406,233.14666748046875,216.1666717529297,223.0,84581100,47.638156769291555,234.27260124338926,251.83641398576881,-5.3301150722791135,-6.897349553720713,16668465300
2022-07-06,231.73333740234375,234.56333923339844,227.18666076660156,230.77999877929688,71853600,47.01697640842518,234.03076659186112,251.0480580413208,-4.951430182195594,-6.50816567941569,16596611700
2022-07-07,244.5433349609375,245.3633270263672,232.2100067138672,233.9199981689453,81930600,53.31541526766961,235.0319635793922,250.7929708616979,-3.5764330393398325,-5.921819151400519,16678542300
2022-07-08,250.76333618164062,254.97999572753906,241.16000366210938,242.3333282470703,101854200,56.04756931922858,236.5301895415111,250.79180871738194,-1.962216570330213,-5.129898635186458,16780396500
2022-07-11,234.3433380126953,253.06333923339844,233.6266632080078,252.10333251953125,99241200,48.05261435141108,236.32191796733818,250.1467706505315,-1.9850130189669528,-4.500921511942557,16681155300
2022-07-12,233.07000732421875,239.77333068847656,228.3699951171875,236.84666442871094,87930900,47.4869146139906,236.012212191803,249.47709365734278,-2.081828490695102,-4.017102907693066,16593224400
2022-07-13,237.0399932861328,242.05999755859375,225.03334045410156,225.5,97954500,49.483706850315166,236.1100961055487,248.98936423102083,-1.8172624902075256,-3.577134824195958,16691178900
2022-07-14,238.31333923339844,238.65333557128906,229.3333282470703,234.89666748046875,78557400,50.13860221328733,236.31992878439155,248.57069658405524,-1.4876944371638103,-3.159246746789529,16769736300
2022-07-15,240.06666564941406,243.6233367919922,236.88999938964844,240.0,69683100,51.07905357558346,236.67676086677466,248.23720517485364,-1.0726655711121964,-2.7419305116540627,16839419400
2022-07-18,240.54666137695312,250.51666259765625,239.60333251953125,244.93666076660156,82537500,51.349584999935125,237.045322820125,247.9356152219948,-0.6969861385773584,-2.3329416370387217,16921956900
2022-07-19,245.52999877929688,247.13999938964844,236.97666931152344,245.0,80890200,54.18242823329679,237.853387197189,247.84127732228114,0.002823649932679473,-1.8657885796444416,17002847100
2022-07-20,247.5,250.663330078125,243.48333740234375,246.78334045410156,88864200,55.29074601718254,238.77211222602813,247.82789389787797,0.7082265884517938,-1.3509855460251945,17091711300
2022-07-21,271.7066650390625,273.26666259765625,254.86666870117188,255.10667419433594,142032300,66.13191328044016,241.90873630345996,248.7643162955715,3.183837764613344,-0.4440208838974868,17233743600
2022-07-22,272.24334716796875,280.78668212890625,270.71331787109375,276.2200012207031,103472700,66.32686587456658,244.79774686198462,249.68506260429297,5.129948368588714,0.6707729665997533,17337216300
2022-07-25,268.4333190917969,274.14666748046875,267.3999938964844,272.2166748046875,64073400,63.53097879411809,247.04875374101437,250.42028834890098,6.292284085073192,1.795075190294441,17273142900
2022-07-26,258.8599853515625,267.30999755859375,256.2633361816406,266.5133361816406,66820800,57.026310801571604,248.17363294201894,250.75125685880928,6.36755428725661,2.709571009686875,17206322100
2022-07-27,274.82000732421875,275.9266662597656,261.7900085449219,263.80999755859375,88110000,63.699158981913854,250.71138288318082,251.69512942608026,7.627126092629226,3.693082026275345,17294432100
2022-07-28,280.8999938964844,283.29998779296875,272.79998779296875,280.0666809082031,84723000,65.8731541513519,253.58648869397163,252.8404182288412,9.012064457673063,4.756878512554889,17379155100
2022-07-29,297.1499938964844,298.32000732421875,279.1000061035156,280.70001220703125,95313000,70.89087471391522,257.7353939513538,254.57804864718017,11.290724835326529,6.0636477771092165,17474468100
2022-08-01,297.27667236328125,311.8766784667969,295.0,301.27667236328125,117042900,70.92676177091037,261.501229990585,256.25250447918415,12.957436235849912,7.442405468857356,17591511000
2022-08-02,300.586669921875,307.8333435058594,292.6666564941406,294.0033264160156,95577600,71.90152903355887,265.22365284118405,257.99109920242694,14.379646554485703,8.829853685983027,17687088600
2022-08-03,307.39666748046875,309.54998779296875,301.1499938964844,305.0,80091000,73.84453419001885,269.24013042587785,259.9285724682325,15.873290950632509,10.238541138912924,17767179600
2022-08-04,308.6333312988281,313.6066589355469,305.0,311.0,72256200,74.19352130793835,272.9918638423493,261.8385630106088,16.96128420434161,11.583089751998662,17839435800
2022-08-05,288.1700134277344,304.6066589355469,285.5433349609375,302.6700134277344,113172900,59.94131015988435,274.43740189810023,262.87116890931964,15.98800815750974,12.464073433100879,17726262900
2022-08-08,290.42333984375,305.20001220703125,289.086669921875,295.0,98994000,60.83351304689496,275.9598721786383,263.9516462008659,15.223022955628323,13.015863337606369,17825256900
2022-08-09,283.3333435058594,292.39666748046875,279.35333251953125,290.2933349609375,86244600,56.564591949520825,276.66210754313556,264.71171276184606,13.884610078702849,13.189612685825665,17739012300
2022-08-10,294.3566589355469,297.510009765625,283.3699951171875,297.0666809082031,94918800,61.13151553804668,278.3473029138414,265.87425967061864,13.557119624463382,13.26311407355321,17833931100
2022-08-11,286.6300048828125,298.2366638183594,285.8333435058594,296.5133361816406,70155000,56.63641402567043,279.13613167279107,266.6882104632537,12.529670431043826,13.116425345051333,17763776100
2022-08-12,300.0299987792969,300.1600036621094,285.0333251953125,289.4166564941406,79657200,61.87253941344006,281.12602377817257,267.9957315736868,12.650845984283137,13.023309472897695,17843433300
2022-08-15,309.32000732421875,313.1333312988281,301.2300109863281,301.78668212890625,89359200,65.02559335240058,283.8111650682722,269.616291407041,13.342698213518133,13.087187221021784,17932792500
2022-08-16,306.5633239746094,314.6666564941406,302.8833312988281,311.6666564941406,88136400,63.35140159216423,285.97803734506624,271.06519464498484,13.512787775901302,13.172307331997688,17844656100
2022-08-17,303.9966735839844,309.65667724609375,300.0333251953125,303.39666748046875,68766000,61.75709353194441,287.69409793924893,272.3566251916123,13.287309905856489,13.195307846769449,17775890100
2022-08-18,302.8699951171875,306.5,301.85333251953125,306.0,47500500,61.03101339457725,289.139421480005,273.55322793379173,12.869353635326377,13.130117004480836,17728389600
2022-08-19,296.6666564941406,300.3599853515625,292.5,299.0,61395300,57.053683844015964,289.8563010051608,274.4596368969427,11.900382494635778,12.884170102511824,17666994300
2022-08-22,289.913330078125,292.3999938964844,286.2966613769531,291.913330078125,55843200,53.003952721688165,289.8617323454431,275.0656640805185,10.46687328290676,12.400710738590812,17611151100
2022-08-23,296.4533386230469,298.82666015625,287.92333984375,291.4533386230469,63984900,56.24312505146077,290.48950437188154,275.9043964155196,9.746183006270599,11.869805192126769,17675136000
2022-08-24,297.0966796875,303.64666748046875,296.5,297.5633239746094,57259800,56.5603060192226,291.1187591638452,276.73546634775414,9.121792669246872,11.32020268755079,17732395800
2022-08-25,296.07000732421875,302.9599914550781,291.6000061035156,302.3599853515625,53230000,55.86436731802985,291.5903066076903,277.49368364094886,8.446746117878206,10.745511373616274,17679165800
2022-08-26,288.0899963378906,302.0,287.4700012207031,297.42999267578125,57163900,50.64789465198804,291.25694372485225,277.90922531533874,7.1850222041600205,10.033413539725025,17622001900
2022-08-29,284.82000732421875,287.739990234375,280.70001220703125,282.8299865722656,41864700,48.6434507104132,290.6439021628872,278.1802363745105,5.853757652957881,9.197482362371597,17580137200
2022-08-30,277.70001220703125,288.4800109863281,272.6499938964844,287.8699951171875,50541800,44.51265165017543,289.41115073851995,278.1614040542172,4.17605780830354,8.193197451557985,17529595400
2022-08-31,275.6099853515625,281.25,271.80999755859375,280.6199951171875,52107300,43.34894091841698,288.0967540350002,278.06134841881897,2.6473044166617115,7.084018844578731,17477488100
2022-09-01,277.1600036621094,277.5799865722656,266.1499938964844,272.5799865722656,54287000,44.50762366834451,287.0551587613915,278.02600156561465,1.5430426284199825,5.975823601346981,17531775100
2022-09-02,270.2099914550781,282.3500061035156,269.0799865722656,281.07000732421875,50890100,40.507064468747906,285.4508571131712,277.71949136520146,0.10587879914072573,4.801834640905731,17480885000
2022-09-06,274.4200134277344,275.989990234375,265.739990234375,272.67999267578125,55860000,43.802313276861085,284.400300571701,277.5901000735361,-0.6854686453435761,3.7043739836558696,17536745000
2022-09-07,283.70001220703125,283.8399963378906,272.2699890136719,273.1000061035156,50028900,50.332735935682635,284.33360644173246,277.8297044709281,-0.5573737930116636,2.852024428322363,17586773900
2022-09-08,289.260009765625,289.5,279.760009765625,281.29998779296875,53713100,53.79695105051382,284.8027877106746,278.27795173738684,-0.007130171347967007,2.280193508388297,17640487000
2022-09-09,299.67999267578125,299.8500061035156,291.25,291.6700134277344,54338100,59.498384396961264,286.21966437401807,279.11724746046116,1.2552773446842025,2.075210275647478,17694825100
2022-09-12,304.4200134277344,305.489990234375,300.3999938964844,300.7200012207031,48674600,61.80721797457742,287.9530309505625,280.1095127925111,2.608159220994139,2.18180006471681,17743499700
2022-09-13,292.1300048828125,297.3999938964844,290.3999938964844,292.8999938964844,68229600,53.31997147385361,288.3508379917292,280.5809046391896,2.657987254736156,2.2770375027206793,17675270100
2022-09-14,302.6099853515625,306.0,291.6400146484375,292.239990234375,72628700,58.5472318049342,289.708852025999,281.4447901573219,3.502745697428736,2.5221791416622907,17747898800
2022-09-15,303.75,309.1199951171875,300.7200012207031,301.8299865722656,64795500,59.0839805468259,291.0461042139991,282.3195042687995,4.215617489756369,2.8608668112811064,17812694300
2022-09-16,303.3500061035156,303.7099914550781,295.6000061035156,299.6099853515625,87087800,58.796310141367094,292.21790439395306,283.1442298309452,4.694185705794837,3.2275305901838527,17725606500
2022-09-19,309.07000732421875,309.8399963378906,297.79998779296875,300.0899963378906,60231200,61.67031888776007,293.82286657778786,284.1609269875442,5.471933713678311,3.6764112148827444,17785837700
2022-09-20,308.7300109863281,313.3299865722656,305.5799865722656,306.9100036621094,61642800,61.39618912369816,295.24259461669646,285.1244204776926,5.991800009553856,4.139488973816967,17724194900
2022-09-21,300.79998779296875,313.79998779296875,300.6300048828125,308.2900085449219,62555700,55.22970492799137,295.77187015729385,285.73914860770344,5.698225599050943,4.451236298863762,17661639200
2022-09-22,288.5899963378906,301.2900085449219,285.82000732421875,299.8599853515625,70545400,47.34483706476531,295.08788217449353,285.85094655790687,4.429263701539014,4.446841779398813,17591093800
2022-09-23,275.3299865722656,284.5,272.82000732421875,283.0899963378906,63748400,40.570788412976206,293.2061778314242,285.4383598918033,2.3268082882642602,4.022835081171903,17527345400
2022-09-26,276.010009765625,284.0899963378906,270.30999755859375,271.8299865722656,58076900,41.03671971329443,291.56844753944335,285.0686206711689,0.7073159167840117,3.3597312482943247,17585422300
2022-09-27,282.94000244140625,288.6700134277344,277.510009765625,283.8399963378906,61925200,45.70815415751124,290.7466908634398,284.98514544647236,-0.01675778949038431,2.684433440737383,17647347500
2022-09-28,287.80999755859375,289.0,277.57000732421875,283.0799865722656,54664800,48.77926080059735,290.4670057867878,285.0959239606732,-0.19537139287001537,2.1084724740159033,17702012300
2022-09-29,268.2099914550781,283.6499938964844,265.7799987792969,282.760009765625,77620600,39.17468537350291,288.3472901361488,284.43373052908123,-1.8966176215205905,1.3074544549086047,17624391700
2022-09-30,265.25,275.57000732421875,262.4700012207031,266.1499938964844,67726600,37.95912079661982,286.14754821842035,283.68142737107803,-3.444013641848244,0.35716083555723493,17556665100
2022-10-03,242.39999389648438,255.16000366210938,241.00999450683594,254.5,98363500,30.175131410768927,281.98111447347407,282.0625476269763,-6.439905442193435,-1.002252419992899,17458301600
2022-10-04,249.44000244140625,257.5,242.00999450683594,250.52000427246094,109578500,34.623294203264265,278.88196094661043,280.783232129503,-8.152128758627441,-2.4322276877198075,17567880100
2022-10-05,240.80999755859375,246.6699981689453,233.27000427246094,245.00999450683594,86982700,31.937378662584152,275.2560596715612,279.2156543031928,-10.089145948666157,-3.9636113399090775,17480897400
2022-10-06,238.1300048828125,244.5800018310547,235.35000610351562,239.44000244140625,69298400,31.129758837528684,271.7202449297756,277.6044523651387,-11.705564576551808,-5.512001987237624,17411599000
2022-10-07,223.07000732421875,234.57000732421875,222.02000427246094,233.94000244140625,83916800,26.99816246139507,267.0868889673416,275.4658466772595,-14.039960006759713,-7.217593591142042,17327682200
2022-10-10,222.9600067138672,226.99000549316406,218.36000061035156,223.92999267578125,67925000,26.97000600141199,262.884328752725,273.40679412967546,-15.717677728611477,-8.91761041863593,17259757200
2022-10-11,216.5,225.75,215.0,220.9499969482422,77013200,25.3011939810727,258.46677363341786,271.175155144198,-17.368338271583184,-10.607755989225382,17182744000
2022-10-12,217.24000549316406,219.3000030517578,211.50999450683594,215.3300018310547,66860700,25.867073762460834,254.5404147629175,269.06005123631434,-18.4046292756353,-12.167130646507367,17249604700
2022-10-13,221.72000122070312,222.99000549316406,206.22000122070312,208.3000030517578,91483000,29.3561634530691,251.4146610922304,267.20357868668253,-18.64942024042361,-13.463588565290616,17341087700
2022-10-14,204.99000549316406,226.25999450683594,204.16000366210938,224.00999450683594,94124500,24.683987211886247,246.99326532089074,264.7638307183093,-19.963265581523842,-14.763523968537262,17246963200
2022-10-17,219.35000610351562,221.86000061035156,209.4499969482422,210.0399932861328,79428800,34.34322345665001,244.36057396685501,262.98289641968995,-19.61960287322364,-15.734739749474539,17326392000
2022-10-18,220.19000244140625,229.82000732421875,217.25,229.5,75891900,34.86942004826601,242.05861477395513,261.30474371465925,-19.059757990783794,-16.39974339773639,17402283900
2022-10-19,222.0399932861328,222.92999267578125,217.77999877929688,219.8000030517578,66571500,36.084353608840374,240.1520793941625,259.76494958020726,-18.25635024637799,-16.77106476746471,17468855400
2022-10-20,207.27999877929688,215.5500030517578,202.0,208.27999877929688,117798100,31.099797936876683,237.0214050498896,257.7067162154657,-18.596285618156628,-17.136108937603094,17351057300
2022-10-21,214.44000244140625,214.66000366210938,203.8000030517578,206.4199981689453,75713800,35.73724129423806,234.8707952776531,256.00998234197317,-18.07952488376185,-17.324792126834847,17426771100
2022-10-24,211.25,213.5,198.58999633789062,205.82000732421875,100446800,34.61925047341143,232.62119572740042,254.25468891679776,-17.723094020131555,-17.404452505494188,17326324300
2022-10-25,222.4199981689453,224.35000610351562,210.0,210.10000610351562,96507900,41.5182248208993,231.64965310278563,253.00626967178394,-16.350812503580755,-17.1937245051115,17422832200
2022-10-26,224.63999938964844,230.60000610351562,218.1999969482422,219.39999389648438,85012500,42.809862107067154,230.9820670348678,251.89386691562177,-14.91223500715489,-16.73742660552018,17507844700
2022-10-27,225.08999633789062,233.80999755859375,222.85000610351562,229.77000427246094,61638800,43.084267973100985,230.4209174446795,250.8427347361029,-13.579307183518097,-16.105802721119765,17569483500
2022-10-28,228.52000427246094,228.86000061035156,216.35000610351562,225.39999389648438,69152400,45.24100863831072,230.2398780949444,249.96733354145027,-12.106621706588868,-15.305966518213587,17638635900
2022-10-31,227.5399932861328,229.85000610351562,221.94000244140625,226.19000244140625,61554300,44.71959312579471,229.98274620839092,249.08783000202607,-10.893018614381702,-14.42337693744721,17577081600
2022-11-01,227.82000732421875,237.39999389648438,227.27999877929688,234.0500030517578,62688800,44.91494563539436,229.776771076565,248.25379774015127,-9.795715714436142,-13.497844692844998,17639770400
2022-11-02,214.97999572753906,227.8699951171875,214.82000732421875,226.0399932861328,63070300,38.24146270458668,228.36755437665778,246.94894275926453,-9.848647806641992,-12.768005315604398,17576700100
2022-11-03,215.30999755859375,221.1999969482422,210.13999938964844,211.36000061035156,56538800,38.494399467351165,227.12397753684215,245.70819981021862,-9.751558584022348,-12.16471596928799,17633238900
2022-11-04,207.47000122070312,223.8000030517578,203.0800018310547,222.60000610351562,98622200,34.84333984728717,225.25217026863842,244.20866261062977,-10.189775469789993,-11.76972786938839,17534616700
2022-11-07,197.0800018310547,208.89999389648438,196.66000366210938,208.64999389648438,93916500,30.689114265149158,222.56910660791615,242.36047983496016,-11.245816850465502,-11.664945665603813,17440700200
2022-11-08,191.3000030517578,195.1999969482422,186.75,194.02000427246094,128803400,28.64319423149091,219.5910967454249,240.3581081964032,-12.406124765292333,-11.813181485541518,17311896800
2022-11-09,177.58999633789062,195.88999938964844,177.1199951171875,190.77999877929688,127062700,24.475216032043704,215.59099194470735,237.89661361371645,-14.267493327983175,-12.30404385402985,17184834100
2022-11-10,190.72000122070312,191.0,180.02999877929688,189.89999389648438,132703000,34.330706420733605,213.22232616146886,236.0465503826179,-14.515830207496862,-12.746401124723253,17317537100
2022-11-11,195.97000122070312,196.52000427246094,182.58999633789062,186.0,114403600,37.82442299784593,211.57924759568164,234.4749210037193,-14.126170153469161,-13.022354930472435,17431940700
2022-11-14,190.9499969482422,195.72999572753906,186.33999633789062,192.77000427246094,92226600,35.85987105371353,209.61455705783027,232.76806123683784,-14.060355122578613,-13.229954968893672,17339714100
2022-11-15,194.4199981689453,200.82000732421875,192.05999755859375,195.8800048828125,91293800,38.24744250625328,208.1674562112698,231.26421562633226,-13.571749458291123,-13.298313866773164,17431007900
2022-11-16,186.9199981689453,192.57000732421875,185.66000366210938,191.50999450683594,66567600,35.197738899678086,206.14388877866747,229.52522670643475,-13.632565539452884,-13.365164201309108,17364440300
2022-11-17,183.1699981689453,186.16000366210938,180.89999389648438,183.9600067138672,64336000,33.748741829519545,203.95589919678918,227.70737460692536,-13.824001893189859,-13.45693173968526,17300104300
2022-11-18,180.19000244140625,185.19000244140625,176.5500030517578,185.0500030517578,76048900,32.6002121424295,201.69248045818128,225.84394824749324,-14.054169614204085,-13.576379314589026,17224055400
2022-11-21,167.8699951171875,176.77000427246094,167.5399932861328,175.85000610351562,92882700,28.310636933094486,198.47129137808665,223.57045988944205,-15.057131579731788,-13.872529767617578,17131172700
2022-11-22,169.91000366210938,170.9199981689453,166.19000244140625,168.6300048828125,78452300,29.9541825865781,195.75116873846977,221.4661282726839,-15.508601024014894,-14.199744018897043,17209625000
2022-11-23,183.1999969482422,183.6199951171875,172.5,173.57000732421875,109536700,39.65957064411057,194.55581904416238,219.96549567172542,-14.625409801992333,-14.284877175516103,17319161700
2022-11-25,182.86000061035156,185.1999969482422,180.6300048828125,185.05999755859375,50672700,39.50875091457299,193.44193157427563,218.51037821833822,-13.793901745572839,-14.186682089527451,17268489000
2022-11-28,182.9199981689453,188.5,179.0,179.9600067138672,92905200,39.55243597853951,192.43984267852989,217.11467703993065,-12.98045372808491,-13.945436417238945,17361394200
2022-11-29,180.8300018310547,186.3800048828125,178.75,184.99000549316406,83357100,38.50915557673625,191.33414355019892,215.6917486003669,-12.36193486124563,-13.628736106040282,17278037100
2022-11-30,194.6999969482422,194.75999450683594,180.6300048828125,182.42999267578125,109186400,48.26240850468048,191.65470101667924,214.86854265322478,-10.630025199972039,-13.028993924826635,17387223500
2022-12-01,194.6999969482422,198.9199981689453,191.8000030517578,197.0800018310547,80046200,48.26240850468048,191.94472920063762,214.0776192922451,-9.151976032877627,-12.253590346436834,17467269700
2022-12-02,194.86000061035156,196.25,191.11000061035156,191.77999877929688,73645900,48.37196738541208,192.22237409680085,213.3239871870728,-7.8769004556083075,-11.378252368271129,17540915600
2022-12-05,182.4499969482422,191.27000427246094,180.5500030517578,189.44000244140625,93122700,41.10202073814791,191.29167151122383,212.11324247182455,-7.7781161734646105,-10.658225129309827,17447792900
2022-12-06,179.82000732421875,183.64999389648438,175.3300018310547,181.22000122070312,92150800,39.73894309873565,190.1991320648424,210.8468410934871,-7.821881322152024,-10.090956367878267,17355642100
2022-12-07,174.0399932861328,179.3800048828125,172.22000122070312,175.02999877929688,84213300,36.846818767347635,188.66016646687004,209.40343529712027,-8.228115748553279,-9.71838824401327,17271428800
2022-12-08,173.44000244140625,175.1999969482422,169.05999755859375,172.1999969482422,97624500,36.54945913232166,187.21062703587347,207.9931045968962,-8.500485400742662,-9.474807675359148,17173804300
2022-12-09,179.0500030517578,182.5,173.36000061035156,173.83999633789062,104872300,41.318044510387594,186.433424751672,206.85808100689076,-8.169487382677886,-9.213743616822896,17278676600
2022-12-12,167.82000732421875,177.3699951171875,167.52000427246094,176.10000610351562,109794500,35.55723423135805,184.6607183300098,205.3271761565899,-8.712898994850462,-9.11357469242841,17168882100
2022-12-13,160.9499969482422,175.0500030517578,156.91000366210938,174.8699951171875,175862700,32.56587197130122,182.40255438888906,203.58689461900764,-9.587391552957001,-9.208338064534129,16993019400
2022-12-14,156.8000030517578,161.6199951171875,155.30999755859375,159.25,140682300,30.8760626576056,179.96421616630514,201.75211455754686,-10.494330915831739,-9.46553663479365,16852337100
2022-12-15,157.6699981689453,160.92999267578125,153.27999877929688,153.44000244140625,122334500,31.676448616578526,177.8409573094137,200.02340411093505,-11.01590110912511,-9.775609529659944,16974671600
2022-12-16,150.22999572753906,160.99000549316406,150.0399932861328,159.63999938964844,139032200,28.62403873637369,175.21134192066376,198.07072142923326,-11.892505858636667,-10.19898879545529,16835639400
2022-12-19,149.8699951171875,155.25,145.82000732421875,154.0,139390600,28.481025304765737,172.7978803203327,196.18049686797656,-12.472495316673644,-10.653690099698961,16696248800
2022-12-20,137.8000030517578,148.47000122070312,137.66000366210938,146.0500030517578,159563300,24.128301601083677,169.464749151897,193.89106573792878,-13.747614682843164,-11.272475016327803,16536685500
2022-12-21,137.57000732421875,141.25999450683594,135.88999938964844,139.33999633789062,145417400,24.05286713853195,166.4271546921181,191.6823967805284,-14.608319091208784,-11.939643831304,16391268100
2022-12-22,125.3499984741211,136.6300048828125,122.26000213623047,136.0,210090300,20.403025259001595,162.51504457611838,189.0811262587085,-16.090999101859637,-12.769914885415128,16181177800
2022-12-23,123.1500015258789,128.6199951171875,121.0199966430664,126.37000274658203,166989700,19.819923419876375,158.76599285704796,186.4955919554603,-17.24476810776369,-13.664885529884842,16014188100
2022-12-27,109.0999984741211,119.66999816894531,108.76000213623047,117.5,208643400,16.564125885300385,154.03589815391206,183.46047064246662,-19.0729945739796,-14.746507338703793,15805544700
2022-12-28,112.70999908447266,116.2699966430664,108.23999786376953,110.3499984741211,221070500,20.191721761553993,150.1000982425369,180.6859423460747,-20.00003241678192,-15.79721235431942,16026615200
2022-12-29,121.81999969482422,123.56999969482422,117.5,120.38999938964844,221923300,28.625201200859493,147.40675552370712,178.37747400681,-19.77169982422828,-16.59210984830119,16248538500
2022-12-30,123.18000030517578,124.4800033569336,119.75,119.94999694824219,157777300,29.81752148093078,145.0994455028946,176.21286719498121,-19.258998173689776,-17.12548751337891,16406315800
2023-01-03,108.0999984741211,118.80000305175781,104.63999938964844,118.47000122070312,231402800,24.858748094417223,141.57568864301143,173.5417743039671,-19.84079619271168,-17.668549249245466,16174913000
2023-01-04,113.63999938964844,114.58999633789062,107.5199966430664,109.11000061035156,180389000,29.497492162772176,138.91514680935782,171.19268509164087,-19.62857751700058,-18.06055490279649,16355302000
2023-01-05,110.33999633789062,111.75,107.16000366210938,110.51000213623047,157986300,28.37384647736215,136.19370390731333,168.80630514051342,-19.501869937401352,-18.348817909717464,16197315700
2023-01-06,113.05999755859375,114.38999938964844,101.80999755859375,103.0,220911100,30.716528657908952,133.99049377886385,166.62017543141855,-18.963373930794276,-18.471729113932827,16418226800
2023-01-09,119.7699966430664,123.5199966430664,117.11000061035156,118.95999908447266,190284000,36.255422448449345,132.63616071831171,164.78291351814983,-17.790097942459937,-18.33540287963825,16608510800
2023-01-10,118.8499984741211,122.76000213623047,114.91999816894531,121.06999969482422,167642500,35.83244325422817,131.32319288553165,162.98162273210949,-16.741518626701207,-18.01662602905084,16440868300
2023-01-11,123.22000122070312,125.94999694824219,120.51000213623047,122.08999633789062,183810800,39.44626244792816,130.5514603460242,161.42234345715238,-15.380591380989642,-17.489419099438603,16624679100
2023-01-12,123.55999755859375,124.12999725341797,117.0,122.55999755859375,169400900,39.73065916002163,129.8856067472213,159.93754557877753,-14.111938231258662,-16.813922925802615,16794080000
2023-01-13,122.4000015258789,122.62999725341797,115.5999984741211,116.55000305175781,180714100,39.05668088413209,129.1726919642363,158.46548502768348,-13.04969469796795,-16.061077280235683,16613365900
2023-01-17,131.49000549316406,131.6999969482422,125.0199966430664,125.69999694824219,186477000,46.688580150272585,129.39338849080085,157.40762308515332,-11.343609622381635,-15.117583748664874,16799842900
2023-01-18,128.77999877929688,136.67999267578125,127.01000213623047,136.55999755859375,195680300,44.88394854344681,129.33497042303856,156.28497115159033,-10.093844248343231,-14.112835848600547,16604162600
2023-01-19,127.16999816894531,129.99000549316406,124.30999755859375,127.26000213623047,170291900,43.800770129801315,129.1287825893154,155.1432075052121,-9.128086875795958,-13.11588605403963,16433870700
2023-01-20,133.4199981689453,133.50999450683594,127.3499984741211,128.67999267578125,138858100,48.95108861707881,129.5374697873754,154.29131694300557,-7.768840081056098,-12.046476859442924,16572728800
2023-01-23,143.75,145.3800048828125,134.27000427246094,135.8699951171875,203119200,56.11038805575942,130.89104409333964,153.8779319648485,-5.791323613400209,-10.795446210234381,16775848000
2023-01-24,143.88999938964844,146.5,141.10000610351562,143.0,158699100,56.20004174506982,132.12903983584525,153.4862483344485,-4.164821317191894,-9.469321231625884,16934547100
2023-01-25,144.42999267578125,146.41000366210938,138.07000732421875,141.91000366210938,192734300,56.56855877913814,133.3005591539344,153.13110105371646,-2.7999574176540705,-8.135448468831521,17127281400
2023-01-26,160.27000427246094,161.4199981689453,154.75999450683594,159.97000122070312,234815100,65.68822385328829,135.8690777366512,153.41105804268685,-0.4351205893049155,-6.5953828929262,17362096500
2023-01-27,177.89999389648438,180.67999267578125,161.1699981689453,162.42999267578125,306590600,72.58751280776958,139.8720221328258,154.37140846832597,2.829011375441212,-4.710504039252718,17668687100
2023-01-30,166.66000366210938,179.77000427246094,166.5,178.0500030517578,230878800,63.78194343139744,142.42325846894806,154.85331416219984,4.457502880401108,-2.8769026553219526,17437808300
2023-01-31,173.22000122070312,174.3000030517578,162.77999877929688,164.57000732421875,196813500,66.34779473176977,145.35628158816283,155.5735763997882,6.205893433059202,-1.0603434376457215,17634621800
2023-02-01,181.41000366210938,183.80999755859375,169.92999267578125,173.88999938964844,213806300,69.27444676376244,148.78996940472916,156.5867696257616,8.158326186928463,0.7833904872691153,17848428100
2023-02-02,188.27000427246094,196.75,182.61000061035156,187.3300018310547,217448300,71.50947406784891,152.54997272546552,157.82924941582826,10.142274106176842,2.655167211050661,18065876400
2023-02-03,189.97999572753906,199.0,183.69000244140625,183.9499969482422,232662000,72.05515563780365,156.1147368209011,159.09006299667968,11.71747736005372,4.467629240851273,18298538400
2023-02-06,194.75999450683594,198.1699981689453,189.9199981689453,193.00999450683594,186188100,73.57855548018514,159.7952375528949,160.4888838402152,13.199388901923328,6.213981173065684,18484726500
2023-02-07,196.80999755859375,197.5,189.5500030517578,196.42999267578125,186010300,74.22746005767416,163.3204527915329,161.91324124093595,14.373543328862581,7.845893604225064,18670736800
2023-02-08,201.2899932861328,203.0,194.30999755859375,196.10000610351562,180673600,75.63572861833107,166.93659950530432,163.45742759564956,15.487042401409383,9.374123363661928,18851410400
2023-02-09,207.32000732421875,214.0,204.77000427246094,207.77999877929688,215431400,77.42387500769416,170.78263834520092,165.1775287614758,16.663978208848533,10.83209433269925,19066841800
2023-02-10,196.88999938964844,206.1999969482422,192.88999938964844,202.22999572753906,204754100,68.11224264913001,173.26905368276735,166.42115506061984,16.564152602131742,11.978505986585748,18862087700
2023-02-13,194.63999938964844,196.3000030517578,187.61000061035156,194.4199981689453,172475500,66.26088339404427,175.30438184532744,167.52777640685625,16.117689205392026,12.806342630347004,18689612200
2023-02-14,209.25,209.82000732421875,189.44000244140625,191.94000244140625,216455700,71.64951416254236,178.53729786005817,169.16394203795994,16.74968871013519,13.595011846304642,18906067900
2023-02-15,214.24000549316406,214.66000366210938,206.11000061035156,211.75999450683594,181006400,73.2225869220114,181.93755572987777,170.93163080090912,17.452028490113605,14.366415175066436,19087074300
2023-02-16,202.0399932861328,217.64999389648438,201.83999633789062,210.77999877929688,229586500,63.88881728158665,183.85207359237825,172.15156658464338,16.83019083694191,14.85917030744153,18857487800
2023-02-17,208.30999755859375,208.44000244140625,197.5,199.99000549316406,213738500,66.26860678263014,186.18139968439877,173.56954426989634,16.651370328847662,15.217610311722758,19071226300
2023-02-21,197.3699951171875,209.7100067138672,197.22000122070312,204.99000549316406,180018600,58.96667551953867,187.24698020180722,174.5028952835156,15.448802837677647,15.263848816913738,18891207700
2023-02-22,200.86000061035156,201.99000549316406,191.77999877929688,197.92999267578125,191828500,60.46333601957689,188.5434583359543,175.53650725711702,14.608970593763473,15.132873172283686,19083036200
2023-02-23,202.07000732421875,205.13999938964844,196.3300018310547,203.91000366210938,146360000,60.99453641444391,189.8317010967414,176.57703667151318,13.881023125207435,14.882503162868437,19229396200
2023-02-24,196.8800048828125,197.6699981689453,192.8000030517578,196.3300018310547,142228100,57.4303199753612,190.50296812398628,177.37323150332884,12.738488325454966,14.453700195385743,19087168100
2023-02-27,207.6300048828125,209.4199981689453,201.25999450683594,202.02999877929688,161028300,62.339258427633915,192.13411448196973,178.5597716358576,12.555721877495557,14.074104531807706,19248196400
2023-02-28,205.7100067138672,211.22999572753906,203.75,210.58999633789062,153144900,60.986567962343045,193.4270565992933,179.62448673695602,12.11628139479103,13.682539904404372,19095051500
2023-03-01,202.77000427246094,207.1999969482422,198.52000427246094,206.2100067138672,156852800,58.87971580078779,194.31686113959498,180.53215409128956,11.399383028174839,13.225908529158467,18938198700
2023-03-02,190.89999389648438,193.75,186.00999450683594,186.74000549316406,181500700,51.19057264181648,193.9914452116797,180.93873604443445,9.760907605213305,12.532908344369435,18756698000
2023-03-03,197.7899932861328,200.47999572753906,192.8800048828125,194.8000030517578,154193300,54.87431162398869,194.35321169496095,181.59956966175596,8.915595956138901,11.80944586672333,18910891300
2023-03-06,193.80999755859375,198.60000610351562,192.3000030517578,198.5399932861328,128100100,52.41351063428069,194.30147701530694,182.0784099714359,7.8342199798109675,11.014400689340858,18782791200
2023-03-07,187.7100067138672,194.1999969482422,186.10000610351562,191.3800048828125,148125800,48.80132329004516,193.67371793897934,182.29925690251164,6.411100273082269,10.093740606089142,18634665400
2023-03-08,182.0,186.5,180.0,185.0399932861328,151897800,45.63116673784427,192.56193527812417,182.28752133770726,4.767560363022426,9.028504557475799,18482767600
2023-03-09,172.9199981689453,185.17999267578125,172.50999450683594,180.25,170023800,41.06307724282782,190.69127460105952,181.9201674879519,2.7012248416888838,7.763048614318416,18312743800
2023-03-10,173.44000244140625,178.2899932861328,168.44000244140625,175.1300048828125,191488900,41.424731000003874,189.04829630014015,181.5876119959305,1.09299963341374,6.429038818137482,18504232700
2023-03-13,174.47999572753906,177.35000610351562,163.91000366210938,167.4600067138672,167790300,42.18878825581982,187.66083910274958,181.30888194618967,-0.09649928053954682,5.123931198402076,18672023000
2023-03-14,183.25999450683594,183.8000030517578,177.13999938964844,177.30999755859375,143717900,48.31793568670946,187.24171104599588,181.38539616425425,-0.32694440417111537,4.033756077887438,18815740900
2023-03-15,180.4499969482422,182.33999633789062,176.02999877929688,180.8000030517578,145995600,46.614577741784025,186.5948811319241,181.3487138420577,-0.7279260652042296,3.0814196492691046,18669745300
2023-03-16,184.1300048828125,185.80999755859375,178.83999633789062,180.3699951171875,121136800,49.143145192479274,186.3601310129611,181.45778407895006,-0.740228145988624,2.317090090217559,18790882100
2023-03-17,180.1300048828125,186.22000122070312,177.3300018310547,184.52000427246094,133197100,46.561622843314574,185.76678566723265,181.4057143065525,-1.0605191990705407,1.6415682323599392,18657685000
2023-03-20,183.25,186.44000244140625,176.35000610351562,178.0800018310547,129684400,48.81997687499661,185.52709179416289,181.4780392357073,-1.050485294569114,1.1031575269741287,18787369400
2023-03-21,197.5800018310547,198.0,188.0399932861328,188.27999877929688,153391400,57.668645718791176,186.6749879881526,182.10948874925035,0.11248141821067748,0.9050223052214386,18940760800
2023-03-22,191.14999389648438,200.66000366210938,190.9499969482422,199.3000030517578,150376400,53.222131603972,187.10117902704133,182.46401836286736,0.5094207292466706,0.825901990026485,18790384400
2023-03-23,192.22000122070312,199.30999755859375,188.64999389648438,195.25999450683594,144193900,53.85969055939145,187.58868590262816,182.84660592591976,0.8999644121413439,0.8407144744494568,18934578300
2023-03-24,190.41000366210938,192.36000061035156,187.14999389648438,191.64999389648438,116312400,52.55481717079194,187.85738283210256,183.14320975871152,1.0513026557505896,0.8828321107096834,18818265900
2023-03-27,191.80999755859375,197.38999938964844,189.94000244140625,194.4199981689453,120851600,53.49335623979458,188.2338223298636,183.48308379007946,1.2695722724774043,0.9601801430632276,18939117500
2023-03-28,189.19000244140625,192.35000610351562,185.42999267578125,192.0,98654600,51.44247228817778,188.32488710239147,183.70688452150404,1.2171107118754207,1.0115662568256663,18840462900
2023-03-29,193.8800048828125,195.2899932861328,189.44000244140625,193.1300048828125,123660000,54.78432660214186,188.85394593862205,184.10583041802593,1.5362693909247866,1.1165068836454903,18964122900
2023-03-30,195.27999877929688,197.3300018310547,194.4199981689453,195.5800018310547,110252200,55.763036569549094,189.46595097106726,184.5440330988601,1.8804955683505398,1.2693046205865002,19074375100
2023-03-31,207.4600067138672,207.7899932861328,197.1999969482422,197.52999877929688,170222100,63.22172514740252,191.17967056561963,185.44269873082118,3.1003828580560935,1.635520268080419,19244597200
2023-04-03,194.77000427246094,202.69000244140625,192.1999969482422,199.91000366210938,169545900,53.164119370278115,191.52160710912833,185.80847541872862,3.008495122664158,1.910115238997167,19075051300
2023-04-04,192.5800018310547,198.74000549316406,190.32000732421875,197.32000732421875,126463800,51.63739660489301,191.62240660645463,186.07402547411397,2.7275174130265043,2.0735956738030343,18948587500
2023-04-05,185.52000427246094,190.67999267578125,183.75999450683594,190.52000427246094,133882500,46.95598186192431,191.04122543178858,186.05229915248051,1.913104673872425,2.0414974738169125,18814705000
2023-04-06,185.05999755859375,186.38999938964844,179.74000549316406,183.0800018310547,123857900,46.65916128092819,190.4715846819605,186.01338536448498,1.2165345600515138,1.876504891063833,18690847100
2023-04-10,184.50999450683594,185.10000610351562,176.11000061035156,179.94000244140625,142154600,46.28245308724852,189.9038141890915,185.95442886026345,0.6130502153501425,1.623813955921095,18548692500
2023-04-11,186.7899932861328,189.19000244140625,185.64999389648438,186.69000244140625,115770900,48.151243852617235,189.60725981738113,185.9871960926505,0.3151287628317334,1.3620769173032228,18664463400
2023-04-12,180.5399932861328,191.5800018310547,180.30999755859375,190.74000549316406,150256300,43.666637341799074,188.7437106239289,185.77358029631648,-0.4204521901422993,1.0055710958141184,18514207100
2023-04-13,185.89999389648438,186.5,180.94000244140625,182.9600067138672,112933000,48.12849003672126,188.4728804594104,185.7785376924015,-0.5643921793658251,0.6915784407781298,18627140100
2023-04-14,185.0,186.27999877929688,182.00999450683594,183.9499969482422,96438700,47.44891834852557,188.14212993946654,185.7480068025034,-0.7425282403930566,0.4047571045438925,18530701400
2023-04-17,187.0399932861328,189.69000244140625,182.69000244140625,186.32000732421875,116662200,49.19986051993766,188.03716454391096,185.79867293911633,-0.7108971629263863,0.18162625104983676,18647363600
2023-04-18,184.30999755859375,187.69000244140625,183.5800018310547,187.14999389648438,92067000,46.94560572076932,187.68219625959503,185.74029351242916,-0.8957910245105722,-0.03385720406224504,18555296600
2023-04-19,180.58999633789062,183.5,177.64999389648438,179.10000610351562,125732700,43.98800721986284,187.00674864800413,185.53832107421198,-1.3271946769815202,-0.2925246986461001,18429563900
2023-04-20,162.99000549316406,169.6999969482422,160.55999755859375,166.1699981689453,210970800,33.29914654848146,184.7194397761146,184.65407340436695,-3.054052139585309,-0.844830186833942,18218593100
2023-04-21,165.0800018310547,166.0,161.32000732421875,164.8000030517578,123539000,35.30942360385866,182.84901711468032,183.88646275443315,-4.205475775473502,-1.5169593045618541,18342132100
2023-04-24,162.5500030517578,165.64999389648438,158.61000061035156,164.64999389648438,140006600,33.97455720835326,180.91577768011626,183.0497388445243,-5.261485925295943,-2.265864628708672,18202125500
2023-04-25,160.6699981689453,163.47000122070312,158.75,159.82000732421875,121999300,32.976902222138506,178.98760820286188,182.17210195528594,-6.178856250705451,-3.048462953108028,18080126200
2023-04-26,153.75,160.6699981689453,153.13999938964844,160.2899932861328,153364100,29.538570798610863,176.58402646925597,181.0575097217453,-7.379202014851501,-3.9146107654567226,17926762100
2023-04-27,160.19000244140625,160.47999572753906,152.3699951171875,152.63999938964844,127015200,36.20494421774686,175.022690847556,180.2391761029085,-7.721817994114673,-4.676052211188313,18053777300
2023-04-28,164.30999755859375,165.0,157.32000732421875,160.89999389648438,122515800,40.10882355598129,174.0024343438453,179.614502434504,-7.573590811891506,-5.2555599313289525,18176293100
2023-05-01,161.8300018310547,163.27999877929688,158.8300018310547,163.1699981689453,109015000,38.57846490961292,172.84315505691285,178.91707103829032,-7.568984093977434,-5.7182447638586495,18067278100
2023-05-02,160.30999755859375,165.49000549316406,158.92999267578125,161.8800048828125,128259700,37.63075634679845,171.64952100945388,178.1873818822238,-7.600372515135888,-6.094670314114097,17939018400
2023-05-03,160.61000061035156,165.0,159.91000366210938,160.00999450683594,119728000,37.95472584061246,170.59813811430126,177.49807281273863,-7.514418783821981,-6.378620008055674,18058746400
2023-05-04,161.1999969482422,162.9499969482422,159.64999389648438,162.7100067138672,95108500,38.62987383642508,169.70307705086705,176.85893258275837,-7.31437647981187,-6.5657713024069135,18153854900
2023-05-05,170.05999755859375,170.7899932861328,163.50999450683594,163.97000122070312,107440900,47.81356056870416,169.73706948017437,176.59230767984997,-6.367512785760965,-6.526119599077724,18261295800
2023-05-08,171.7899932861328,173.8000030517578,169.19000244140625,173.72000122070312,112249400,49.40561647955533,169.9325860331228,176.4039816251944,-5.415098405766258,-6.303915360415431,18373545200
2023-05-09,169.14999389648438,169.82000732421875,166.55999755859375,168.9499969482422,88965000,47.04690310903343,169.85805344868103,176.1195115181862,-4.817792521972962,-6.006690792726937,18284580200
2023-05-10,168.5399932861328,174.42999267578125,166.67999267578125,172.5500030517578,119840700,46.49455600994648,169.73252390939072,175.82227550908607,-4.343575225559277,-5.6740676792934055,18164739500
2023-05-11,172.0800018310547,173.57000732421875,166.7899932861328,168.6999969482422,103889900,50.15207700641163,169.95609323526347,175.67551967857503,-3.6401441809045423,-5.267282979615633,18268629400
2023-05-12,167.97999572753906,177.3800048828125,167.22999572753906,176.07000732421875,157577100,46.21196834417421,169.76789347262306,175.37373442559323,-3.3746058814594164,-4.88874755998439,18111052300
2023-05-15,166.35000610351562,169.75999450683594,164.5500030517578,167.66000366210938,105592500,44.708164684215724,169.4423803898509,175.01986272668822,-3.25813366949194,-4.5626247818859005,18005459800
2023-05-16,166.52000427246094,169.52000427246094,164.35000610351562,165.64999389648438,98288800,44.90951732733516,169.1640588548614,174.6865349441695,-3.1161896760460763,-4.273337760717936,18103748600
2023-05-17,173.86000061035156,174.5,167.19000244140625,168.41000366210938,125473600,52.887117849686895,169.61129140300332,174.6541218330394,-2.383941088118064,-3.8954584261979623,18229222200
2023-05-18,176.88999938964844,177.05999755859375,172.4499969482422,174.22000122070312,109520300,55.736635944277275,170.3045016874457,174.7418033058476,-1.5413653278531285,-3.4246398065289956,18338742500
2023-05-19,180.13999938964844,181.9499969482422,176.30999755859375,177.1699981689453,136024200,58.62713562818241,171.24121575432216,174.95349726991824,-0.6044029478409811,-2.8605924347913927,18474766700
2023-05-22,188.8699951171875,189.32000732421875,180.11000061035156,180.6999969482422,132001400,65.20087123823137,172.9201471222141,175.49924228353666,0.8329820853949172,-2.121877530754131,18606768100
2023-05-23,185.77000427246094,192.9600067138672,185.25999450683594,186.1999969482422,156952100,61.46610519125348,174.14394304128524,175.90201726349449,1.7023530601697132,-1.357031412569362,18449816000
2023-05-24,182.89999389648438,184.22000122070312,178.22000122070312,182.22999572753906,137605100,58.14537986741328,174.9778526465423,176.17644771969017,2.1351374342296765,-0.6585976432095544,18312210900
2023-05-25,184.47000122070312,186.77999877929688,180.5800018310547,186.5399932861328,96870700,59.43641046040316,175.88186679646236,176.50168511188676,2.575124209750186,-0.011853272617606365,18409081600
2023-05-26,193.1699981689453,198.60000610351562,184.52999877929688,184.6199951171875,162061500,65.7423867848965,177.5283554986036,177.15534444745768,3.584513899151659,0.7074201617362468,18571143100
2023-05-30,201.16000366210938,204.47999572753906,197.52999877929688,200.10000610351562,128818700,70.30771711495882,179.7789886570327,178.096703632346,4.971876471223993,1.560311423633796,18699961800
2023-05-31,203.92999267578125,203.9499969482422,195.1199951171875,199.77999877929688,150711700,71.71501708384707,182.0790842778659,179.10977379091207,6.223149672984135,2.492879073503864,18850673500
2023-06-01,207.52000427246094,209.8000030517578,199.3699951171875,202.58999633789062,148029900,73.47003765139469,184.5020290392559,180.223900476463,7.418955531956016,3.478094365194295,18998703400
2023-06-02,213.97000122070312,217.25,209.75,210.14999389648438,164129000,76.31366392212848,187.3085025803461,181.54727697623713,8.785823633495113,4.5396402188544585,19162832400
2023-06-05,217.61000061035156,221.2899932861328,214.52000427246094,217.8000030517578,151143100,77.76227788871432,190.1943595355847,182.96150143247692,10.04697866568722,5.641107908221011,19313975500
2023-06-06,221.30999755859375,221.91000366210938,212.52999877929688,216.13999938964844,146911600,79.15763845258743,193.15775363301415,184.46536402565798,11.215724060960355,6.75603113876888,19460887100
2023-06-07,224.57000732421875,230.8300018310547,223.1999969482422,228.0,185710800,80.32883159472652,196.1493968417003,186.03809513540546,12.263651015073663,7.857555114029838,19646597900
2023-06-08,234.86000061035156,235.22999572753906,223.00999450683594,224.22000122070312,164489700,83.483663301719,199.83612101014327,187.95267966383472,13.765773865024016,9.039198864228673,19811087600
2023-06-09,244.39999389648438,252.4199981689453,242.02000427246094,249.07000732421875,199882300,85.76333346110579,204.080299380271,190.16629982982099,15.546800931371507,10.340719277657241,20010969900
2023-06-12,249.8300018310547,250.97000122070312,244.58999633789062,247.94000244140625,150337900,86.8738681470376,208.43741389939325,192.50605284947721,17.198184013103827,11.712212224746558,20161307800
2023-06-13,258.7099914550781,259.67999267578125,251.33999633789062,253.50999450683594,162384300,88.45931625592951,213.2252784285061,195.10228573597138,19.00438720654151,13.170647221105549,20323692100
2023-06-14,256.7900085449219,261.57000732421875,250.5,260.1700134277344,170575500,86.03949812523629,217.37430034435522,197.5214121206361,20.04976842558662,14.546471462001763,20153116600
2023-06-15,255.89999389648438,258.95001220703125,247.2899932861328,248.39999389648438,160171200,84.88037146548078,221.04341401598657,199.8107682687086,20.56931358621,15.751039886843412,19992945400
2023-06-16,260.5400085449219,263.6000061035156,257.2099914550781,258.9200134277344,167563700,85.94357130061964,224.80499444731373,202.19230710306994,21.11210012462263,16.823251934399256,20160509100
2023-06-20,274.45001220703125,274.75,261.1199951171875,261.5,165611200,88.54426552974907,229.53309137681063,205.02594259734295,22.406396421215362,17.939880831762476,20326120300
2023-06-21,259.4599914550781,276.989990234375,257.7799987792969,275.1300048828125,211797100,72.89269328407957,232.38327233664563,207.16061117999922,21.96931754606851,18.745768174623684,20114323200
2023-06-22,264.6099853515625,265.0,248.25,250.77000427246094,166875900,74.55671818997965,235.45248309997106,209.41352781417817,21.78733996274059,19.354082532247066,20281199100
2023-06-23,256.6000061035156,262.45001220703125,252.8000030517578,259.2900085449219,176584100,67.6054430951423,237.46653290983244,211.2639779431718,20.757503455015666,19.634766716800787,20104615000
2023-06-26,241.0500030517578,258.3699951171875,240.6999969482422,250.07000732421875,179990600,56.57727260203371,237.807815780492,212.43205735919477,18.4736426604469,19.40254190553001,19924624400
2023-06-27,250.2100067138672,250.38999938964844,240.85000610351562,243.24000549316406,164968200,60.64941412362603,238.98897682176585,213.91354556918193,17.20447973563455,18.96292947155092,20089592600
2023-06-28,256.239990234375,259.8800048828125,248.88999938964844,249.6999969482422,159770800,63.1024741298399,240.6319304801096,215.57340614428756,16.495083198051304,18.469360216850998,20249363400
2023-06-29,257.5,260.739990234375,253.61000061035156,258.0299987792969,131283400,63.612916464281646,242.23841329152773,217.21758629549197,15.851823633407179,17.945852900162237,20380646800
2023-06-30,261.7699890136719,264.45001220703125,259.8900146484375,260.6000061035156,112267600,65.36172868629566,244.09856336030336,218.96473934326374,15.50782368346998,17.458247056823787,20492914400
2023-07-03,279.82000732421875,284.25,275.1099853515625,276.489990234375,119685900,71.57983448831388,247.500605642581,221.3512204405561,16.50146821830961,17.266891289120952,20612600300
2023-07-05,282.4800109863281,283.8500061035156,277.6000061035156,278.82000732421875,131530900,72.36709366866286,250.83197758008072,223.74842791293932,17.304107753200554,17.274334581936873,20744131200
2023-07-06,276.5400085449219,279.9700012207031,272.8800048828125,278.0899963378906,120332100,67.84735695020017,253.28036148149417,225.81868597693864,17.261912233892332,17.271850112327968,20623799100
2023-07-07,274.42999267578125,280.7799987792969,273.7699890136719,278.42999267578125,113602000,66.2641616384731,255.29461207142626,227.72501172983442,16.86381576357536,17.19024324257745,20510197100
2023-07-10,269.6099853515625,277.5199890136719,265.1000061035156,276.4700012207031,119425400,62.66678714883046,256.6579809552488,229.36755971500023,15.975234574203284,16.947241508902618,20390771700
2023-07-11,269.7900085449219,270.8999938964844,266.3699951171875,268.6499938964844,91972400,62.74813020129384,257.90865024950335,230.95275378676186,15.111359599958092,16.580065127113713,20482744100
2023-07-12,271.989990234375,276.5199890136719,271.4599914550781,276.3299865722656,95672100,63.786543791694235,259.2497302480626,232.56205717686436,14.437822366304005,16.15161657495177,20578416200
2023-07-13,277.8999938964844,279.45001220703125,270.6000061035156,274.5899963378906,112681500,66.48902520288836,261.02594583362657,234.34001547959457,14.217041949833884,15.764701649928194,20691097700
2023-07-14,281.3800048828125,285.29998779296875,276.30999755859375,277.010009765625,119771100,68.00320273448264,262.9644276478347,236.18472094638744,14.159655981995002,15.443692516341557,20810868800
2023-07-17,290.3800048828125,292.2300109863281,283.57000732421875,286.6300048828125,131569600,71.57975175026914,265.5754350035469,238.31002619879627,14.671280582896259,15.289210129652497,20942438400
2023-07-18,293.3399963378906,295.260009765625,286.010009765625,290.1499938964844,112434700,72.6620722742529,268.219678940151,240.46806424346664,15.141056661695245,15.259579436061047,21054873100
2023-07-19,291.260009765625,299.2900085449219,289.5199890136719,296.0400085449219,142355400,70.62666426558465,270.41399616162477,242.4599052443356,15.17064233405847,15.241792015660533,20912517700
2023-07-20,262.8999938964844,280.92999267578125,261.20001220703125,279.55999755859375,175158300,50.0431689677102,269.69837689827807,243.26147734834143,12.758599730718629,14.745153558672152,20737359400
2023-07-21,260.0199890136719,268.0,255.8000030517578,268.0,161050100,48.497414695505135,268.7766256711727,243.91867388423674,10.493681635105872,13.894859173958897,20576309300
2023-07-24,269.05999755859375,269.8500061035156,254.1199951171875,255.85000610351562,136508500,53.36656680740585,268.8036134699747,244.90460814597623,9.320727322923233,12.980032803751765,20712817800
2023-07-25,265.2799987792969,272.8999938964844,265.0,272.3800048828125,112757300,51.18737877823458,268.4680311184816,245.70364307277313,7.993988545253046,11.982823952052023,20600060500
2023-07-26,264.3500061035156,268.0400085449219,261.75,263.25,95856200,50.63949635279356,268.0758382599134,246.43487299554735,6.7892338074690315,10.944105923135425,20504204300
2023-07-27,255.7100067138672,269.1300048828125,255.3000030517578,268.30999755859375,103697300,45.741140472389965,266.8981400174328,246.7986037295991,5.078736739005649,9.77103208630947,20400507000
2023-07-28,266.44000244140625,267.25,258.2300109863281,259.8599853515625,111446000,51.95649823534567,266.85450786733503,247.5688546594739,4.5366804415346,8.724161757354496,20511953000
2023-07-31,267.42999267578125,269.0799865722656,263.7799987792969,267.4800109863281,84582200,52.49716668827669,266.90931594432993,248.34772281697616,4.139265977123841,7.807182601308366,20596535200
2023-08-01,261.07000732421875,266.4700012207031,260.25,266.260009765625,83166000,48.705061628591956,266.3531913138431,248.84663593490725,3.2733809871944572,6.900422278485585,20513369200
2023-08-02,254.11000061035156,259.5199890136719,250.49000549316406,255.57000732421875,101752900,44.8840791828884,265.18717315160586,249.05304239276782,2.002463368483234,5.920830496485115,20411616300
2023-08-03,259.32000732421875,260.489990234375,252.0,252.0399932861328,97569100,48.16245458046276,264.6283954537595,249.455668468511,1.3995231672546424,5.016569030639021,20509185400
2023-08-04,253.86000061035156,264.7699890136719,253.11000061035156,260.9700012207031,99242600,45.132666945557176,263.6028340401016,249.62838737603417,0.4756290476103118,4.108381034033279,20409942800
2023-08-07,251.4499969482422,253.64999389648438,242.75999450683594,251.4499969482422,111097900,43.82225598506734,262.44542098373404,249.69982304553253,-0.44589090005837306,3.1975266472149486,20298844900
2023-08-08,249.6999969482422,250.9199981689453,245.00999450683594,247.4499969482422,96642200,42.84936114401979,261.23157107559194,249.69982986524664,-1.3023992248693617,2.2975414727980867,20202202700
2023-08-09,242.19000244140625,251.10000610351562,241.89999389648438,250.8699951171875,101596300,38.862024996713714,259.4180883485266,249.4053268290176,-2.55769848018258,1.3264934822019534,20100606400
2023-08-10,245.33999633789062,251.8000030517578,243.0,245.39999389648438,109498600,41.328193436618434,258.077317680847,249.24590210387538,-3.2607659223160113,0.40904160129836054,20210105000
2023-08-11,242.64999389648438,243.7899932861328,238.02000427246094,241.77000427246094,98866600,39.849880575850584,256.60804874900293,248.98723903691888,-3.98902960111036,-0.47057263918338366,20111238400
2023-08-14,239.75999450683594,240.66000366210938,233.75,235.6999969482422,98595300,38.26620896136301,255.00347215451083,248.62538631024896,-4.74468879248974,-1.3253958698446549,20012643100
2023-08-15,232.9600067138672,240.5,232.61000061035156,238.72999572753906,88197600,34.76531217368486,252.90409449349715,248.01105769862616,-5.8251081106164975,-2.2253383179990234,19924445500
2023-08-16,225.60000610351562,233.97000122070312,225.3800048828125,228.02000427246094,112484500,31.41520871984885,250.30370512302272,247.13219293019046,-7.192330039768166,-3.218736662352852,19811961000
2023-08-17,219.22000122070312,226.74000549316406,218.8300018310547,226.05999755859375,120718400,28.822402236344487,247.34335237042086,246.03759717687723,-8.690497695256454,-4.313088868933573,19691242600
2023-08-18,215.49000549316406,217.5800018310547,212.36000061035156,214.1199951171875,135813700,27.39865964051897,244.30970028687258,244.83965240496693,-10.06278827887283,-5.463028750921424,19555428900
2023-08-21,231.27999877929688,232.1300048828125,220.5800018310547,221.5500030517578,135702700,40.74305387810383,243.06877633377013,244.30790128239164,-9.763668465104416,-6.323156693758023,19691131600
2023-08-22,233.19000244140625,240.82000732421875,229.5500030517578,240.25,130597900,42.128706453020754,242.12794072497357,243.87190524941184,-9.265683493065126,-6.911662053619444,19821729500
2023-08-23,236.86000061035156,238.97999572753906,229.2899932861328,229.33999633789062,101077600,44.799700102966135,241.62623214262862,243.5969285968997,-8.477169105562183,-7.224763464007992,19922807100
2023-08-24,230.0399932861328,238.9199981689453,228.17999267578125,238.66000366210938,99777400,41.011611111651895,240.52278082296235,243.06528407490885,-8.306827430612202,-7.441176257328834,19823029700
2023-08-25,238.58999633789062,239.0,230.35000610351562,231.30999755859375,106612200,47.05569433288849,240.33870611009837,242.8897825950258,-7.396652627811932,-7.432271531425454,19929641900
2023-08-28,238.82000732421875,244.3800048828125,235.35000610351562,242.5800018310547,107673700,47.21239212479472,240.1940681304908,242.73018356479807,-6.580911918699343,-7.261999608880232,20037315600
2023-08-29,257.17999267578125,257.4800109863281,237.77000427246094,238.5800018310547,134047600,57.918728943694006,241.81177523004226,243.29684274562095,-4.402188464213566,-6.690037379946899,20171363200
2023-08-30,256.8999938964844,260.510009765625,250.58999633789062,254.1999969482422,121988400,57.72644093876747,243.24874843637008,243.83029965349795,-2.667380093785823,-5.885505922714684,20049374800
2023-08-31,258.0799865722656,261.17999267578125,255.0500030517578,255.97999572753906,108861700,58.35394265908325,244.66124730645538,244.38911090521432,-1.1836717827754626,-4.945139094726841,20158236500
2023-09-01,245.00999450683594,259.0799865722656,242.00999450683594,257.260009765625,132272500,49.57590475058277,244.69446132553924,244.41345928174852,-1.0503535638953565,-4.1661819885605444,20025964000
2023-09-05,256.489990234375,258.0,244.86000061035156,245.0,129469600,55.8570607641333,245.81784503114264,244.88704873087113,-0.018148991762274136,-3.3365753892008905,20155433600
2023-09-06,251.9199981689453,255.38999938964844,245.05999755859375,255.13999938964844,116959800,53.0253839113263,246.39900247283813,245.16285066961913,0.42620734861267806,-2.584018841638177,20038473800
2023-09-07,251.49000549316406,252.80999755859375,243.27000427246094,245.07000732421875,115312900,52.75439311670468,246.88385990334535,245.41097438818952,0.735191306694702,-1.9201768119716012,19923160900
2023-09-08,248.5,256.5199890136719,246.6699981689453,251.22000122070312,118367700,50.809864387044385,247.03777800778866,245.5321126474762,0.7303755501054638,-1.3900663395561883,19804793200
2023-09-11,273.5799865722656,274.8500061035156,260.6099853515625,264.2699890136719,174667900,63.09714329522277,249.5656073948817,246.63202927197776,2.7189618428718063,-0.5682607030705894,19979461100
2023-09-12,267.4800109863281,278.3900146484375,266.6000061035156,270.760009765625,135999900,59.2223477043559,251.27174107025755,247.44959718234443,3.7593779874102893,0.2972670350255864,19843461200
2023-09-13,271.29998779296875,274.9800109863281,268.1000061035156,270.07000732421875,111673700,60.84398921121657,253.17919313908718,248.3849066180552,4.836404421553823,1.2050945123312338,19955134900
2023-09-14,276.0400085449219,276.7099914550781,270.4200134277344,271.32000732421875,107709800,62.81981383612455,255.35641365392857,249.4694204191088,6.003234144510941,2.1647224387671753,20062844700
2023-09-15,274.3900146484375,278.9800109863281,271.0,277.54998779296875,133422800,61.653555240832546,257.1691375581675,250.4466986241805,6.717380606429998,3.07525407229974,19929421900
2023-09-18,265.2799987792969,271.44000244140625,263.760009765625,271.1600036621094,101543300,55.52436257659637,257.9416005316084,251.02839666947918,6.473620806618328,3.754927419163458,19827878600
2023-09-19,266.5,267.8500061035156,261.20001220703125,264.3500061035156,103704000,56.15301514959965,258.75668619526476,251.63512621185257,6.30618948469521,4.2651798322698085,19931582600
2023-09-20,262.5899963378906,273.92999267578125,262.4599914550781,267.0400085449219,122514600,53.540994922074766,259.12176335170534,252.06472896189328,5.791236567297176,4.5703911792752825,19809068000
2023-09-21,255.6999969482422,260.8599853515625,254.2100067138672,257.8500061035156,119531000,49.19810765411437,258.7958808370898,252.2072884907697,4.772156848027123,4.610744313025651,19689537000
2023-09-22,244.8800048828125,257.7900085449219,244.47999572753906,257.3999938964844,127524100,43.26332936712219,257.4705593176348,251.91994403555572,3.0562157425472947,4.29983859892998,19562012900
2023-09-25,246.99000549316406,247.10000610351562,238.30999755859375,243.3800048828125,104636600,44.665158536725095,256.4724113343519,251.72661311232469,1.845307908110584,3.808932460766101,19666649500
2023-09-26,244.1199951171875,249.5500030517578,241.66000366210938,242.97999572753906,101993600,43.10508413205151,255.29599074224097,251.42831436741736,0.6466150971992022,3.1764689880527213,19564655900
2023-09-27,240.5,245.3300018310547,234.5800018310547,244.25999450683594,136597200,41.152619748019625,253.88684876678946,250.9997530196755,-0.5886750642557104,2.423440177591035,19428058700
2023-09-28,246.3800048828125,247.5500030517578,238.64999389648438,240.02000427246094,117058900,45.47298746819366,253.17191125402974,250.81858642607304,-1.0807262250087888,1.7226068970710704,19545117600
2023-09-29,250.22000122070312,254.77000427246094,246.35000610351562,250.0,128346200,48.150174336232624,252.8907769651415,250.79511249645068,-1.1475959311231065,1.1485663314322352,19673463800
2023-10-02,251.60000610351562,254.27999877929688,242.6199951171875,244.80999755859375,123810400,49.11705684136982,252.7678464068914,250.8266769516297,-1.07682285060514,0.7034884950247602,19797274200
2023-10-03,246.52999877929688,250.02000427246094,244.4499969482422,248.61000061035156,101985300,45.742194630239624,252.17376568045384,250.65817976840097,-1.4135473991329377,0.28008131619322063,19695288900
2023-10-04,261.1600036621094,261.8599853515625,247.60000610351562,248.13999938964844,129721600,55.28901074352679,253.02959786918294,251.0700159995268,-0.4941882097593293,0.12522741100271065,19825010500
2023-10-05,260.04998779296875,263.6000061035156,256.25,260.0,119159200,54.505391313333,253.69820643335302,251.42217175613237,0.14319095143966365,0.12882011909010124,19705851300
2023-10-06,260.5299987792969,261.6499938964844,250.64999389648438,253.97999572753906,117947000,54.80370684595408,254.3488533234429,251.7793414433153,0.6792217581096054,0.23890044689400208,19823798300
2023-10-09,259.6700134277344,261.3599853515625,252.0500030517578,255.30999755859375,101377900,54.11902244140609,254.85563047623256,252.08877956035136,1.0228456753690125,0.39568949258900415,19722420400
2023-10-10,263.6199951171875,268.94000244140625,257.6499938964844,257.75,122656000,56.78932379485393,255.6903318706092,252.540984091992,1.5955085866212642,0.6356533113954562,19845076400
2023-10-11,262.989990234375,268.6000061035156,260.8999938964844,266.20001220703125,103706300,56.227231246236165,256.3855374290631,252.95074903875212,1.9757368758780558,0.9036700242919762,19741370100
2023-10-12,258.8699951171875,265.4100036621094,256.6300048828125,262.9200134277344,111508100,52.56319031385308,256.6221524469797,253.18287633594568,1.9224604336012874,1.1074281061538385,19629862000
2023-10-13,251.1199951171875,259.6000061035156,250.22000122070312,258.8999938964844,102073800,46.43354750537888,256.09813746318997,253.10197903324928,1.2405776320044026,1.1340580113239513,19527788200
2023-10-16,253.9199981689453,255.39999389648438,248.47999572753906,250.0500030517578,88917200,48.75851376255402,255.89069562564285,253.13405821504128,0.9155633997595203,1.0903590890110653,19616705400
2023-10-17,254.85000610351562,257.17999267578125,247.0800018310547,250.10000610351562,93562900,49.54188500284555,255.7915823378212,253.2013502890991,0.724677515718497,1.0172227743525517,19710268300
2023-10-18,242.67999267578125,254.6300048828125,242.0800018310547,252.6999969482422,125147800,40.760309070123036,254.54285951286502,252.78874802975332,-0.4039626670470966,0.732985686072622,19585120500
2023-10-19,220.11000061035156,230.61000061035156,216.77999877929688,225.9499969482422,170772700,30.103232262235778,251.26353961738755,251.50722852311011,-3.0840765628430518,-0.030426763710512773,19414347800
2023-10-20,211.99000549316406,218.86000061035156,210.4199981689453,217.00999450683594,137734000,27.33426933104552,247.52320303412816,249.95753350232792,-5.796483623736975,-1.1836381357158052,19276613800
2023-10-23,212.0800018310547,216.97999572753906,202.50999450683594,210.0,150683400,27.41396062254968,244.14766006240689,248.47214010345448,-7.848352882397791,-2.5165810850522026,19427297200
2023-10-24,216.52000427246094,222.0500030517578,214.11000061035156,216.5,118231100,31.410481005735335,241.5164547490787,247.21911516890572,-9.012314609585133,-3.8157277899587885,19545528300
2023-10-25,212.4199981689453,220.10000610351562,212.1999969482422,215.8800048828125,107065100,29.779915071200904,238.74536364620886,245.85444391400532,-10.148612009689458,-5.082304633904923,19438463200
2023-10-26,205.75999450683594,214.8000030517578,204.8800048828125,211.32000732421875,115112600,27.300710439014054,235.60389991864952,244.28211256470456,-11.454502150797708,-6.3567441372834805,19323350600
2023-10-27,207.3000030517578,212.41000366210938,205.77000427246094,210.60000610351562,94881200,28.777236398982055,232.90829069323127,242.8318337602753,-12.224250130694458,-7.5302453359656765,19418231800
2023-10-30,197.36000061035156,210.8800048828125,194.6699981689453,209.27999877929688,136448200,25.217190025423577,229.52273925676653,241.04862461714103,-13.480956006216417,-8.720387470015826,19281783600
2023-10-31,200.83999633789062,202.8000030517578,194.07000732421875,196.1199951171875,118068300,28.549817836028936,226.79104945496883,239.47181566501357,-14.034319001579888,-9.783173776328638,19399851900
2023-11-01,205.66000366210938,205.99000549316406,197.85000610351562,204.0399932861328,121661700,33.0032269178368,224.77856890326794,238.14586225313496,-13.923428239871953,-10.611224669037302,19521513600
2023-11-02,218.50999450683594,219.1999969482422,211.4499969482422,212.97000122070312,125987600,43.17245420500622,224.18156181789345,237.37582822386835,-12.65280597183343,-11.019540929596529,19647501200
2023-11-03,219.9600067138672,226.3699951171875,218.39999389648438,221.14999389648438,119281000,44.20167547030148,223.77950895084334,236.6928548313193,-11.397442184383863,-11.095121180553996,19766782200
2023-11-06,219.27000427246094,226.32000732421875,215.0,223.97999572753906,117335800,43.79519473794763,223.35003231480692,236.00960578979544,-10.339052606244849,-10.943907465692167,19649446400
2023-11-07,222.17999267578125,223.1199951171875,215.72000122070312,219.97999572753906,116900100,46.04855000317966,223.23859996823305,235.46726802061843,-9.159870213919561,-10.587100015337645,19766346500
2023-11-08,222.11000061035156,224.14999389648438,217.63999938964844,223.14999389648438,106584800,46.00077907908587,223.13111431510148,234.94345361237268,-8.137206792514718,-10.09712137077306,19659761700
2023-11-09,209.97999572753906,220.8000030517578,206.67999267578125,219.75,142110500,38.538962757319574,221.87862683057173,233.9644944796341,-8.210878783005768,-9.719872853219602,19517651200
2023-11-10,214.64999389648438,215.3800048828125,205.69000244140625,210.02999877929688,130994000,42.412000903434766,221.19018559875389,233.2070630842165,-7.802492268824977,-9.336396736340678,19648645200
2023-11-13,223.7100067138672,225.39999389648438,211.61000061035156,215.60000610351562,140447600,49.11185430750644,221.430168562098,232.83462950106554,-6.670877968649108,-8.803292982802365,19789092800
2023-11-14,237.41000366210938,238.13999938964844,230.72000122070312,235.02999877929688,149771600,57.21731477651278,222.95205761924194,233.01405593875353,-4.615386917441867,-7.965711769730266,19938864400
2023-11-15,242.83999633789062,246.6999969482422,236.4499969482422,239.2899932861328,150354000,59.94081040207374,224.846147021018,233.39938693479812,-2.5192006448673965,-6.876409544757692,20089218400
2023-11-16,233.58999633789062,240.8800048828125,230.9600067138672,239.49000549316406,136816800,53.672666128926295,225.67889457500587,233.40686181335076,-1.58607236128492,-5.818342108063138,19952401600
2023-11-17,234.3000030517578,237.38999938964844,226.5399932861328,232.0,142532800,54.06969411201932,226.49995252517272,233.44188695995496,-0.78027533730031,-4.810728753910573,20094934400
2023-11-20,235.60000610351562,237.10000610351562,231.02000427246094,234.0399932861328,116320100,54.83295340987871,227.3666242945387,233.52651908323185,-0.03635690882683207,-3.855854384893825,20211254500
2023-11-21,241.1999969482422,243.6199951171875,233.33999633789062,235.0399932861328,122288000,58.065687075377795,228.68408835679617,233.8274397838205,0.9936224048992699,-2.8859590269352062,20333542500
2023-11-22,234.2100067138672,244.00999450683594,231.39999389648438,242.0399932861328,117950600,52.9694713208979,229.21036629556482,233.84244240852823,1.2316568638524643,-2.0624358487776724,20215591900
2023-11-24,235.4499969482422,238.75,232.3300018310547,233.75,65125200,53.74502711496845,229.80461683391505,233.9054837630268,1.5030317223117606,-1.349342334559786,20280717100
2023-11-27,236.0800018310547,238.3300018310547,232.10000610351562,236.88999938964844,112031800,54.15864656359898,230.40227254792833,233.99075898138085,1.7487755852912983,-0.7297187505895691,20392748900
2023-11-28,246.72000122070312,247.0,234.00999450683594,236.67999267578125,148549900,60.571294668270795,231.95634194533545,234.48994495155037,2.7701557644604122,-0.029743847579572855,20541298800
2023-11-29,244.13999938964844,252.75,242.75999450683594,249.2100067138672,135401300,58.436636770460964,233.11669027336526,234.86837845892677,3.333001562022048,0.6428052343407513,20405897500
2023-11-30,240.0800018310547,245.22000122070312,236.91000366210938,245.13999938964844,132353200,55.14323932528482,233.77986280266902,235.07275584606904,3.4121202413404035,1.196668235740682,20273544300
2023-12-01,238.8300018310547,240.19000244140625,231.89999389648438,233.13999938964844,121173500,54.13170743018855,234.26082842442003,235.2200988258724,3.3355081497369383,1.6244362185399333,20152370800
2023-12-04,235.5800018310547,239.3699951171875,233.2899932861328,235.75,104099800,51.48720103751739,234.38646398695667,235.2342126692129,2.9782136830990282,1.8951917114517525,20048271000
2023-12-05,238.72000122070312,246.66000366210938,233.6999969482422,233.8699951171875,137971100,53.83384646104232,234.79918181874206,235.37091025946742,2.9148266456413126,2.0991186982896646,20186242100
2023-12-06,239.3699951171875,246.57000732421875,239.1699981689453,242.9199981689453,126436200,54.32636335473598,235.23449737097496,235.52773711663292,2.8837984040975186,2.2560546394512357,20312678300
2023-12-07,242.63999938964844,244.0800018310547,236.97999572753906,241.5500030517578,107142300,56.82201267334824,235.9397832775153,235.80664936263355,3.0874797704450145,2.4223396656499916,20419820600
2023-12-08,243.83999633789062,245.27000427246094,239.27000427246094,240.27000427246094,102980100,57.73469261020923,236.69218452136056,236.12168257734953,3.3076004861560193,2.5993918297511973,20522800700
2023-12-11,239.74000549316406,243.44000244140625,237.4499969482422,242.74000549316406,97913900,53.56837824223337,236.98245318534185,236.26357759365598,3.1153014867929585,2.7025737611595497,20424886800
2023-12-12,237.00999450683594,238.99000549316406,233.8699951171875,238.5500030517578,95328300,50.932782643574356,236.9850761683413,236.29284884515323,2.7113592121798433,2.7043308513636086,20329558500
2023-12-13,239.2899932861328,240.3000030517578,228.1999969482422,234.19000244140625,146286300,53.012056147115295,237.20459208432143,236.4103839212701,2.545861786119957,2.6726370383148783,20475844800
2023-12-14,251.0500030517578,253.8800048828125,240.7899932861328,241.22000122070312,160829200,61.96492492268236,238.5232026526487,236.9844866322696,3.325306327791054,2.803170896210114,20636674000
2023-12-15,253.5,254.1300048828125,248.3000030517578,251.2100067138672,135720800,63.52420141378904,239.9495643047774,237.632153823161,4.093528373942519,3.0612423917565947,20772394800
2023-12-18,252.0800018310547,258.739990234375,251.36000061035156,253.77999877929688,116416500,61.93926506484462,241.10484406918476,238.19873609798034,4.535485640225772,3.3560910414504304,20655978300
2023-12-19,257.2200012207031,258.3399963378906,253.00999450683594,253.47999572753906,106737400,65.31291759294464,242.63962094075794,238.94466806357732,5.240090450986855,3.7328909233577154,20762715700
2023-12-20,247.13999938964844,259.8399963378906,247.0,256.4100036621094,125097000,55.01425873174816,243.06822841208083,239.2660536057762,4.9283124164735455,3.9719752219808817,20637618700
2023-12-21,254.5,254.8000030517578,248.5500030517578,251.89999389648438,109594200,59.97671042134759,244.15696856331124,239.8634632682948,5.215001327962966,4.220580443177298,20747212900
2023-12-22,252.5399932861328,258.2200012207031,251.3699951171875,256.760009765625,93249800,58.137455926559966,244.95535187024663,240.36058209252374,5.223831121009852,4.42123057874381,20653963100
2023-12-26,256.6099853515625,257.9700012207031,252.91000366210938,254.49000549316406,86892400,60.82403468933537,246.06531696370527,240.9978135928782,5.4958899427645065,4.63616245154795,20740855500
2023-12-27,261.44000244140625,263.3399963378906,257.5199890136719,258.3500061035156,106494400,63.79363925355632,247.52957272348633,241.79946805752635,6.031710725462801,4.915272106330921,20847349900
2023-12-28,253.17999267578125,265.1300048828125,252.7100067138672,263.6600036621094,113619900,55.978815356463194,248.0677079570382,242.2457631405952,5.723857730883537,5.076989231241445,20733730000
2023-12-29,248.47999572753906,255.19000244140625,247.42999267578125,255.10000610351562,100615300,52.07011772359025,248.10697345899067,242.49024284988712,5.0425046853461595,5.070092322062388,20633114700
2024-01-02,248.4199981689453,251.25,244.41000366210938,250.0800018310547,104654200,52.020183197153656,248.1367853361292,242.72278227416393,4.446430503281249,4.9453599583061605,20528460500
2024-01-03,238.4499969482422,245.67999267578125,236.32000732421875,244.97999572753906,121082600,44.40035566957342,247.21423406109236,242.55522206530426,3.133421511085629,4.582972268862054,20407377900
2024-01-04,237.92999267578125,242.6999969482422,237.72999572753906,239.25,102629300,44.038031301332346,246.33002059582464,242.3738405206171,2.0275204326609924,4.071881901621842,20304748600
2024-01-05,237.49000549316406,240.1199951171875,234.89999389648438,236.86000061035156,92379400,43.712989363565,245.48811439557124,242.18231757836406,1.1028693802088583,3.4780793973392456,20212369200
2024-01-08,240.4499969482422,241.25,235.3000030517578,236.13999938964844,85166600,46.570124489503506,245.0082936863018,242.11438343600636,0.6019840349012213,2.902860324851641,20297535800
2024-01-09,234.9600067138672,238.9600067138672,232.0399932861328,238.11000061035156,96705700,42.283106721158546,244.05131397464137,241.8338196429813,-0.23525565929168124,2.275237128022977,20200830100
2024-01-10,233.94000244140625,235.5,231.2899932861328,235.10000610351562,91628500,41.51838497802102,243.08833192385708,241.524258184096,-0.969899570672851,1.6262097882838114,20109201600
2024-01-11,227.22000122070312,230.92999267578125,225.3699951171875,230.57000732421875,105873600,36.796695593194535,241.5770623330805,240.9633069306296,-2.0704907716039713,0.8868696763062549,20003328000
2024-01-12,218.88999938964844,225.33999633789062,217.14999389648438,220.0800018310547,122889000,31.946680124622972,239.41638967180126,240.09768702706174,-3.5736835591799547,-0.0052409707909870035,19880439000
2024-01-16,219.91000366210938,223.49000549316406,212.17999267578125,215.10000610351562,115355000,33.10931020629522,237.55863862325918,239.30601316961264,-4.629305105384418,-0.9300537977096732,19995794000
2024-01-17,215.5500030517578,215.6699981689453,212.00999450683594,214.86000061035156,103164400,30.695329568313014,235.46257809264,238.37440492969677,-5.751409726109586,-1.8943249833896556,19892629600
2024-01-18,211.8800048828125,217.4499969482422,208.74000549316406,216.8800048828125,108595400,28.79238856089448,233.2166187393231,237.3354088494268,-6.857771778888633,-2.887014342489451,19784034200
2024-01-19,212.19000244140625,213.19000244140625,207.55999755859375,209.99000549316406,102095800,29.19170233130741,231.2140838538072,236.34931448048485,-7.621699259680838,-3.8339513259277287,19886130000
2024-01-22,208.8000030517578,217.8000030517578,206.27000427246094,212.25999450683594,117952500,27.38328193453603,229.07940949170725,235.26894932641713,-8.403788271331223,-4.747918715008428,19768177500
2024-01-23,209.13999938964844,215.64999389648438,207.75,211.3000030517578,106605900,27.865940095322273,227.18041805341593,234.24428462301444,-8.893644190583615,-5.577063810123465,19874783400
2024-01-24,207.8300018310547,212.72999572753906,206.77000427246094,211.8800048828125,123369900,27.118042219726576,225.33752127033392,233.20843039587876,-9.280583599907573,-6.317767768080286,19751413500
2024-01-25,182.6300048828125,193.0,180.05999755859375,189.6999969482422,198076800,17.42792589791425,221.27013875723665,231.2249627286997,-11.488235787130463,-7.351861371890322,19553336700
2024-01-26,183.25,186.77999877929688,182.10000610351562,185.5,107343200,18.20235898811697,217.64917316130936,229.34359164129972,-13.037499448260178,-8.488988987164294,19660679900
2024-01-29,190.92999267578125,191.47999572753906,183.6699981689453,185.6300048828125,125013100,27.298390445683097,215.10448930554477,227.83717599559313,-13.490085528305059,-9.489208295392448,19785693000
2024-01-30,191.58999633789062,196.36000061035156,190.61000061035156,195.3300018310547,109982300,28.038981900019635,212.8650137848158,226.41571796980088,-13.638292728761058,-10.31902518206617,19895675300
2024-01-31,187.2899932861328,193.97000122070312,185.85000610351562,187.0,103221400,26.16863227506687,210.429297546846,224.88137582534333,-13.942007528360989,-11.043621651325134,19792453900
2024-02-01,188.86000061035156,189.8800048828125,184.27999877929688,188.5,91843300,28.055645208333885,208.37507879098936,223.46877287573582,-13.895834692743932,-11.614064259608895,19884297200
2024-02-02,187.91000366210938,188.69000244140625,182.0,185.0399932861328,110505100,27.596038956669886,206.42602401681032,222.07431133794657,-13.777085536006354,-12.046668514888388,19773792100
2024-02-05,181.05999755859375,184.67999267578125,175.00999450683594,184.25999450683594,134294400,24.481733133556688,204.01021197317064,220.46590687601116,-14.073483856951015,-12.452031583300915,19639497700
2024-02-06,185.10000610351562,186.49000549316406,177.11000061035156,177.2100067138672,122676000,29.532739383087858,202.20923998558445,219.07900880650155,-13.823043297333243,-12.726233926107382,19762173700
2024-02-07,187.5800018310547,189.7899932861328,182.67999267578125,188.17999267578125,111535200,32.51658451703322,200.81597920896257,217.84375363099383,-13.271467207716967,-12.835280582429299,19873708900
2024-02-08,189.55999755859375,191.6199951171875,185.5800018310547,189.0,83034000,34.88715864953264,199.7439809565465,216.73458672619384,-12.530130530091782,-12.774250571961796,19956742900
2024-02-09,193.57000732421875,194.1199951171875,189.47999572753906,190.17999267578125,84476300,39.52085914902298,199.15598346775337,215.82617184768503,-11.486630866545397,-12.516726630878516,20041219200
2024-02-12,188.1300048828125,194.72999572753906,187.27999877929688,192.11000061035156,95498600,35.798917543122556,198.10589026918757,214.74004765298415,-10.972132682550892,-12.207807841212992,19945720600
2024-02-13,184.02000427246094,187.25999450683594,182.11000061035156,183.99000549316406,86759500,33.25105451936865,196.76437731711837,213.53534006943423,-10.771860562212282,-11.920618385412851,19858961100
2024-02-14,188.7100067138672,188.88999938964844,183.35000610351562,185.3000030517578,81203000,38.61954457869748,195.997294402523,212.5617975849022,-10.118064711211332,-11.560107650572547,19940164100
2024-02-15,200.4499969482422,200.8800048828125,188.86000061035156,189.16000366210938,120831800,49.556414419321584,196.42136131163912,212.08682501091553,-8.554002476360608,-10.95888661573016,20060995900
2024-02-16,199.9499969482422,203.1699981689453,197.39999389648438,202.05999755859375,111173600,49.15470227687175,196.75742184845845,211.6108709692421,-7.271002121689975,-10.221309716922123,19949822300
2024-02-20,193.75999450683594,198.60000610351562,189.1300048828125,196.1300048828125,104545800,44.36049341275614,196.47195257782772,210.91083659816735,-6.6767313591207085,-9.512394045361841,19845276500
2024-02-21,194.77000427246094,199.44000244140625,191.9499969482422,193.36000061035156,103844000,45.298000411350294,196.30986226303088,210.27786278147298,-6.0544759215693205,-8.820810420603337,19949120500
2024-02-22,197.41000366210938,198.32000732421875,191.36000061035156,194.0,92739500,47.775036480975,196.4146376343717,209.77324085522343,-5.287358736603352,-8.114120083803341,20041860000
2024-02-23,191.97000122070312,197.57000732421875,191.5,195.30999755859375,78841900,43.4126386968592,195.99133892830804,209.07507459504617,-5.060046507393423,-7.5033053685213575,19963018100
2024-02-26,199.39999389648438,201.77999877929688,192.0,192.2899932861328,111747100,50.112828317667756,196.31597273480102,208.6956596656908,-4.231582564418574,-6.848960807700801,20074765200
2024-02-27,199.72999572753906,205.60000610351562,198.25999450683594,204.0399932861328,108645400,50.393770219917684,196.64111778172847,208.34406500144956,-3.5079530320957986,-6.180759252579801,20183410600
2024-02-28,202.0399932861328,205.3000030517578,198.44000244140625,200.4199981689453,99806200,52.41393718169058,197.15529640119556,208.0968465028097,-2.7167568350651266,-5.487958769076866,20283216800
2024-02-29,201.8800048828125,205.27999877929688,198.4499969482422,204.17999267578125,85907000,52.255213278408036,197.60526863754004,207.85304879222159,-2.078676190533116,-4.806102253368117,20197309800
2024-03-01,202.63999938964844,204.52000427246094,198.5,200.52000427246094,82099200,52.98358271808969,198.0847668044075,207.64861548231676,-1.494440497656086,-4.143769902225711,20279409000
2024-03-04,188.13999938964844,199.75,186.72000122070312,198.72999572753906,134334900,40.33925233497842,197.13764609823997,206.88357171397683,-2.1763704761979454,-3.750290017020158,20145074100
2024-03-05,180.74000549316406,184.58999633789062,177.57000732421875,183.0500030517578,119660800,35.661833844337224,195.57596604061368,205.85833382296457,-3.2761570610862236,-3.6554634258333714,20025413300
2024-03-06,176.5399932861328,181.5800018310547,173.6999969482422,179.99000549316406,107920900,33.30163895244466,193.76301625447263,204.70859497838293,-4.435521802957481,-3.8114751012581936,19917492400
2024-03-07,178.64999389648438,180.0399932861328,173.6999969482422,174.35000610351562,102129000,35.607310653439384,192.32368079180708,203.6866890536026,-5.124989608407361,-4.074178002688027,20019621400
2024-03-08,175.33999633789062,182.72999572753906,174.6999969482422,181.5,85315300,33.64258702861193,190.70618703429122,202.57505404514333,-5.870811886771236,-4.433504779504669,19934306100
2024-03-11,177.77000427246094,182.8699951171875,174.8000030517578,175.4499969482422,85391500,36.416368996343586,189.47416962840262,201.60230699523422,-6.19439495467725,-4.785682814539185,20019697600
2024-03-12,177.5399932861328,179.42999267578125,172.41000366210938,177.77000427246094,87391700,36.261858316638985,188.3375814053293,200.65868684977926,-6.395671511579337,-5.107680553947215,19932305900
2024-03-13,169.47999572753906,176.0500030517578,169.14999389648438,173.0500030517578,106524500,31.25711542047091,186.54162086458737,199.43599308027964,-7.123444442469321,-5.510833331651637,19825781400
2024-03-14,162.5,171.1699981689453,160.50999450683594,167.77000427246094,126325700,27.69260087389287,184.2519426870076,197.98752276340593,-8.169266831631603,-6.04252003164763,19699455700
2024-03-15,163.57000732421875,165.17999267578125,160.75999450683594,163.16000366210938,96971900,29.028735790465916,182.2822345572182,196.63781627559467,-8.810189579822406,-6.596053941282586,19796427600
2024-03-18,173.8000030517578,174.72000122070312,165.89999389648438,170.02000427246094,108214400,40.373166456390344,181.4744029852696,195.74221575701284,-8.395867976010692,-6.956016748228207,19904642000
2024-03-19,171.32000732421875,172.82000732421875,167.4199981689453,172.36000061035156,77271400,38.75584074742011,180.50731768421713,194.7844820929817,-8.173412042731002,-7.199495807128766,19827370600
2024-03-20,175.66000366210938,176.25,170.82000732421875,173.0,83846700,43.054998674597236,180.04566872973066,194.034502546673,-7.559768375255857,-7.2715503207541845,19911217300
2024-03-21,172.82000732421875,178.17999267578125,171.8000030517578,176.38999938964844,73178000,41.025513657067286,179.3575105006343,193.20256155755715,-7.219394629968804,-7.261119182597109,19838039300
2024-03-22,170.8300018310547,171.1999969482422,166.3000030517578,166.69000244140625,75454700,39.61636104854854,178.5453668178172,192.32520627416488,-7.029194616677586,-7.214734269413205,19762584600
2024-03-25,172.6300048828125,175.24000549316406,168.72999572753906,168.75999450683594,74228600,41.57130293988057,177.98199901448342,191.55284543528833,-6.656482743255907,-7.103083964181746,19836813200
2024-03-26,177.6699981689453,184.25,177.3800048828125,178.5800018310547,113186200,46.76801476208127,177.9522846482417,191.0084200522945,-5.886563916544503,-6.8597799546542975,19949999400
2024-03-27,179.8300018310547,181.91000366210938,176.0,181.41000366210938,81804000,48.86701641062798,178.13111485612865,190.5700507102851,-5.043959826655964,-6.496615929054631,20031803400
2024-03-28,175.7899932861328,179.57000732421875,175.3000030517578,177.4499969482422,77654800,45.27137570623505,177.9081508970814,189.9904406152203,-4.648598787430416,-6.127012500729788,19954148600
2024-04-01,175.22000122070312,176.75,170.2100067138672,176.1699981689453,81562100,44.77084928553281,177.65213664218825,189.41120769778826,-4.331336955223264,-5.767877391628484,19872586500
2024-04-02,166.6300048828125,167.69000244140625,163.42999267578125,164.75,116650600,37.95950666526095,176.602409807962,188.5178271952402,-4.718651900474185,-5.558032293397624,19755935900
2024-04-03,168.3800048828125,168.82000732421875,163.27999877929688,164.02000427246094,82950100,39.963438558673104,175.81932362461444,187.7281086731842,-4.82872883022381,-5.4121716007628615,19838886000
2024-04-04,171.11000061035156,177.19000244140625,168.00999450683594,170.07000732421875,123162000,43.05360959702764,175.37081667087512,187.07641816091626,-4.642165753269836,-5.258170431264257,19962048000
2024-04-05,164.89999389648438,170.86000061035156,160.50999450683594,169.0800018310547,141250700,38.232823466591746,174.37359545426648,186.20675446427188,-4.938481077522965,-5.1942325605159985,19820797300
2024-04-08,172.97999572753906,174.5,167.7899932861328,169.33999633789062,104423300,46.609576891380314,174.24087167076863,185.68805804322355,-4.469799421084218,-5.049345932629643,19925220600
2024-04-09,176.8800048828125,179.22000122070312,171.9199981689453,172.91000366210938,103232700,50.125469894720666,174.4922176909633,185.34264419379568,-3.740548966518247,-4.787586539407363,20028453300
2024-04-10,171.75999450683594,174.92999267578125,170.00999450683594,173.0399932861328,84532400,45.856140309145175,174.23200595914165,184.8099912648953,-3.535005432773602,-4.537070318080612,19943920900
2024-04-11,174.60000610351562,175.8800048828125,168.50999450683594,172.5500030517578,94516000,48.477531548786125,174.26705359193917,184.40959968993923,-3.107128457793806,-4.251081946023251,20038436900
2024-04-12,171.0500030517578,173.80999755859375,170.36000061035156,172.33999633789062,64506600,45.51136335219891,173.9606678262076,183.8856939394223,-3.0196794649123433,-4.00480144980107,19973930300
2024-04-15,161.47999572753906,170.69000244140625,161.3800048828125,170.24000549316406,100245300,38.64647617407888,172.77203238823918,183.00703910758375,-3.6801723827928754,-3.939875636399431,19873685000
2024-04-16,157.11000061035156,158.19000244140625,153.75,156.74000549316406,97000000,35.97776768745949,171.28041031415464,181.99146897043738,-4.504316901787831,-4.052763889477111,19776685000
2024-04-17,155.4499969482422,158.3300018310547,153.77999877929688,157.63999938964844,82439700,34.98935137204104,169.77275189835345,180.9506269303513,-5.2311048723163935,-4.288432086044968,19694245300
2024-04-18,149.92999267578125,152.1999969482422,148.6999969482422,151.25,96098800,31.85532409918318,167.88296530572754,179.73413146938776,-6.181254137373372,-4.666996496310649,19598146500
2024-04-19,147.0500030517578,150.94000244140625,146.22000122070312,148.97000122070312,86005100,30.328951808387572,165.89887366249232,178.45240094320621,-7.08497419667205,-5.150592036382929,19512141400
2024-04-22,142.0500030517578,144.44000244140625,138.8000030517578,140.55999755859375,107097600,27.835287858099974,163.6275526519462,177.0248559278553,-8.111136930348522,-5.742701015176048,19405043800
2024-04-23,144.67999267578125,147.25999450683594,141.11000061035156,143.3300018310547,124545100,31.04675829556504,161.82302313040668,175.75642991797005,-8.61287623110914,-6.316736058362667,19529588900
2024-04-24,162.1300048828125,167.97000122070312,157.50999450683594,162.83999633789062,181178000,47.68279769113989,161.85225948777867,175.22206030874818,-7.515800621387939,-6.556548970967722,19710766900
2024-04-25,170.17999267578125,170.8800048828125,158.36000061035156,158.9600067138672,126427500,53.28243179640744,162.6453769342551,175.0243321662789,-5.928454030613011,-6.43092998289678,19837194400
2024-04-26,168.2899932861328,172.1199951171875,166.3699951171875,168.85000610351562,109815700,51.878475877029004,163.18295944395774,174.76024044548885,-4.768014869144622,-6.0983469601463485,19727378700
2024-04-29,194.0500030517578,198.8699951171875,184.5399932861328,188.4199981689453,243869700,65.29924491329342,166.12267788279584,175.51670172416607,-1.7495729821990835,-5.228592164556896,19971248400
2024-04-30,183.27999877929688,190.9499969482422,182.83999633789062,186.97999572753906,127031800,58.01427990525996,167.75670844436738,175.8211447459359,-0.22390434627340028,-4.227654600900197,19844216600
2024-05-01,179.99000549316406,185.86000061035156,179.00999450683594,182.0,92829700,55.96045066078793,168.9217843537766,175.98462948112132,0.711522093193679,-3.239819262081422,19751386900
2024-05-02,180.00999450683594,184.60000610351562,176.02000427246094,182.86000061035156,89148000,55.97064954691348,169.97780436835367,176.14248693311012,1.4378921070497483,-2.304276988255188,19840534900
2024-05-03,181.19000244140625,184.77999877929688,178.4199981689453,182.10000610351562,75491500,56.60947618250669,171.04563275626344,176.34042871774918,2.0847308749990248,-1.4264754156043455,19916026400
2024-05-06,184.75999450683594,187.55999755859375,182.1999969482422,183.8000030517578,84390300,58.56806366401641,172.35176244679417,176.6706077683016,2.8525414605206265,-0.5706720403793512,20000416700
2024-05-07,177.80999755859375,183.25999450683594,177.39999389648438,182.39999389648438,75045900,53.50466868248431,172.87159436220367,176.7152897208621,2.8671791546105965,0.11689819861863841,19925370800
2024-05-08,174.72000122070312,176.05999755859375,170.14999389648438,171.58999633789062,79969500,51.37792319365872,173.04763311063218,176.63704311301274,2.599477592774008,0.6134140774497124,19845401300
2024-05-09,171.97000122070312,175.6199951171875,171.3699951171875,175.00999450683594,65950300,49.49244228666133,172.9450015020675,176.45402186233395,2.140743006232242,0.9188798632062184,19779451000
2024-05-10,168.47000122070312,173.05999755859375,167.75,173.0500030517578,72627200,47.122208085756476,172.51881099908042,176.14092301364255,1.477737355736764,1.0306513617123276,19706823800
2024-05-13,171.88999938964844,175.39999389648438,169.0,170.0,67018900,49.659177295932544,172.4589241791345,175.9742201264271,1.214268539273121,1.0673747972244862,19773842700
2024-05-14,177.5500030517578,179.49000549316406,174.07000732421875,174.5,86407400,53.6247311095257,172.94378883367006,176.0360155352636,1.4455195474055245,1.143003747260694,19860250100
2024-05-15,173.99000549316406,180.0,173.11000061035156,179.89999389648438,79663000,50.90835279122124,173.04342851552664,175.95577984733814,1.326237545713667,1.1796505069512886,19780587100
2024-05-16,174.83999633789062,175.7899932861328,171.42999267578125,174.10000610351562,59812200,51.539545311330194,173.21453021289463,175.9120236312814,1.285474705269877,1.2008153466150062,19840399300
2024-05-17,177.4600067138672,179.6300048828125,172.75,173.5500030517578,77445800,53.52319049953432,173.61886130822535,175.97272885020632,1.447892399242022,1.2502307571404094,19917845100
2024-05-20,174.9499969482422,177.75,173.52000427246094,177.55999755859375,61727400,51.35443042981205,173.7456361310841,175.93262171679598,1.3584138317430927,1.2718673720609461,19856117700
2024-05-21,186.60000610351562,186.8800048828125,174.7100067138672,175.50999450683594,115266500,59.54755926439927,174.96986184274425,176.3509505162752,2.202174501140462,1.4579287978768494,19971384200
2024-05-22,180.11000061035156,183.8000030517578,178.1199951171875,182.85000610351562,88313500,54.08282165143751,175.45939886823066,176.49836424545467,2.3204233110296855,1.6304277005074166,19883070700
2024-05-23,173.74000549316406,181.89999389648438,173.25999450683594,181.8000030517578,71975500,49.30053404313056,175.2956471182243,176.39019331399228,1.8784770608706083,1.680037572580055,19811095200
2024-05-24,179.24000549316406,180.0800018310547,173.72999572753906,174.83999633789062,65479700,53.15240659049526,175.67130029679,176.50195065435196,1.9495621690266773,1.7339424918693795,19876574900
2024-05-28,176.75,178.25,173.16000366210938,176.39999389648438,59736600,51.253876263230204,175.77403360185764,176.5116780796715,1.7844054803036329,1.7440350895562302,19816838300
2024-05-29,176.19000244140625,178.14999389648438,173.92999267578125,174.19000244140625,54782600,50.81428310877772,175.81364968181464,176.49906334875914,1.59000193910515,1.7132284594660143,19762055700
2024-05-30,178.7899932861328,182.6699981689453,175.3800048828125,178.5800018310547,77784800,52.8368253637344,176.09711097746398,176.58890373846006,1.626978469208666,1.6959784614145448,19839840500
2024-05-31,178.0800018310547,180.32000732421875,173.82000732421875,178.5,67314600,52.20551780066206,176.285957725425,176.64737817346378,1.5807701249335935,1.6729367941183546,19772525900
2024-06-03,176.2899932861328,182.63999938964844,174.49000549316406,178.1300048828125,68568900,50.56514631860361,176.28634206454,176.63336307984295,1.3837598274031109,1.615101400775306,19703957000
2024-06-04,174.77000427246094,177.75999450683594,174.0,174.77999877929688,60056300,49.15279086025885,176.14192894148485,176.56029018543583,1.0923850025788795,1.5105581211360208,19643900700
2024-06-05,175.0,176.14999389648438,172.1300048828125,175.35000610351562,57953800,49.38317450870512,176.03317380420057,176.49910233502658,0.8699982890008755,1.382446154708992,19701854500
2024-06-06,177.94000244140625,179.72999572753906,172.72999572753906,174.60000610351562,69887000,52.35494309011154,176.2147765315535,176.55560822155127,0.9203792832157376,1.290032780410341,19771741500
2024-06-07,177.47999572753906,179.35000610351562,175.5800018310547,176.1300048828125,56244900,51.84207740591035,176.33527359783784,176.59185871198216,0.9126672270560334,1.2145596697394796,19715496600
2024-06-10,173.7899932861328,178.57000732421875,173.1699981689453,176.05999755859375,50869700,47.79728407604511,176.09286594910404,176.48198163645867,0.6018650825787972,1.092020752307343,19664626900
2024-06-11,170.66000366210938,174.75,167.41000366210938,173.9199981689453,64761900,44.61734642346873,175.57545049319978,176.2536687747195,0.10181448561522188,0.8939794989689189,19599865000
2024-06-12,177.2899932861328,180.5500030517578,169.8000030517578,171.1199951171875,90389400,51.91494742647815,175.73874028300293,176.29430895163767,0.2377647345189473,0.7627365460789246,19690254400
2024-06-13,182.47000122070312,191.0800018310547,181.22999572753906,188.38999938964844,118984100,56.714005582472836,176.3798127532601,176.53649296218927,0.7547888988449358,0.7611470166321269,19809238500
2024-06-14,178.00999450683594,186.0,176.9199981689453,185.8000030517578,82038200,51.91016994997741,176.53506815836255,176.59427733648914,0.795479216810719,0.7680134566678454,19727200300
2024-06-17,187.44000244140625,188.80999755859375,177.0,177.9199981689453,109786100,59.685522382710694,177.57363332817624,177.01959988962315,1.57054515054665,0.9285197954436063,19836986400
2024-06-18,184.86000061035156,187.1999969482422,182.3699951171875,186.55999755859375,68982300,56.971477871591404,178.2675730693358,177.32706658455368,1.9540804779132088,1.133631931937527,19768004100
2024-06-20,181.57000732421875,185.2100067138672,179.66000366210938,184.67999267578125,55893100,53.62291783741687,178.5820906174199,177.49345641748172,1.9698527887463513,1.300876103299292,19712111000
2024-06-21,183.00999450683594,183.9499969482422,180.69000244140625,182.3000030517578,63029500,54.87313110510001,179.00379574974525,177.70979124451523,2.0746323199070673,1.4556273466208471,19775140500
2024-06-24,182.5800018310547,188.8000030517578,182.5500030517578,184.97000122070312,61992100,54.401525589061094,179.34438680510806,177.90077989496777,2.09878060158141,1.5842579976129598,19713148400
2024-06-25,187.35000610351562,187.97000122070312,182.00999450683594,184.39999389648438,63678300,58.64737520856847,180.10682673828973,178.27133778549907,2.4742956291683527,1.7622655239240386,19776826700
2024-06-26,196.3699951171875,197.75999450683594,186.36000061035156,186.5399932861328,95737100,65.23882141666547,181.65569991723237,178.98108905340843,3.459848741568777,2.101782167452986,19872563800
2024-06-27,197.4199981689453,198.72000122070312,194.0500030517578,195.1699981689453,72746500,65.91982390308763,183.15706165549074,179.70418352852752,4.276338189982056,2.5366933719588003,19945310300
2024-06-28,197.8800048828125,203.1999969482422,195.25999450683594,199.5500030517578,95438100,66.23194173793374,184.55924672475948,180.4169608365387,4.904000393805433,3.010154776328127,20040748400
2024-07-01,209.86000061035156,213.22999572753906,200.85000610351562,201.02000427246094,135691400,73.13296729304463,186.9688423329111,181.57158984727647,6.295541661176657,3.6672321532978334,20176439800
2024-07-02,231.25999450683594,231.3000030517578,218.05999755859375,218.88999938964844,205047900,80.71478955533884,191.18704730185632,183.52015473588665,9.021158501586768,4.738017422955621,20381487700
2024-07-03,246.38999938964844,248.35000610351562,234.25,234.55999755859375,166561500,84.125624128924,196.44447131021747,185.98563883995575,12.260760022456225,6.242565942855742,20548049200
2024-07-05,251.52000427246094,252.3699951171875,242.4600067138672,249.80999755859375,154501200,85.08860558801372,201.68976016376448,188.55561395495596,15.068416759971967,8.007736106278987,20702550400
2024-07-08,252.94000244140625,259.44000244140625,244.57000732421875,247.7100067138672,157219600,85.35346226764297,206.57073561877797,191.08049193481676,17.209704180220996,9.848129721067389,20859770000
2024-07-09,262.3299865722656,265.6099853515625,250.3000030517578,251.0,160210900,86.99806975003409,211.88114047149108,193.87458976373634,19.44028759763313,11.766561296380537,21019980900
2024-07-10,263.260009765625,267.5899963378906,257.8599853515625,262.79998779296875,128519400,87.15194832863182,216.77436611855146,196.5955866265555,21.040543833564385,13.621357803817308,21148500300
2024-07-11,241.02999877929688,271.0,239.64999389648438,263.29998779296875,221707300,66.80102773875865,219.08442637195577,198.33811259332967,20.28119335473147,14.953324914000142,20926793000
2024-07-12,248.22999572753906,251.83999633789062,233.08999633789062,235.8000030517578,155955800,69.30139028645944,221.8601948820113,200.29465702996535,20.02949466371382,15.968558863942878,21082748800
2024-07-15,252.63999938964844,265.6000061035156,251.72999572753906,255.97000122070312,146912900,70.75427788215322,224.7916048351196,202.3474155538745,19.955833649053858,16.766013820965075,21229661700
2024-07-16,256.55999755859375,258.6199951171875,245.8000030517578,255.30999755859375,126332500,72.02182549155711,227.81716604687907,204.4733991619027,19.983411526839518,17.409493362139965,21355994200
2024-07-17,248.5,258.4700012207031,246.17999267578125,252.72999572753906,115584800,65.71514099907466,229.7869597567001,206.1999325281026,19.134324172546258,17.754459524221225,21240409400
2024-07-18,249.22999572753906,257.1400146484375,247.1999969482422,251.08999633789062,110869000,66.00548703089939,231.63867746820858,207.88738598690404,18.309263093487203,17.86542023807442,21351278400
2024-07-19,239.1999969482422,249.44000244140625,236.8300018310547,247.7899932861328,87403900,58.65548585075998,232.3588031329737,209.11533151479966,16.654081284554138,17.623152447370366,21263874500
2024-07-22,251.50999450683594,253.2100067138672,243.75,244.2100067138672,101225400,63.95987552729493,234.18272612096058,210.77786731840894,16.149490427134822,17.32842004332326,21365099900
2024-07-23,246.3800048828125,255.75999450683594,245.6300048828125,253.60000610351562,111928200,60.47765952204241,235.34437171732742,212.17402957583653,15.160885991318537,16.894913232922317,21253171700
2024-07-24,215.99000549316406,225.99000549316406,214.7100067138672,225.4199981689453,167942900,44.88691796949372,233.50109874359757,212.32367569024154,11.789291271304563,15.873788840598767,21085228800
2024-07-25,220.25,226.0,216.22999572753906,216.8000030517578,100636500,46.951389236575594,232.23908933944543,212.63451193768304,9.35320618042806,14.569672308564627,21185865300
2024-07-26,219.8000030517578,222.27999877929688,215.3300018310547,221.19000244140625,94604100,46.75216549651106,231.05441445490374,212.91551158921538,7.3021060685661325,13.116159060564929,21091261200
2024-07-29,232.10000610351562,234.27000427246094,224.6999969482422,224.89999389648438,129201800,52.66451146728186,231.15399461191438,213.66784470742326,6.593100742107254,11.811547396873394,21220463000
2024-07-30,222.6199951171875,232.41000366210938,220.0,232.25,100560300,48.220474400327554,230.34123275527372,214.0189094293748,5.206236994637692,10.490485316426254,21119902700
2024-07-31,232.07000732421875,234.67999267578125,226.7899932861328,227.89999389648438,67497000,52.521434502631465,230.5058779523161,214.72679562132947,4.814179625020017,9.355224178145006,21187399700
2024-08-01,216.86000061035156,231.8699951171875,214.3300018310547,227.69000244140625,83861900,45.91132182053323,229.20627058641472,214.8104507189382,3.2388158554097117,8.131942513597947,21103537800
2024-08-02,207.6699981689453,216.1300048828125,205.77999877929688,214.8800048828125,82880100,42.43612868527528,227.1551970228462,214.53043297187966,1.2345413014955966,6.752462271177477,21020657700
2024-08-05,198.8800048828125,203.8800048828125,182.0,185.22000122070312,100308800,39.366777284874445,224.46232158093824,213.91669069387703,-1.0510241672909615,5.19176498348379,20920348900
2024-08-06,200.63999938964844,202.89999389648438,192.6699981689453,200.75,73783900,40.297902096072676,222.1935289912916,213.3960361329269,-2.6893334580480257,3.6155452951774265,20994132800
2024-08-07,191.75999450683594,203.49000549316406,191.47999572753906,200.77000427246094,71159800,37.19433841459235,219.29509713562916,212.54756391229589,-4.650637896352151,1.9623086568715111,20922973000
2024-08-08,198.83999633789062,200.6999969482422,192.0399932861328,195.6999969482422,65033900,41.0899232029031,217.3469922977493,212.01001224271138,-5.569487234468113,0.4559494786035863,20988006900
2024-08-09,200.0,200.8800048828125,195.11000061035156,197.0500030517578,58648300,41.727668021008036,215.69489779320173,211.53903137044819,-6.133377594881068,-0.8619159360933447,21046655200
2024-08-12,197.49000549316406,199.25999450683594,194.6699981689453,199.02000427246094,64044900,40.70092969588344,213.9610985265315,210.98808917918214,-6.705503477859537,-2.0306334444465834,20982610300
2024-08-13,207.8300018310547,208.49000549316406,197.05999755859375,198.47000122070312,76247400,46.537009279917775,213.3771845555337,210.86424261651047,-6.252491245513994,-2.875005004660066,21058857700
2024-08-14,201.3800048828125,208.44000244140625,198.75,207.38999938964844,70250000,43.65103987468547,212.23459601527452,210.4923117249929,-6.340843341450437,-3.5681726720181404,20988607700
2024-08-15,214.13999938964844,215.8800048828125,204.82000732421875,205.02000427246094,89848500,50.22704763505735,212.41606300331014,210.63535830007743,-5.319913446365888,-3.91852082688769,21078456200
2024-08-16,216.1199951171875,219.8000030517578,210.8000030517578,211.14999389648438,88765100,51.17914258728832,212.76881844272702,210.85044209682684,-4.301465425554454,-3.995109746621043,21167221300
2024-08-19,222.72000122070312,222.97999572753906,214.08999633789062,217.07000732421875,76435200,54.316141751179835,213.7165501358676,211.31591500364553,-2.9280203021248496,-3.7816918577218046,21243656500
2024-08-20,221.10000610351562,228.22000122070312,219.55999755859375,224.8800048828125,74001200,53.40899518764841,214.41973641850075,211.69960485069927,-1.9478219349727226,-3.4149178731719885,21169655300
2024-08-21,223.27000427246094,224.66000366210938,218.86000061035156,222.6699981689453,70146000,54.50507417768879,215.26261907125885,212.15334600449384,-0.9845575832997895,-2.928845815197549,21239801300
2024-08-22,210.66000366210938,224.8000030517578,210.32000732421875,223.82000732421875,79514500,47.510380380159226,214.82427474657794,212.09478355969446,-1.2245692358542044,-2.58799049932888,21160286800
2024-08-23,220.32000732421875,221.47999572753906,214.2100067138672,214.4600067138672,81525200,52.53551198201857,215.3476778492104,212.4173413543817,-0.6280587656831926,-2.1960041525997425,21241812000
2024-08-26,213.2100067138672,219.08999633789062,211.00999450683594,218.75,59301200,48.83008289607534,215.14409012203487,212.44842627043997,-0.7207294287318575,-1.9009492078261656,21182510800
2024-08-27,209.2100067138672,215.66000366210938,206.94000244140625,213.25,62821400,46.82895414168451,214.578939321257,212.32142942508418,-1.1042095273741666,-1.7416012717357658,21119689400
2024-08-28,205.75,211.83999633789062,202.58999633789062,209.72000122070312,64116400,45.106955823903945,213.73808795732776,212.063726310375,-1.6680852453383181,-1.7268980664562763,21055573000
2024-08-29,206.27999877929688,214.88999938964844,205.97000122070312,209.8000030517578,62308800,45.43792818517403,213.02779374989626,211.83691346601898,-2.0485795918866927,-1.7912343715423598,21117881800
2024-08-30,214.11000061035156,214.57000732421875,207.02999877929688,208.6300048828125,63370600,50.21382416068196,213.1308610699396,211.92605413834576,-1.6987265310995951,-1.772732803453807,21181252400
2024-09-03,210.60000610351562,219.89999389648438,209.63999938964844,215.25999450683594,76714200,48.17799205900707,212.8898272636135,211.87405225462695,-1.685265985089785,-1.7552394397810027,21104538200
2024-09-04,219.41000366210938,222.22000122070312,210.57000732421875,210.58999633789062,80651800,53.29627421010851,213.51079644442265,212.16957976080275,-0.9527228348513574,-1.5947361187950737,21185190000
2024-09-05,230.1699981689453,235.0,222.25,223.49000549316406,119355000,58.66584962870399,215.09738708485338,212.8754785219064,0.49041136414118114,-1.1777066222078227,21304545000
2024-09-06,210.72999572753906,233.60000610351562,210.50999450683594,232.60000610351562,112177000,47.941539919617945,214.68144505082344,212.79134194173514,0.06471390233775765,-0.9292225172987068,21192368000
2024-09-09,216.27000427246094,219.8699951171875,213.6699981689453,216.1999969482422,67443500,50.707003872358264,214.8327364052651,212.92776007235184,0.17239077314266638,-0.7088998592104322,21259811500
2024-09-10,226.1699981689453,226.39999389648438,218.63999938964844,220.07000732421875,78891100,55.27891893723147,215.9124756208537,213.4470635271202,1.0445315294969362,-0.35821358146895854,21338702600
2024-09-11,228.1300048828125,228.47000122070312,216.8000030517578,224.5500030517578,83548600,56.146136595674214,217.07604983627837,214.02286514891208,1.8722830106015351,0.08788573694514022,21422251200
2024-09-12,229.80999755859375,231.4499969482422,223.8300018310547,224.66000366210938,72020000,56.91731191934446,218.28880676221317,214.6419683806643,2.633486202006736,0.5970058299574594,21494271200
2024-09-13,230.2899932861328,232.6699981689453,226.32000732421875,228.0,59515100,57.14916837176489,219.43177690734836,215.2556164161729,3.238149487475397,1.125234561461047,21553786300
2024-09-16,226.77999877929688,229.9600067138672,223.52999877929688,229.3000030517578,54323000,54.82560985834048,220.13160756181966,215.70755297943268,3.394986978536849,1.5791850448762075,21499463300
2024-09-17,227.8699951171875,234.57000732421875,226.5500030517578,229.4499969482422,66761600,55.43161165775782,220.8685968528071,216.18451149463874,3.5661273192453677,1.9765734997500397,21566224900
2024-09-18,227.1999969482422,235.67999267578125,226.8800048828125,230.08999633789062,78010200,54.94370937271395,221.4715873380866,216.6164913163487,3.606124856816308,2.3024837711632937,21488214700
2024-09-19,243.9199981689453,244.24000549316406,232.1300048828125,234.0,102694600,63.562900598482955,223.60953122673982,217.68721707527405,4.930155790105289,2.828018174951693,21590909300
2024-09-20,238.25,243.99000549316406,235.9199981689453,241.52000427246094,99879100,59.412230323470645,225.00386158609794,218.49360071938096,5.459010305101231,3.3542166009816006,21491030200
2024-09-23,250.0,250.0,241.9199981689453,242.61000061035156,86927200,64.57480563871135,227.38444619694576,219.72914578920916,6.748466004256443,4.0330664816365696,21577957400
2024-09-24,254.27000427246094,257.19000244140625,249.0500030517578,254.0800018310547,88491000,66.25461768892332,229.944975537471,221.0836892591406,8.022444844369176,4.8309421541830915,21666448400
2024-09-25,257.0199890136719,257.04998779296875,252.27999877929688,252.5399932861328,65034300,67.32909266244042,232.52354824949015,222.49295591618107,9.148524543535615,5.694458632053596,21731482700
2024-09-26,254.22000122070312,261.75,251.52999877929688,260.6000061035156,67142200,65.05770517516284,234.58987710389138,223.73715377126038,9.703163178559862,6.49619954135485,21664340500
2024-09-27,260.4599914550781,260.70001220703125,254.1199951171875,257.3800048828125,70988100,67.67492646287559,237.0536975182901,225.17726505297873,10.524908758274762,7.301941384738832,21735328600
2024-09-30,261.6300048828125,264.8599853515625,255.77000427246094,259.0400085449219,80705700,68.15654240851643,239.3942982196732,226.60678426199183,11.142118944499998,8.069976896691065,21816034300
2024-10-01,258.0199890136719,263.9800109863281,248.52999877929688,262.6700134277344,87397600,64.94150074822733,241.16817353338737,227.83867464441067,11.210733990363252,8.698128315425503,21728636700
2024-10-02,249.02000427246094,251.16000366210938,241.5,247.5500030517578,93983900,57.641369169008506,241.91596693710866,228.66931502198128,10.418787064143999,9.042260065169202,21634652800
2024-10-03,240.66000366210938,249.7899932861328,237.80999755859375,244.47999572753906,80729200,51.81481801185334,241.79635138710873,229.1395381059079,9.012688573953909,9.036345766926145,21553923600
2024-10-04,250.0800018310547,250.9600067138672,244.5800018310547,246.69000244140625,86573200,57.079490261438984,242.58527047700835,229.960732761796,8.559788601396576,8.941034333820232,21640496800
2024-10-07,240.8300018310547,249.8300018310547,240.6999969482422,249.0,68113300,51.167574170166176,242.41810203453656,230.3869786076493,7.369513254220351,8.626730117900257,21572383500
2024-10-08,244.5,246.2100067138672,240.55999755859375,243.55999755859375,56303200,53.23704322603007,242.61637803124736,230.94043042695716,6.645741673707903,8.230532429061787,21628686700
2024-10-09,241.0500030517578,247.42999267578125,239.50999450683594,243.82000732421875,66289500,51.04697233381451,242.46719946177217,231.33688425538074,5.727735787991293,7.729973100847689,21562397200
2024-10-10,238.77000427246094,242.7899932861328,232.33999633789062,241.80999755859375,83087100,49.59492078585727,242.11508563421873,231.62837915801134,4.761346820628489,7.136247844803849,21479310100
2024-10-11,217.8000030517578,223.33999633789062,214.3800048828125,220.1300048828125,142628900,38.69319679516454,239.79936348350816,231.0860898989426,2.2771234944547416,6.164422974734028,21336681200
2024-10-14,219.16000366210938,221.91000366210938,213.74000549316406,220.1300048828125,86291900,39.620186854667544,237.83371016718448,230.6184002425962,0.41333462953807043,5.014205305694837,21422973100
2024-10-15,219.57000732421875,224.25999450683594,217.1199951171875,220.00999450683594,62988800,39.91514793713262,236.09430989642584,230.18512993207162,-1.0189023329438953,3.807583777967091,21485961900
2024-10-16,221.3300018310547,222.82000732421875,218.92999267578125,221.39999389648438,49632800,41.24207682996623,234.68818531877145,229.83787000654155,-1.9890154644520521,2.6482639294832624,21535594700
2024-10-17,220.88999938964844,222.0800018310547,217.89999389648438,221.58999633789062,50791800,40.998308629064205,233.37407237314068,229.48697311960458,-2.761508677176579,1.5663094081512943,21484802900
2024-10-18,220.6999969482422,222.27999877929688,219.22999572753906,220.7100067138672,49611900,40.88592601181347,232.1670175707694,229.14238581876685,-3.350425107803119,0.5829625049604117,21435191000
2024-10-21,218.85000610351562,220.47999572753906,215.72999572753906,218.89999389648438,47329000,39.74358614248303,230.89873076436427,228.73876308483543,-3.9212230042231226,-0.31787459687629516,21387862000
2024-10-22,217.97000122070312,218.22000122070312,215.25999450683594,217.30999755859375,43268700,39.182774696017496,229.6674231887775,228.31645869800673,-4.39394285099624,-1.1330882477002842,21344593300
2024-10-23,213.64999389648438,218.72000122070312,212.11000061035156,217.1300048828125,80938900,36.46268894961546,228.14195373236862,227.7413032155941,-5.0588499493915435,-1.9182405880385363,21263654400
2024-10-24,260.4800109863281,262.1199951171875,242.64999389648438,244.67999267578125,204491900,64.90472107558352,231.2217687089362,229.02517410856404,-1.786409988552549,-1.8918744681413389,21468146300
2024-10-25,269.19000244140625,269.489990234375,255.32000732421875,256.010009765625,161611900,67.79251806534259,234.83779096917144,230.60026541573433,1.4926395553993643,-1.2149716634331984,21629758200
2024-10-28,262.510009765625,273.5400085449219,262.239990234375,270.0,107653600,63.47844793033871,237.4732403783575,231.85162793925946,3.51180841991021,-0.26961564676451677,21522104600
2024-10-29,259.5199890136719,264.9800109863281,255.50999450683594,264.510009765625,80521800,61.58918335706706,239.57293072457793,232.93666170688348,4.815237545283878,0.7473549916451623,21441582800
2024-10-30,257.54998779296875,263.3500061035156,255.82000732421875,258.0400085449219,53993600,60.31546864809051,241.28503139775802,233.90189018084763,5.624417104021575,1.722767414120445,21387589200
2024-10-31,249.85000610351562,259.75,249.25,257.989990234375,66575300,55.48538959476688,242.10074327449684,234.5273064915405,5.580050217788198,2.4942239748539956,21321013900
2024-11-01,248.97999572753906,254.0,246.6300048828125,252.0399932861328,57544800,54.94994783440436,242.75591017478658,235.0940786184424,5.412296983848961,3.0778385766529888,21263469100
2024-11-04,242.83999633789062,248.89999389648438,238.8800048828125,244.55999755859375,68802400,51.19511423354668,242.7639183807965,235.39784009763648,4.729387268239719,3.4081483149703353,21194666700
2024-11-05,251.44000244140625,255.27999877929688,246.2100067138672,247.33999633789062,69282500,55.755464169148894,243.59021210085456,236.0269445032745,4.8264882654845565,3.69181630507318,21263949200
2024-11-06,288.5299987792969,289.5899963378906,275.6199951171875,284.6700134277344,165228700,69.14580868776432,247.87019178451573,238.08588780821657,7.806307976713413,4.514714639401227,21429177900
2024-11-07,296.9100036621094,299.75,285.5199890136719,288.8900146484375,117309200,71.26202671255697,252.54065005857225,240.39271588091825,10.720454202923776,5.755862552105737,21546487100
2024-11-08,321.2200012207031,328.7099914550781,297.6600036621094,299.1400146484375,204782800,76.3332255565845,259.08154064544186,243.56241334522355,14.820705846903195,7.568831211065229,21751269900
2024-11-11,350.0,358.6400146484375,336.0,346.29998779296875,210521600,80.67987792871602,267.74044153635214,247.7364363512932,20.16009714185202,10.087084397222588,21961791500
2024-11-12,328.489990234375,345.8399963378906,323.30999755859375,342.739990234375,155726000,70.28930269248575,273.52611284092575,250.90324238592387,22.39773800825094,12.54921511942826,21806065500
2024-11-13,330.239990234375,344.6000061035156,322.5,335.8500061035156,125405600,70.62081241174315,278.9274344974447,254.01448739958863,24.035231701204452,14.8464184357835,21931471100
2024-11-14,311.17999267578125,329.9800109863281,310.3699951171875,327.69000244140625,120726100,62.44800167457135,281.99910670490533,256.25627192022364,23.52380693515545,16.581896135657892,21810745000
2024-11-15,320.7200012207031,324.67999267578125,309.2200012207031,310.57000732421875,114440300,64.65296958046292,285.6868109445051,258.7842613045562,23.61606676664752,17.98873026185582,21925185300
2024-11-18,338.739990234375,348.54998779296875,330.010009765625,340.7300109863281,126547500,68.42444013185445,290.7394946863975,261.9197800861177,24.856713145498077,19.362326838584274,22051732800
2024-11-19,346.0,347.3800048828125,332.75,335.760009765625,88852500,69.82152393870899,296.00239995435965,265.21704361215234,26.1246082310804,20.7147831170835,22140585300
2024-11-20,342.0299987792969,346.6000061035156,334.29998779296875,345.0,66340700,68.04844638383197,300.38598079482983,268.2293163638051,26.503561739431177,21.872538841553038,22074244600
2024-11-21,339.6400146484375,347.989990234375,335.2799987792969,343.80999755859375,58011700,66.94626312774761,304.12446020945913,271.0297359043789,26.307773739928848,22.7595858212282,22016232900
2024-11-22,352.55999755859375,361.5299987792969,337.70001220703125,341.0899963378906,89140700,69.79448276893964,308.7373685284243,274.22700106728934,26.885228801642597,23.58471441731108,22105373600
2024-11-25,338.5899963378906,361.92999267578125,338.20001220703125,360.1400146484375,95890900,63.42995077402149,311.5804759388497,276.751040097509,25.916850432938986,24.051141620436663,22009482700
2024-11-26,338.2300109863281,346.9599914550781,335.6600036621094,341.0,62295900,63.26984197536587,314.1185268957524,279.1619801323647,24.834083928753785,24.20773008210009,21947186800
2024-11-27,332.8900146484375,342.54998779296875,326.5899963378906,341.79998779296875,57896400,60.81745022486527,315.90628763410336,281.2689618780931,23.276770476255535,24.02153816093118,21889290400
2024-11-29,345.1600036621094,345.45001220703125,334.6499938964844,336.0799865722656,37167600,64.2466856548811,318.6923558272468,283.77449292844665,22.770193299733535,23.77126918869165,21926458000
2024-12-02,357.0899963378906,360.0,351.1499938964844,352.3800048828125,77986500,67.24807366435248,322.3492739711176,286.6496107092092,23.065493294546627,23.63011400986265,22004444500
2024-12-03,351.4200134277344,355.69000244140625,348.20001220703125,351.79998779296875,58267200,64.47767994280495,325.1179158241287,289.18962650209255,22.581692735888566,23.420429755067833,21946177300
2024-12-04,357.92999267578125,358.1000061035156,348.6000061035156,353.0,50810900,66.19942283863513,328.2428755242861,291.8853271363549,22.46462007027833,23.229267818109932,21996988200
2024-12-05,369.489990234375,375.42999267578125,359.5,359.8699951171875,81403600,69.06661768580562,332.1711721633422,294.92864725784585,23.039054452946914,23.19122514507733,22078391800
2024-12-06,389.2200012207031,389.489990234375,370.79998779296875,377.4200134277344,81455800,73.23904655755953,337.60439397832897,298.626347413252,24.800460564169896,23.513072228895844,22159847600
2024-12-09,389.7900085449219,404.79998779296875,378.010009765625,397.6099853515625,96359200,73.35088269359284,342.5744525084807,302.2013929478273,25.943323935701983,23.99912257025707,22256206800
2024-12-10,400.989990234375,409.7300109863281,390.8500061035156,392.67999267578125,97563600,75.51601406386881,348.137837053804,306.07545558651543,27.436525128674077,24.686603081940476,22353770400
2024-12-11,424.7699890136719,424.8800048828125,402.3800048828125,409.70001220703125,104287600,79.3518630024921,355.4361372404581,310.7301431718941,30.19072510979356,25.787427487511096,22458058000
2024-12-12,418.1000061035156,429.29998779296875,415.0,424.8399963378906,87752200,75.76633411615347,361.4041247512255,314.9407260319577,31.472441841657712,26.92443035834042,22370305800
2024-12-13,436.2300109863281,436.29998779296875,415.7099914550781,420.0,89000200,78.59723039723245,368.53039963075906,319.6971685791879,33.564243752241055,28.252393037120548,22459306000
2024-12-16,463.0199890136719,463.19000244140625,436.1499938964844,441.0899963378906,114083800,81.95219766603948,377.5294081434174,325.31767134132457,36.957713653001974,29.993457160296835,22573389800
2024-12-17,479.8599853515625,483.989990234375,457.510009765625,475.8999938964844,131223000,83.68359630489903,387.275177401336,331.3781542436868,40.53860614746975,32.10248695773142,22704612800
2024-12-18,440.1300048828125,488.5400085449219,427.010009765625,466.5,149340800,67.28362252022478,392.30897049480996,335.64293270012314,39.7128271111842,33.62455498842198,22555272000
2024-12-19,436.1700134277344,456.3599853515625,420.0199890136719,451.8800048828125,118566100,65.89740397512722,396.48621267889797,339.58517116002946,38.29738464917432,34.55912092057245,22436705900
2024-12-20,421.05999755859375,447.0799865722656,417.6400146484375,425.510009765625,132216200,60.75397887566443,398.8265731436309,342.78026239134573,35.54662493411638,34.756621723281235,22304489700
2024-12-23,430.6000061035156,434.510009765625,415.4100036621094,431.0,72698100,62.73181750130294,401.85261437790564,346.22417390947004,33.74740789104061,34.55477895683311,22377187800
2024-12-24,462.2799987792969,462.7799987792969,435.1400146484375,435.8999938964844,59551800,68.42282865391748,407.60760336851433,350.7753827278946,34.48035796657297,34.53989475878108,22436739600
2024-12-26,454.1300048828125,465.3299865722656,451.0199890136719,465.1600036621094,76366400,65.64558710222926,412.038308274638,354.8285051653424,34.01152608567145,34.43422102415916,22360373200
2024-12-27,431.6600036621094,450.0,426.5,449.5199890136719,82666800,58.5851632949449,413.9070411686829,357.8415051063921,31.464133191738995,33.84020345767512,22277706400
2024-12-30,417.4100036621094,427.0,415.75,419.3999938964844,64941000,54.576261061544265,414.24065664424734,360.17752465759673,27.97299479117379,32.66676172437486,22212765400
2024-12-31,403.8399963378906,427.92999267578125,402.5400085449219,423.7900085449219,76825100,50.997469933962535,413.25011756745147,361.8897784489808,23.836484123372486,30.900706204174387,22135940300
2025-01-02,379.2799987792969,392.7300109863281,373.0400085449219,390.1000061035156,109710700,45.21813175468165,410.01486815905577,362.57174787369905,18.36478525790386,28.393522014920283,22026229600
2025-01-03,410.44000244140625,411.8800048828125,379.45001220703125,381.4800109863281,95423300,52.56324233735082,410.0553571383272,364.44893432733465,16.354254698085015,25.985668551553232,22121652900
2025-01-06,411.04998779296875,426.42999267578125,401.70001220703125,423.20001220703125,85516500,52.69695028728049,410.1500838673407,366.27642662010464,14.641339219740985,23.716802685190785,22207169400
2025-01-07,394.3599853515625,414.3299865722656,390.0,405.8299865722656,75699500,48.65585561583501,408.6462649610761,367.37774264878925,11.801062348564471,21.333654617865523,22131469900
2025-01-08,394.94000244140625,402.5,387.3999938964844,392.95001220703125,73038800,48.80279184652802,407.3409066258694,368.45861558183304,9.487558330182196,18.96443536032886,22204508700
2025-01-10,394.739990234375,399.2799987792969,377.2900085449219,391.3999938964844,62287300,48.750980876015014,406.140819350489,369.48925772507,7.550908244220011,16.68172993710709,22142221400
2025-01-13,403.30999755859375,403.7900085449219,380.07000732421875,383.2099914550781,67580500,51.144305588113255,405.87121727507036,370.81556124795327,6.631186872315823,14.671621324148838,22209801900
2025-01-14,396.3599853515625,422.6400146484375,394.5400085449219,414.3399963378906,84565000,49.14010491130452,404.9653856633077,371.8173033696634,5.2806214405216,12.79342134742339,22125236900
2025-01-15,428.2200012207031,429.79998779296875,405.6600036621094,409.8999938964844,81375500,57.38446523338785,407.1801109544882,374.0291738736258,6.703847836049931,11.5755066451487,22206612400
2025-01-16,413.82000732421875,424.0,409.1300048828125,423.489990234375,68335200,53.18788770060403,407.8124820373197,375.5895987148255,6.593796663185344,10.579164648756029,22138277200
2025-01-17,426.5,439.739990234375,419.75,421.5,94991400,56.22374200801839,409.59224565281306,377.5860850397343,7.443940639627954,9.952119846930414,22233268600
2025-01-21,424.07000732421875,433.20001220703125,406.30999755859375,432.6400146484375,87320900,55.48116937624165,410.97108009770886,379.4089839528514,7.831331055700161,9.527962088684363,22145947700
2025-01-22,415.1099853515625,428.0,414.5899963378906,416.80999755859375,60963300,52.71643133558513,411.3652615504568,380.8090232233891,7.3308365399243485,9.08853697893236,22084984400
2025-01-23,412.3800048828125,420.7300109863281,408.95001220703125,416.05999755859375,50690600,51.868333749063794,411.4619037725859,382.04710093552336,6.637392690570891,8.598308121260066,22034293800
2025-01-24,406.5799865722656,418.8800048828125,405.7799987792969,414.45001220703125,56427100,50.02689253241114,410.99695927731733,383.00917488206227,5.555776901312242,7.9898018772705015,21977866700
2025-01-27,397.1499938964844,406.69000244140625,389.0,394.79998779296875,58125500,47.0991346107031,409.67820066961895,383.5637168041965,3.8927932985394023,7.170400161524282,21919741200
2025-01-28,398.0899963378906,400.5899963378906,386.5,396.9100036621094,48910700,47.42941044220747,408.5745621618353,384.13337482512566,2.6205095503989355,6.260422039299213,21968651900
2025-01-29,389.1000061035156,398.5899963378906,384.4800109863281,395.2099914550781,68033600,44.563837165372966,406.71984253723343,384.3281446791802,0.8766924691946087,5.183676125278293,21900618300
2025-01-30,400.2799987792969,412.5,384.4100036621094,410.7799987792969,98092900,48.71368586313614,406.10652408409663,384.95370758506715,0.3923144854735483,4.225403797317344,21998711200
2025-01-31,404.6000061035156,419.989990234375,401.3399963378906,401.5299987792969,83568200,50.263023702508235,405.96304618118415,385.724150664222,0.3529612137155027,3.4509152805969756,22082279400
2025-02-03,383.67999267578125,389.1700134277344,374.3599853515625,386.67999267578125,93732100,43.42206087366631,403.84085060924104,385.6439876058518,-1.3507264517115232,2.4905869341352758,21988547300
2025-02-04,392.2099914550781,394.0,381.3999938964844,382.6300048828125,57072200,46.61270404731855,402.733149737416,385.9014779528803,-1.9896758430655268,1.5945343786951154,22045619500
2025-02-05,378.1700134277344,388.3900146484375,375.5299987792969,387.510009765625,57223300,42.37666432293351,400.39380342220824,385.5982832656197,-3.5876010966715626,0.5581072836217799,21988396200
2025-02-06,374.32000732421875,375.3999938964844,363.17999267578125,373.0299987792969,77918200,41.26912125940376,397.9105847462092,385.1559979345844,-5.1057754877069215,-0.5746692706439605,21910478000
2025-02-07,361.6199951171875,380.54998779296875,360.3399963378906,370.19000244140625,70298300,37.76299399082534,394.4543381148738,384.2330174319414,-7.250149269418557,-1.9097652703988799,21840179700
2025-02-10,350.7300109863281,362.70001220703125,350.510009765625,356.2099914550781,77514900,35.015888145198275,390.29011648358374,382.91917404191736,-9.71630809721654,-3.4710738357624122,21762664800
2025-02-11,328.5,349.3699951171875,325.1000061035156,345.79998779296875,118543400,30.188160728247283,384.40534348514717,380.7850887853716,-13.311090868933832,-5.439077242396697,21644121400
2025-02-12,336.510009765625,346.3999938964844,329.1199951171875,329.94000244140625,105382700,33.73343706396433,379.843883130907,379.0488111767541,-15.336847636196012,-7.41863132115656,21749504100
2025-02-13,355.94000244140625,358.69000244140625,342.8500061035156,345.0,89441500,41.49482780658179,377.56732306524026,378.14258338321105,-15.199229190413746,-8.974750895007999,21838945600
2025-02-14,355.8399963378906,362.0,347.5,360.6199951171875,68277300,41.46790652276798,375.49805385311174,377.26797212653184,-14.926175576586559,-10.165035831323712,21770668300
2025-02-18,354.1099853515625,359.1000061035156,350.0199890136719,355.010009765625,51631700,40.97268077330219,373.4610949482023,376.3598157824154,-14.680152390000728,-11.068059143059116,21719036600
2025-02-19,360.55999755859375,367.3399963378906,353.6700134277344,354.0,67094400,43.67352798199208,372.2324190063348,375.74021506775574,-13.805573108895317,-11.615561936226356,21786131000
2025-02-20,354.3999938964844,362.29998779296875,348.0,361.510009765625,45965400,41.71062527573923,370.53409280539665,374.9033436492745,-13.454429256472224,-11.98333540027553,21740165600
2025-02-21,337.79998779296875,354.9800109863281,334.4200134277344,353.44000244140625,74058600,36.89787023349986,367.41655899468924,373.44831008628216,-14.35020673355541,-12.456709666931507,21666107000
2025-02-24,330.5299987792969,342.3999938964844,324.70001220703125,338.1400146484375,76052300,34.993528090761814,363.90355325989,371.7652390546357,-15.468433718303231,-13.059054477205853,21590054700
2025-02-25,302.79998779296875,328.8900146484375,297.25,327.0199890136719,134228800,28.872445726641743,358.08416607256413,369.06071939731544,-18.380339682832016,-14.123311518331086,21455825900
2025-02-26,290.79998779296875,309.0,288.0400085449219,303.7099914550781,100118300,26.69620974731528,351.67614909355507,365.99167109910576,-21.40954988657586,-15.580559191980042,21355707600
2025-02-27,281.95001220703125,297.2300109863281,280.8800048828125,291.1600036621094,101748200,25.188328071157343,345.03556462817187,362.6959197700048,-24.244860208198418,-17.31341939522372,21253959400
2025-02-28,292.9800109863281,293.8800048828125,273.6000061035156,279.5,115697000,30.460248733610726,340.07789285275817,359.96196256280183,-25.310076538093256,-18.912750823797627,21369656400
2025-03-03,284.6499938964844,303.94000244140625,277.29998779296875,300.3399963378906,115551400,28.809106789197486,334.79904533311304,357.00855202686785,-26.520716603860592,-20.434343979810222,21254105000
2025-03-04,272.0400085449219,284.3500061035156,261.8399963378906,270.92999267578125,126706600,26.469959274372144,328.82199421042816,353.67645228247784,-28.172918146636448,-21.98205881317547,21127398400
2025-03-05,279.1000061035156,279.54998779296875,267.7099914550781,272.9200134277344,94042900,29.90166600045704,324.0865667716746,350.7518857656558,-28.583128460129842,-23.302272742566345,21221441300
2025-03-06,263.45001220703125,272.6499938964844,260.0199890136719,272.05999755859375,98451600,26.904165959531298,318.3116568131371,347.3282828810039,-29.827217210761546,-24.607261636205386,21122989700
2025-03-07,262.6700134277344,266.25,250.72999572753906,259.32000732421875,102369600,26.760180946131513,313.012452681194,344.00835074558154,-30.52424143697516,-25.790657596359342,21020620100
2025-03-10,222.14999389648438,253.3699951171875,220.0,252.5399932861328,189076900,20.59419003564605,304.35888517788834,339.2295916534601,-33.954854665852224,-27.423497010257922,20831543200
2025-03-11,230.5800018310547,237.05999755859375,217.02000427246094,225.30999755859375,174896400,24.492248880358872,297.33232485914226,334.9688234251305,-35.583227876991316,-29.055443183604602,21006439600
2025-03-12,248.08999633789062,251.83999633789062,241.10000610351562,247.22000122070312,142215700,31.963305478047474,292.64257928568975,331.56181059817993,-35.05670330537839,-30.255695207959363,21148655300
2025-03-13,240.67999267578125,248.2899932861328,232.60000610351562,248.1300048828125,114813500,30.58417803645196,287.6937615133175,327.99781773847803,-34.83578886698524,-31.17171393976454,21033841800
2025-03-14,249.97999572753906,251.5800018310547,240.72999572753906,247.30999755859375,100242300,34.409292053344885,284.1019742956243,324.93829530667654,-33.52383812204147,-31.642138776219927,21134084100
2025-03-17,238.00999450683594,245.39999389648438,232.8000030517578,245.05999755859375,111900600,31.96759559180714,279.7122619347873,321.5293423341338,-33.06879033523796,-31.927469088023535,21022183500
2025-03-18,225.30999755859375,230.10000610351562,222.27999877929688,228.16000366210938,111477600,29.570074377960722,274.53109389895934,317.7560346958773,-33.34852427210083,-32.211680124839,20910705900
2025-03-19,235.86000061035156,241.41000366210938,229.1999969482422,231.61000061035156,111993800,33.99841007270216,270.84813263337765,314.5444255160528,-32.34605318976372,-32.23855473782395,21022699700
2025-03-20,236.25999450683594,238.0,230.0500030517578,233.35000610351562,99028300,34.16741900206404,267.5540242403737,311.4744478294169,-31.160117037332583,-32.022867197725674,21121728000
2025-03-21,248.7100067138672,249.52000427246094,234.5500030517578,234.99000549316406,132728700,39.37137999336234,265.7593559045159,309.01309719743455,-28.8827003653532,-31.39483383125118,21254456700
2025-03-24,278.3900146484375,278.6400146484375,256.3299865722656,258.0799865722656,169079900,49.599717299465276,266.9622757848894,307.8121919994347,-24.401616010869674,-29.99619026717488,21423536600
2025-03-25,288.1400146484375,288.20001220703125,271.2799987792969,283.6000061035156,150361500,52.4383521956575,268.97920329570354,307.04073406410146,-19.83493606350089,-27.963939426440085,21573898100
2025-03-26,272.05999755859375,284.8999938964844,266.510009765625,282.6600036621094,153629800,47.66980072155674,269.27261227312164,305.6689404756502,-17.313750162461588,-25.833901573644386,21420268300
2025-03-27,273.1300048828125,291.8500061035156,271.82000732421875,272.4800109863281,162572100,48.00860883743153,269.6399829978541,304.392903785735,-15.05579765957333,-23.678280790830176,21582840400
2025-03-28,263.54998779296875,276.1000061035156,260.57000732421875,275.5799865722656,123809400,45.187719450492956,269.0599834545317,302.7912208056265,-13.879388399126185,-21.718502312489377,21459031000
2025-03-31,259.1600036621094,260.55999755859375,243.36000061035156,249.30999755859375,134008900,43.914349094537314,268.11712823620576,301.0801926823513,-13.149728728028208,-20.004747595597145,21325022100
2025-04-01,268.4599914550781,277.45001220703125,259.25,263.79998779296875,146486900,47.302248511770486,268.14978187609836,299.8009691048112,-11.686324219004916,-18.341062920278702,21471509000
2025-04-02,282.760009765625,284.989990234375,251.27000427246094,254.60000610351562,212787800,52.09413306029436,269.54123215129135,299.132696189549,-9.265862539367447,-16.526022844096453,21684296800
2025-04-03,267.2799987792969,276.29998779296875,261.510009765625,265.2900085449219,136174300,47.10109767779876,269.32587659205376,297.8835708009117,-8.498768224721914,-14.920571920221546,21548122500
2025-04-04,239.42999267578125,261.0,236.0,255.3800048828125,181229400,39.7242581282132,266.47864955240874,295.59127361953404,-10.022569254556743,-13.940971387088586,21366893100
2025-04-07,233.2899932861328,252.0,214.25,223.77999877929688,183453800,38.3000724276494,263.31782514609677,293.1480861554791,-11.592013667937124,-13.471179843258295,21183439300
2025-04-08,221.86000061035156,250.44000244140625,217.8000030517578,245.0,171603500,35.731872061767135,259.36946090459725,290.352474957631,-13.601326926996194,-13.497209260005876,21011835800
2025-04-09,272.20001220703125,274.69000244140625,223.8800048828125,224.69000244140625,219433400,51.239611842626985,260.5914181714957,289.64061367329373,-11.004846909407064,-12.998736789886115,21231269200
2025-04-10,252.39999389648438,262.489990234375,239.3300018310547,260.0,181722600,46.48810198528465,259.81128252625655,288.18019721145805,-10.424644972713821,-12.483918426451657,21049546600
2025-04-11,252.30999755859375,257.739990234375,241.36000061035156,251.83999633789062,128948100,46.46701014559369,259.0968744340982,286.7735227152673,-9.858450627925919,-11.958824866746511,20920598500
2025-04-14,252.35000610351562,261.79998779296875,245.92999267578125,258.3599853515625,100135200,46.47863566658855,258.4543155454713,285.42358088735546,-9.299312489503734,-11.426922391297957,21020733700
2025-04-15,254.11000061035156,258.75,247.5399932861328,249.91000366210938,79594300,47.02366027618478,258.0405712659361,284.1955973470808,-8.614867805129023,-10.864511474064171,21100328000
2025-04-16,241.5500030517578,251.97000122070312,233.88999938964844,247.61000061035156,112378700,43.6106002444106,256.47004095982385,282.52322110020543,-8.982383965291604,-10.488085972309658,20987949300
2025-04-17,241.3699951171875,244.33999633789062,237.67999267578125,243.47000122070312,83404800,43.5618002140723,255.03194135576325,280.9093691008714,-9.182320234099308,-10.226932824667589,20904544500
2025-04-21,227.5,232.2100067138672,222.7899932861328,230.25999450683594,97768000,39.86061073399882,252.4098517028334,278.81488403809215,-10.340761989845674,-10.249698657703206,20806776500
2025-04-22,237.97000122070312,242.7899932861328,229.85000610351562,230.9600067138672,120858500,43.746079337877255,251.03462784739241,277.2131239276063,-10.295315837968701,-10.258822093756306,20927635000
2025-04-23,250.74000549316406,259.45001220703125,244.42999267578125,254.86000061035156,150381900,48.14647445298413,251.00656857556115,276.1749624203733,-9.123694542393338,-10.031796583483713,21078016900
2025-04-24,259.510009765625,259.5400085449219,249.1999969482422,250.5,94464200,50.98233544463705,251.81642011747198,275.52143486528513,-7.402182422502449,-9.50587375128746,21172481100
2025-04-25,284.95001220703125,286.8500061035156,259.6300048828125,261.69000244140625,167560700,58.1348862562845,254.97200031647762,275.891182996334,-3.939662106207919,-8.392631422271553,21340041800
2025-04-28,285.8800048828125,294.8599853515625,272.4200134277344,288.9800109863281,151731800,58.37400850729763,257.9156197989857,276.2829015016861,-1.1077774044196076,-6.935660618701164,21491773600
2025-04-29,292.0299987792969,293.32000732421875,279.4700012207031,285.5,108906600,60.00104106226624,261.16460827330104,276.9004347282591,1.6141577286602455,-5.225696949228882,21600680200
2025-04-30,282.1600036621094,284.45001220703125,270.7799987792969,279.8999938964844,128961100,56.204159537739145,263.1641697389018,277.10669233350814,2.9409829919111417,-3.5923609610008778,21471719100
2025-05-01,280.5199890136719,290.8699951171875,279.80999755859375,280.010009765625,99659000,55.574853269548115,264.81710490792756,277.2405471052793,3.816175599518317,-2.110653648897039,21372060100
2025-05-02,287.2099914550781,294.7799987792969,279.80999755859375,284.8999938964844,114454700,57.65758099130191,266.94976076956095,277.6315057072322,4.992054041265533,-0.6901121108645246,21486514800
2025-05-05,280.260009765625,284.8500061035156,274.3999938964844,284.57000732421875,94618900,54.78415093972218,268.21740353109084,277.7345842977574,5.302022326196379,0.5083147765476562,21391895900
2025-05-06,275.3500061035156,277.7300109863281,271.3500061035156,273.1099853515625,76715800,52.78281675584655,268.8966990141789,277.641071427395,5.09277186041902,1.425206193321929,21315180100
2025-05-07,276.2200012207031,277.9200134277344,271.0,276.8800048828125,71592600,53.10968109904695,269.5941563671812,277.5853431839953,4.940193221532411,2.1282035989640256,21386772700
2025-05-08,284.82000732421875,289.79998779296875,279.4100036621094,279.6300048828125,97539400,56.32805593765033,271.0442374107086,277.8690555032197,5.450393427567974,2.7926415646848155,21484312100
2025-05-09,298.260009765625,307.0400085449219,290.0,290.2099914550781,132387800,60.85042275716172,273.6362157302244,278.6687007684121,6.860147135000716,3.6061426787479958,21616699900
2025-05-12,318.3800048828125,322.2099914550781,311.5,321.989990234375,112826700,66.45125700687068,277.89752898285184,280.2260068121141,9.491490566012772,4.783212256200951,21729526600
2025-05-13,334.07000732421875,337.5899963378906,316.79998779296875,320.0,136992600,70.04964095190934,283.24728882488677,282.3375362439614,12.696543413943402,6.365878487749442,21866519200
2025-05-14,347.67999267578125,350.0,337.0,342.5,136997300,72.77725256976039,289.38373681068623,284.8999855157975,16.14863158878353,8.32242910795626,22003516500
2025-05-15,342.82000732421875,346.1400146484375,334.7200012207031,340.3399963378906,97882600,70.31468300574994,294.47290543102264,287.17135892004933,18.28153794742218,10.314250875849446,21905633900
2025-05-16,349.9800109863281,351.6199951171875,342.3299865722656,346.239990234375,95895700,71.82715229899439,299.75929643628984,289.63444331480537,20.315450196353765,12.31449073995031,22001529600
2025-05-19,342.0899963378906,343.0,333.3699951171875,336.29998779296875,88869900,67.73184024994723,303.7907916650137,291.6915238255146,21.04805320921571,14.06120323380339,21912659700
2025-05-20,343.82000732421875,354.989990234375,341.6300048828125,347.8699951171875,131715500,68.16050741961294,307.6030979182714,293.7357780803657,21.520172648866264,15.552997116815966,22044375200
2025-05-21,334.6199951171875,347.3500061035156,332.20001220703125,344.42999267578125,102354800,63.34148969056634,310.1761357467396,295.3390807092607,20.910918556306626,16.6245814047141,21942020400
2025-05-22,341.0400085449219,347.2699890136719,331.3900146484375,331.8999938964844,97113400,65.1909705447257,313.11555220370934,297.131273957718,20.707419485928995,17.44114902095708,22039133800
2025-05-23,339.3399963378906,343.17999267578125,333.2099914550781,337.9200134277344,84654800,64.26635858427778,315.6131183117266,298.78651797262677,20.176387394491826,17.98819669566403,21954479000
2025-05-27,362.8900146484375,363.7900085449219,347.32000732421875,347.3500061035156,120146400,70.50683010414245,320.11567986760383,301.30038058736443,21.409040209227214,18.67236539837667,22074625400
2025-05-28,356.8999938964844,365.0,355.9100036621094,364.8399963378906,91404300,67.28798969225059,323.61894787035436,303.48075757987897,21.652979759542404,19.26848827060982,21983221100
2025-05-29,358.42999267578125,367.7099914550781,356.0,365.2900085449219,88545700,67.69368789195978,326.9342854708712,305.63562954442415,21.719394070422197,19.758669430572297,22071766800
2025-05-30,346.4599914550781,363.67999267578125,345.2900085449219,355.5199890136719,123474900,61.28942452438216,328.79387651698613,307.2365849134694,20.569041720081998,19.920743888474238,21948291900
2025-06-02,342.69000244140625,348.0199890136719,333.3299865722656,343.5,81873800,59.38387553134239,330.11731708121664,308.6269150126042,19.132623612940392,19.76311983336747,21866418100
2025-06-03,344.2699890136719,355.3999938964844,343.0400085449219,346.6000061035156,99324500,59.945931043918165,331.4651905985933,310.0246826204892,17.915228029201785,19.393541472534334,21965742600
2025-06-04,332.04998779296875,345.6000061035156,327.3299865722656,345.1000061035156,98912100,53.75057357535875,331.5208855694862,310.88842007823354,15.782451015456388,18.671323381118746,21866830500
2025-06-05,284.70001220703125,324.5498962402344,273.2099914550781,322.489990234375,278743770,37.55470592229331,327.0617547730619,309.8614236911276,10.15440885235654,16.967940475366305,21588086730
